:020000040802F0
:100000000000022065B4040889B903088FB9030809
:1000100095B903089BB90308A1B9030800000000C3
:1000200000000000000000000000000081F603084E
:10003000A7B9030800000000D1F8030839F9030844
:10004000B5B40408B5B40408B5B40408B5B40408DC
:10005000B5B90308B5B40408D5B90308E3B9030872
:10006000F1B90308FFB903080DBA030875BA03080C
:1000700089BA030899BA0308ADBA0308C1BA0308DC
:10008000D5BA0308E9BA030895BB0308A9BB03085E
:10009000BDBB0308D1BB0308E5BB03081BBA0308BB
:1000A00039BD03084DBD030879BD0308B5B4040884
:1000B000C1BC0308D5BC0308E9BC030849BC03085C
:1000C000B5B404085DBC0308B5B4040885BC0308D6
:1000D00099BC0308B5B40408B5B40408B5B4040861
:1000E00045BA0308B5B40408B5B404088DBD0308C7
:1000F000A1BD0308CDBD0308B5B40408FDBA0308CB
:10010000B5B40408B5B40408FDBC0308ADBC0308CD
:10011000B5B40408B5B4040811BD030825BD03082F
:1001200011BB030825BB030833BB030841BB03080D
:1001300055BB0308B5B40408B5B40408F9BB0308FB
:100140000DBC030821BC030835BC0308C1B9030872
:1001500069BB030877BB030885BB0308B5B4040873
:1001600071BC0308B5B40408B5B40408B5B40408F8
:10017000B5B40408B5B40408B5B404080000000020
:08018000B5B40408B5B404088D
:1001900010B5054C237833B9044B13B10448AFF3C1
:1001A00000800123237010BD5C07002000000000C8
:1001B000E4C3040808B5034B1BB103490348AFF37C
:1001C000008008BD0000000060070020E4C30408B0
:1001D00081F0004102E000BF83F0004330B54FEAF8
:1001E00041044FEA430594EA050F08BF90EA020F65
:1001F0001FBF54EA000C55EA020C7FEA645C7FEAF8
:10020000655C00F0E2804FEA5454D4EB5555B8BF1A
:100210006D420CDD2C4480EA020281EA030382EA8B
:10022000000083EA010180EA020281EA0303362D1D
:1002300088BF30BD11F0004F4FEA01314FF4801CF0
:100240004CEA113102D0404261EB410113F0004F02
:100250004FEA03334CEA133302D0524263EB4303B9
:1002600094EA050F00F0A780A4F10104D5F1200E57
:100270000DDB02FA0EFC22FA05F2801841F10001B2
:1002800003FA0EF2801843FA05F359410EE0A5F186
:1002900020050EF1200E012A03FA0EFC28BF4CF0B7
:1002A000020C43FA05F3C01851EBE37101F000456D
:1002B00007D54FF0000EDCF1000C7EEB00006EEB7A
:1002C0000101B1F5801F1BD3B1F5001F0CD3490804
:1002D0005FEA30004FEA3C0C04F101044FEA44525B
:1002E00012F5800F80F09A80BCF1004F08BF5FEAE2
:1002F000500C50F1000041EB045141EA050130BDC2
:100300005FEA4C0C404141EB0101013C28BFB1F5D3
:10031000801FE9D291F0000F04BF01460020B1FA1E
:1003200081F308BF2033A3F10B03B3F120020CDAF1
:100330000C3208DD02F1140CC2F10C0201FA0CF0CF
:1003400021FA02F10CE002F11402D8BFC2F1200C34
:1003500001FA02F120FA0CFCDCBF41EA0C019040EA
:10036000E41AA2BF01EB0451294330BD6FEA040433
:100370001F3C1CDA0C340EDC04F11404C4F120021E
:1003800020FA04F001FA02F340EA030021FA04F330
:1003900045EA030130BDC4F10C04C4F1200220FA87
:1003A00002F001FA04F340EA0300294630BD21FAC5
:1003B00004F0294630BD94F0000F83F4801306BF8B
:1003C00081F480110134013D4EE77FEA645C18BF7F
:1003D0007FEA655C29D094EA050F08BF90EA020F16
:1003E00005D054EA000C04BF1946104630BD91EA0E
:1003F000030F1EBF0021002030BD5FEA545C05D111
:100400004000494128BF41F0004130BD14F580044F
:100410003CBF01F5801130BD01F0004545F0FE41C3
:1004200041F470014FF0000030BD7FEA645C1ABFF8
:10043000194610467FEA655C1CBF0B46024650EA2F
:10044000013406BF52EA033591EA030F41F400215B
:1004500030BD00BF90F0000F04BF0021704730B5E1
:100460004FF4806404F132044FF000054FF00001B6
:1004700050E700BF90F0000F04BF0021704730B577
:100480004FF4806404F1320410F0004548BF40424C
:100490004FF000013EE700BF42004FEAE2014FEAA1
:1004A00031014FEA02701FBF12F07F4393F07F4F7C
:1004B00081F06051704732F07F4208BF704793F07F
:1004C0007F4F04BF41F40021704730B54FF4607492
:1004D00001F0004521F000411CE700BF50EA010295
:1004E00008BF704730B54FF000050AE050EA01023E
:1004F00008BF704730B511F0004502D5404261EBAE
:1005000041014FF4806404F132045FEA915C3FF4EE
:10051000D8AE4FF003025FEADC0C18BF03325FEA8B
:10052000DC0C18BF033202EBDC02C2F1200300FA3C
:1005300003FC20FA02F001FA03FE40EA0E0021FA61
:1005400002F11444BDE600BF70B54FF0FF0C4CF44F
:10055000E06C1CEA11541DBF1CEA135594EA0C0F01
:1005600095EA0C0F00F0DEF82C4481EA030621EA3C
:100570004C5123EA4C5350EA013518BF52EA033577
:1005800041F4801143F4801338D0A0FB02CE4FF029
:100590000005E1FB02E506F00042E0FB03E54FF059
:1005A0000006E1FB03569CF0000F18BF4EF0010E51
:1005B000A4F1FF04B6F5007F64F5407404D25FEA4D
:1005C0004E0E6D4146EB060642EAC62141EA555100
:1005D0004FEAC52040EA5E504FEACE2EB4F1FD0C42
:1005E00088BFBCF5E06F1ED8BEF1004F08BF5FEAC0
:1005F000500E50F1000041EB045170BD06F0004672
:1006000046EA010140EA020081EA0301B4EB5C041E
:10061000C2BFD4EB0C0541EA045170BD41F4801116
:100620004FF0000E013C00F3AB8014F1360FDEBF3B
:10063000002001F0004170BDC4F10004203C35DA17
:100640000C341BDC04F11404C4F1200500FA05F39A
:1006500020FA04F001FA05F240EA020001F000423B
:1006600021F0004110EBD37021FA04F642EB0601B1
:100670005EEA430E08BF20EAD37070BDC4F10C04DB
:10068000C4F1200500FA04F320FA05F001FA04F29F
:1006900040EA020001F0004110EBD37041F100018B
:1006A0005EEA430E08BF20EAD37070BDC4F1200596
:1006B00000FA05F24EEA020E20FA04F301FA05F2FE
:1006C00043EA020321FA04F001F0004121FA04F2A6
:1006D00020EA020000EBD3705EEA430E08BF20EA76
:1006E000D37070BD94F0000F0FD101F000464000B0
:1006F00041EB010111F4801F08BF013CF7D041EA32
:10070000060195F0000F18BF704703F00046520035
:1007100043EB030313F4801F08BF013DF7D043EA06
:100720000603704794EA0C0F0CEA135518BF95EABC
:100730000C0F0CD050EA410618BF52EA4306D1D143
:1007400081EA030101F000414FF0000070BD50EA62
:10075000410606BF1046194652EA430619D094EAEC
:100760000C0F02D150EA013613D195EA0C0F05D1D6
:1007700052EA03361CBF104619460AD181EA03012A
:1007800001F0004141F0FE4141F470014FF00000E2
:1007900070BD41F0FE4141F4780170BD70B54FF07D
:1007A000FF0C4CF4E06C1CEA11541DBF1CEA1355FD
:1007B00094EA0C0F95EA0C0F00F0A7F8A4EB0504DF
:1007C00081EA030E52EA03354FEA013100F08880D6
:1007D0004FEA03334FF0805545EA131343EA12639F
:1007E0004FEA022245EA111545EA10654FEA002654
:1007F0000EF000419D4208BF964244F1FD0404F50D
:10080000407402D25B084FEA3202B61A65EB030568
:100810005B084FEA32024FF480104FF4002CB6EB25
:10082000020E75EB030E22BFB61A754640EA0C00A5
:100830005B084FEA3202B6EB020E75EB030E22BFE5
:10084000B61A754640EA5C005B084FEA3202B6EB26
:10085000020E75EB030E22BFB61A754640EA9C00E5
:100860005B084FEA3202B6EB020E75EB030E22BFB5
:10087000B61A754640EADC0055EA060E18D04FEA73
:10088000051545EA16754FEA06164FEAC30343EA13
:1008900052734FEAC2025FEA1C1CC0D111F4801FE0
:1008A0000BD141EA00014FF000004FF0004CB6E7D9
:1008B00011F4801F04BF01430020B4F1FD0C88BF78
:1008C000BCF5E06F3FF6AFAEB5EB030C04BFB6EB83
:1008D000020C5FEA500C50F1000041EB045170BD76
:1008E0000EF0004E4EEA113114EB5C04C2BFD4EBA3
:1008F0000C0541EA045170BD41F480114FF0000E27
:10090000013C90E645EA060E8DE60CEA135594EAA2
:100910000C0F08BF95EA0C0F3FF43BAF94EA0C0FA5
:100920000AD150EA01347FF434AF95EA0C0F7FF41A
:1009300025AF104619462CE795EA0C0F06D152EA6E
:1009400003353FF4FDAE1046194622E750EA410652
:1009500018BF52EA43067FF4C5AE50EA41047FF463
:100960000DAF52EA43057FF4EBAE12E74FF0FF3CC8
:1009700006E000BF4FF0010C02E000BF4FF0010C99
:100980004DF804CD4FEA410C7FEA6C5C4FEA430C12
:1009900018BF7FEA6C5C1BD001B050EA410C0CBF61
:1009A00052EA430C91EA030F02BF90EA020F0020C3
:1009B000704710F1000F91EA030F58BF994208BF2A
:1009C00090422CBFD8176FEAE37040F001007047E7
:1009D0004FEA410C7FEA6C5C02D150EA013C07D13E
:1009E0004FEA430C7FEA6C5CD6D152EA033CD3D089
:1009F0005DF8040B704700BF8446104662468C4683
:100A00001946634600E000BF01B5FFF7B7FF0028B5
:100A100048BF10F1000F01BD4DF808EDFFF7F4FFDE
:100A20000CBF012000205DF808FB00BF4DF808ED69
:100A3000FFF7EAFF34BF012000205DF808FB00BF8C
:100A40004DF808EDFFF7E0FF94BF012000205DF8AE
:100A500008FB00BF4DF808EDFFF7CEFF94BF012063
:100A600000205DF808FB00BF4DF808EDFFF7C4FF5C
:100A700034BF012000205DF808FB00BF4FEA410CA5
:100A80007FEA6C5C02D150EA013C0AD14FEA430C88
:100A90007FEA6C5C02D152EA033C02D14FF00000C5
:100AA00070474FF0010070474FEA410212F5001203
:100AB00015D211D56FF47873B3EB625212D94FEAA5
:100AC000C12343F0004343EA505311F0004F23FA8F
:100AD00002F018BF404270474FF00000704750EAE4
:100AE000013005D111F0004008BF6FF000407047A1
:100AF0004FF00000704700BF4A0011D212F50012FB
:100B000011D20DD56FF47873B3EB62520ED44FEA65
:100B1000C12343F0004343EA505323FA02F07047E5
:100B20004FF00000704750EA013002D14FF0FF3023
:100B300070474FF0000070474FEA4102B2F1E043C6
:100B400024BFB3F5001CDCF1FE5C0DD901F0004CB4
:100B50004FEAC0024CEA5070B2F1004F40EB830004
:100B600008BF20F00100704711F0804F21D113F130
:100B70003872BCBF01F00040704741F480114FEA69
:100B80005252C2F11802C2F1200C10FA0CF320FAF2
:100B900002F018BF40F001004FEAC1234FEAD3230F
:100BA00003FA0CFC40EA0C0023FA02F34FEA430379
:100BB000CCE77FEA625307D150EA01331EBF4FF002
:100BC000FE4040F44000704701F0004040F0FE401D
:100BD00040F40000704700BF53B94AB9002908BF6C
:100BE00000281CBF4FF0FF314FF0FF3000F074B908
:100BF000ADF1080C6DE904CE00F006F8DDF804E074
:100C0000DDE9022304B070472DE9F047089D044652
:100C10008E46002B4DD18A42944669D9B2FA82F2AF
:100C200052B101FA02F3C2F1200120FA01F10CFAEB
:100C300002FC41EA030E94404FEA1C48210CBEFB23
:100C4000F8F61FFA8CF708FB16E341EA034306FBAC
:100C500007F199420AD91CEB030306F1FF3080F03B
:100C60001F81994240F21C81023E63445B1AA4B288
:100C7000B3FBF8F008FB103344EA034400FB07F72A
:100C8000A7420AD91CEB040400F1FF3380F00A816B
:100C9000A74240F207816444023840EA0640E41B60
:100CA00000261DB1D4400023C5E900433146BDE80C
:100CB000F0878B4209D9002D00F0EF800026C5E9AE
:100CC000000130463146BDE8F087B3FA83F6002EC6
:100CD0004AD18B4202D3824200F2F980841A61EB3E
:100CE000030301209E46002DE0D0C5E9004EDDE75C
:100CF00002B9FFDEB2FA82F2002A40F09280A1EB44
:100D00000C014FEA1C471FFA8CFE0126200CB1FB98
:100D1000F7F307FB131140EA01410EFB03F0884291
:100D200008D91CEB010103F1FF3802D2884200F21E
:100D3000CB804346091AA4B2B1FBF7F007FB1011B0
:100D400044EA01440EFB00FEA64508D91CEB04044E
:100D500000F1FF3102D2A64500F2BB800846A4EBA9
:100D60000E0440EA03409CE7C6F12007B34022FA94
:100D700007FC4CEA030C20FA07F401FA06F31C43C3
:100D8000F9404FEA1C4900FA06F3B1FBF9F8200CD0
:100D90001FFA8CFE09FB181140EA014108FB0EF016
:100DA000884202FA06F20BD91CEB010108F1FF3A66
:100DB00080F08880884240F28580A8F10208614472
:100DC000091AA4B2B1FBF9F009FB101144EA014180
:100DD00000FB0EFE8E4508D91CEB010100F1FF342B
:100DE0006CD28E456AD90238614440EA0840A0FBC3
:100DF0000294A1EB0E01A142C846A64656D353D099
:100E00005DB1B3EB080261EB0E0101FA07F722FABC
:100E100006F3F1401F43C5E9007100263146BDE8E5
:100E2000F087C2F12003D8400CFA02FC21FA03F348
:100E3000914001434FEA1C471FFA8CFEB3FBF7F0C9
:100E400007FB10360B0C43EA064300FB0EF69E42EE
:100E500004FA02F408D91CEB030300F1FF382FD287
:100E60009E422DD9023863449B1B89B2B3FBF7F62F
:100E700007FB163341EA034106FB0EF38B4208D908
:100E80001CEB010106F1FF3816D28B4214D9023E49
:100E90006144C91A46EA004638E72E46284605E767
:100EA0000646E3E61846F8E64B45A9D2B9EB020838
:100EB00064EB0C0E0138A3E74646EAE7204694E7C8
:100EC0004046D1E7D0467BE7023B614432E73046FB
:100ED00009E76444023842E7704700BF10F8012B6D
:100EE00011F8013B012A28BF9A42F7D0D01A704767
:100EF000034613F8012B002AFBD1181A013870475A
:100F000001F0FF01102A2BDB10F0070F08D010F8BA
:100F1000013B013A8B422DD010F0070F42B3F6D1BE
:100F2000F0B441EA012141EA014122F007047FF0D7
:100F300000070023F0E80256083C85EA010586EA2E
:100F4000010685FA47F5A3FA87F586FA47F6A5FA6A
:100F500087F68EB9EED1F0BC01F0FF0102F0070276
:100F600032B110F8013B013A83EA010313B1F8D121
:100F70000020704701387047002D06BF3546033802
:100F8000073815F0010F07D1013015F4807F02BF3B
:100F9000013015F4C03F0130F0BC0138704700BF8C
:100FA00080B582B000AF786039607B681B68DA6812
:100FB0007B681B6822F00102DA607B681B680022F4
:100FC0003968184628F06AFD7B681B682E4A9342F0
:100FD00004D07B681B682D4A934201D1012300E0B5
:100FE0000023002B17D07B681B681A6A41F211138B
:100FF0001340002B0FD17B681B681A6A40F24443F0
:101000001340002B07D17B681B685A6C7B681B68F8
:1010100022F400425A647B681B681A6A41F2111379
:101020001340002B0FD17B681B681A6A40F24443BF
:101030001340002B07D17B681B681A687B681B680C
:1010400022F001021A603B68002B04D17B68012268
:1010500083F83E2013E03B68042B04D17B68012217
:1010600083F83F200BE03B68082B04D17B6801220A
:1010700083F8402003E07B68012283F841200023AD
:1010800018460837BD4680BD0000014000040140FD
:1010900080B582B000AF78607B681B68044A9342D9
:1010A00001D102F08FFA00BF0837BD4680BD00BFF6
:1010B0000064004080B582B000AF0346FB80FB882F
:1010C000B3F5806F1BD0B3F5806F1BDC402B13D0C2
:1010D000402B17DC102B06D0102B13DC012B05D076
:1010E000022B06D00EE019F053FB0BE019F068FB61
:1010F00008E019F065FB05E019F06EFB02E018F05E
:101100002BF800BF00BF0837BD4680BD80B483B058
:1011100000AF786000BF0C37BD465DF8047B7047B8
:1011200080B500AF0022054905481BF036F9054996
:1011300003481BF050F90023184680BD802F002083
:10114000803700208027002080B400AF002318469D
:10115000BD465DF8047B704780B483B000AF0346A2
:101160003960FB711346BB80FB79232B4AD801A25F
:1011700052F823F0051202080512020805120208AF
:1011800005120208051202080512020805120208DB
:1011900005120208051202080512020805120208CB
:1011A00005120208051202080512020805120208BB
:1011B00005120208051202080512020805120208AB
:1011C000051202080512020805120208051202089B
:1011D000051202080512020805120208051202088B
:1011E000051202080512020805120208051202087B
:1011F000051202080512020805120208051202086B
:101200000512020800BF002318460C37BD465DF8E2
:10121000047B704780B584B000AF786039600F4BB5
:10122000D3F8BC32FB60FB68D3F80C32002B09D03A
:10123000FB68D3F80412FB68D3F80C321A4608484E
:1012400001F0C8FE796805481BF0C5F803481BF09B
:101250000BF9002318461037BD4680BD80370020AB
:101260007807002080B586B000AFF860B9601346FB
:10127000FB710023FB75124BD3F8BC323B613B6919
:10128000D3F808123B6903F504731A460D4801F0C0
:10129000FDFE0346002B0CD13B69D3F808123B69D5
:1012A000D3F810321A4606481BF077F804481BF0B2
:1012B000ABF897F9173018461837BD4680BD00BF08
:1012C000803700207C17002080B5A2B000AF1E4BF5
:1012D000D3F8BC32C7F88430D7F88430D3F814324E
:1012E000002B2BD1184B93F89C32DBB2032B06D08A
:1012F0003A463B1D1946154801F0C8FE21E0D7F8D3
:101300008430D3F80812D7F8843003F504731A46F2
:101310000E4801F0BBFE0346002B11D1D7F88430F4
:10132000D3F80812D7F88430D3F810321A4606489A
:101330001BF033F804481BF067F802E000BF00E040
:1013400000BF8837BD4680BD803700207C17002055
:1013500080B500AF0022124912481BF0AFF80346D7
:10136000002B01D019F05EFD0F490E481BF0D6F896
:101370000346002B01D019F055FD0C4909481AF01D
:10138000F7FF0346002B01D019F04CFD05481BF078
:10139000ECF80346002B01D019F044FD00BF80BDDE
:1013A000A0060020803700209805002000040020BF
:1013B00080B588B000AF786007F10C0300221A6096
:1013C0005A609A60DA601A614FF48073FB601223EE
:1013D0003B6100237B610023BB610423FB6107F1B8
:1013E0000C0319464C4821F00DFF4FF40073FB60CD
:1013F00012233B6100237B610023BB610423FB615B
:1014000007F10C031946454821F0FCFE0023BB60A0
:10141000434B1B6C424A43F400031364404B1B6C68
:1014200003F40003BB60BB68002205210D2020F0FF
:1014300040FF0D2020F059FF3A4B3B4A1A60394BD0
:101440004FF0C0625A60374B00229A60354B002241
:10145000DA60344B4FF480621A61324B00225A61D9
:10146000304B00229A612F4B0022DA612D4B002273
:101470001A622C4B00225A622A4820F057FF03467A
:10148000002B01D019F0CEFC7B68264A9A63254ACE
:101490007B689363002205210F2020F00AFF0F20B4
:1014A00020F023FF214B224A1A60204B4FF0C062EC
:1014B0005A601E4B40229A601C4B0022DA601B4B84
:1014C0004FF480621A61194B00225A61174B0022B7
:1014D0009A61164B0022DA61144B00221A62134BF8
:1014E00000225A62114820F021FF0346002B01D050
:1014F00019F098FC7B680D4A5A630C4A7B68936329
:1015000000220521482020F0D4FE482020F0EDFEE6
:1015100000BF2037BD4680BD0000024000080240E9
:10152000003802404861002040600240A86100206D
:101530007060024080B582B000AF7860104B1B6CC9
:101540000F4A23F4000313644FF480710D4821F017
:10155000F5FF4FF400710C4821F0F0FF7B689B6BA6
:10156000184620F091FF7B685B6B184620F08CFFDB
:10157000482020F0C8FE00BF0837BD4680BD00BF30
:1015800000380240000002400008024080B586B0EA
:1015900000AF3B1D00221A605A609A60DA601A613F
:1015A00001224FF48061204822F0C4F84FF4806398
:1015B0007B600123BB600023FB6000233B613B1D7C
:1015C0001946194821F01EFE184B194A1A60174B8C
:1015D000184A5A60154B00229A60144B0022DA60B8
:1015E000124B4FF480421A61104B00225A610F4B8C
:1015F00000229A610D4B0022DA610C4B00221A6224
:101600000A4B0D4ADA67094B0C4AC3F88020074899
:1016100022F0C2F80346002B01D019F003FC00238E
:1016200018461837BD4680BD00000240A45F002068
:10163000005C0040801A0600B1130208351502084C
:1016400080B584B002AF78607B689B68202B01D99D
:10165000012325E000224FF48061134822F06AF84C
:101660007B6819887B685B687A68926892B201929D
:10167000009302230A46A0210C4822F0BFFA00BFC3
:101680000A4822F08CFF0346202BF9D101224FF4A7
:101690008061054822F04EF805201FF02DF8002348
:1016A00018460837BD4680BD00000240A45F0020F8
:1016B00080B584B002AF78607B6819887B685B680E
:1016C0007A68926892B20192009302230A46A0219E
:1016D000074822F0F7FB00BF054822F060FF0346F1
:1016E000202BF9D1002318460837BD4680BD00BF26
:1016F000A45F002080B588B000AF786007F10C03CC
:1017000000221A605A609A60DA601A614023FB6016
:1017100012233B6100237B610023BB610423FB6137
:1017200007F10C0319464C4821F06CFD8023FB6047
:1017300012233B6100237B610023BB610423FB6117
:1017400007F10C031946444821F05CFD0023BB60FF
:10175000424B1B6C414A43F4001313643F4B1B6C18
:1017600003F40013BB60BB6800220521102020F0A9
:10177000A0FD102020F0B9FD394B3A4A1A60384BD1
:101780004FF000725A60364B00229A60344B0022B0
:10179000DA60334B4FF480621A61314B00225A6198
:1017A0002F4B00229A612E4B0022DA612C4B002233
:1017B0001A622B4B00225A62294820F0B7FD0346DB
:1017C000002B01D019F02EFB7B68254A9A63244A2E
:1017D0007B68936300220521112020F06AFD11200F
:1017E00020F083FD204B214A1A601F4B4FF00072FE
:1017F0005A601D4B40229A601B4B0022DA601A4B44
:101800004FF480621A61184B00225A61164B002275
:101810009A61154B0022DA61134B00221A62124BB7
:1018200000225A62104820F081FD0346002B01D0AF
:1018300019F0F8FA7B680C4A5A630B4A7B68936389
:10184000002205211F2020F034FD1F2020F04DFD37
:1018500000BF2037BD4680BD000402400038024072
:10186000286000208860024088600020A06002405C
:1018700080B582B000AF78600F4B1B6C0E4A23F42A
:101880000013136440210D4821F058FE80210B48BD
:1018900021F054FE7B689B6B184620F0F5FD7B68B9
:1018A0005B6B184620F0F0FD1F2020F02CFD00BFE0
:1018B0000837BD4680BD00BF00380240000402402A
:1018C00080B586B000AF3B1D00221A605A609A6056
:1018D000DA601A6101237B604FF48813BB60002338
:1018E000FB603B1D1946274821F08CFC02237B60DE
:1018F0004FF48813BB600023FB603B1D1946214851
:1019000021F080FC00220521062020F0D2FC0620D8
:1019100020F0EBFC00220521072020F0CAFC072064
:1019200020F0E3FC184B194A1A60174B184A5A600A
:10193000154B00229A60144B0022DA60124B4FF4D0
:1019400080421A61104B00225A610F4B00229A61AB
:101950000D4B0022DA610C4B00221A620A4B0D4A31
:10196000DA67094B0C4AC3F88020074821F014FFBE
:101970000346002B01D019F055FA002318461837FA
:10198000BD4680BD000402409C5E00200054004023
:10199000801A0600F51602087118020880B586B094
:1019A00002AF78600023FB737B681B78022B0CD09E
:1019B000022B0DDC002B02D0012B03D008E000230A
:1019C000FB7305E08023FB7302E02023FB7300BF61
:1019D0000123019307F10F03009301230122D42176
:1019E000124822F00BF900BF104822F0D8FD034640
:1019F000202BF9D17B685B7899B27B685B687A6849
:101A0000127A92B20192009301230A46D421074828
:101A100022F0F4F800BF054822F0C1FD0346202B58
:101A2000F9D1002318461037BD4680BD9C5E0020CA
:101A300080B586B002AF78600023FB737B681B78AB
:101A4000022B0CD0022B0DDC002B02D0012B03D07B
:101A500008E00023FB7305E08023FB7302E02023F2
:101A6000FB7300BF0123019307F10F0300930123D0
:101A70000122D421124822F0C1F800BF104822F000
:101A80008EFD0346202BF9D17B685B7899B27B6889
:101A90005B687A68127A92B20192009301230A4637
:101AA000D421074822F00EFA00BF054822F077FD46
:101AB0000346202BF9D1002318461037BD4680BDC0
:101AC0009C5E002080B586B000AF3B1D00221A60EE
:101AD0005A609A60DA601A6100224FF480611F48F0
:101AE00021F028FE00224FF480511C4821F022FEF4
:101AF00000224FF40051194821F01CFE4FF480637E
:101B00007B600123BB600023FB6000233B613B1D26
:101B10001946124821F076FB4FF480537B60012375
:101B2000BB600023FB6000233B613B1D19460B4853
:101B300021F068FB4FF400537B600123BB6000235E
:101B4000FB6000233B613B1D1946044821F05AFB12
:101B500000BF18461837BD4680BD00BF000C0240CC
:101B600080B584B000AF78600023FB817B681B7870
:101B7000FF2B03D1FB8943F40053FB817B685B7827
:101B8000FF2B03D1FB8943F48053FB817B689B7857
:101B9000FF2B03D1FB8943F48063FB8101224FF4C7
:101BA0005051074821F0C6FDFB8900221946044820
:101BB00021F0C0FD002318461037BD4680BD00BF90
:101BC000000C024080B588B000AF786007F10C03CC
:101BD00000221A605A609A60DA601A614FF48063DA
:101BE000FB6012233B6100237B610023BB61042364
:101BF000FB6107F10C031946314821F003FB4FF458
:101C00000063FB6012233B6100237B610023BB6107
:101C10000423FB6107F10C031946294821F0F2FA6D
:101C20000023BB60274B1B6C264A43F480031364DC
:101C3000244B1B6C03F48003BB60BB6800220521AE
:101C40000E2020F036FB0E2020F04FFB1E4B1F4ACB
:101C50001A601D4B4FF060625A601B4B00229A6065
:101C6000194B0022DA60184B4FF480621A61164B50
:101C700000225A61144B00229A61134B0022DA6150
:101C8000114B00221A62104B00225A620E4820F0BB
:101C90004DFB0346002B01D019F0C4F87B680A4ABB
:101CA0009A63094A7B68936300220521212020F072
:101CB00000FB212020F019FB00BF2037BD4680BD6E
:101CC0000004024000380240E860002058600240F2
:101CD00080B582B000AF78600D4B1B6C0C4A23F4CA
:101CE000800313644FF480610A4821F027FC4FF40D
:101CF0000061084821F022FC7B689B6B184620F0AD
:101D0000C3FB212020F0FFFA00BF0837BD4680BD8D
:101D1000003802400004024080B586B000AF3B1D91
:101D200000221A605A609A60DA601A6110237B60A0
:101D30004FF40413BB600123FB603B1D19461D4893
:101D400021F060FA002205210A2020F0B2FA0A20D0
:101D500020F0CBFA184B194A1A60174B184A5A60F0
:101D6000154B00229A60144B0022DA60124B4FF49C
:101D700080421A61104B00225A610F4B00229A6177
:101D80000D4B0022DA610C4B00221A620A4B0D4AFD
:101D9000DA67094B0C4AC3F88020074821F0FCFCA5
:101DA0000346002B01D019F03DF8002318461837E0
:101DB000BD4680BD00080240205F00200058004062
:101DC000A0860100C51B0208D11C020880B584B0A2
:101DD00002AF78607B681B7A022B01D9012317E0E0
:101DE0007B681B7899B27B685B687A68127A92B2DA
:101DF0000192009301230A463021074821F04CFE4E
:101E000000BF054822F0CBFB0346202BF9D100236D
:101E100018460837BD4680BD205F002080B584B0DD
:101E200002AF78607B681B7A022B01D9012317E08F
:101E30007B681B7899B27B685B687A68127A92B289
:101E40000192009301230A463021074822F03AF814
:101E500000BF054822F0A3FB0346202BF9D1002345
:101E600018460837BD4680BD205F002080B588B089
:101E700000AF786007F10C0300221A605A609A6084
:101E8000DA601A610023BB60584B1B6C574A43F45D
:101E900000431364554B1B6C03F40043BB60BB68E9
:101EA0000823FB6002233B6100237B610023BB61AD
:101EB0000623FB6107F10C0319464D4821F0A2F9F6
:101EC0001023FB6002233B6100237B610023BB6185
:101ED0000623FB6107F10C031946454821F092F9EE
:101EE0002023FB6002233B6100237B610023BB6155
:101EF0000623FB6107F10C0319463D4821F082F9E6
:101F0000002205210B2020F0D4F90B2020F0EDF960
:101F1000384B394A1A60374B00225A60354B002241
:101F20009A60344B0022DA60324B4FF480621A61BF
:101F3000304B00225A612F4B00229A612D4B002218
:101F4000DA612C4B00221A622A4B00225A6229487D
:101F500020F0ECF90346002B01D018F063FF7B68FA
:101F6000244ADA64234A7B689363002205212F20E8
:101F700020F09FF92F2020F0B8F9204B204A1A605A
:101F80001E4B00225A601D4B40229A601B4B0022C0
:101F9000DA601A4B4FF480621A61184B00225A61C2
:101FA000164B00229A61154B0022DA61134B002276
:101FB0001A62124B00225A62104820F0B7F9034609
:101FC000002B01D018F02EFF7B680C4A9A640B4A54
:101FD0007B68936300220521332020F06AF93320C7
:101FE00020F083F900BF2037BD4680BD0038024095
:101FF000000402404864002010600240A8640020F1
:10200000B860024080B582B000AF7860114B1B6CA5
:10201000104A23F40043136408210F4821F08EFA7C
:1020200010210D4821F08AFA20210B4821F086FA70
:102030007B68DB6C184620F027FA7B689B6C18469F
:1020400020F022FA332020F05EF900BF0837BD46A9
:1020500080BD00BF003802400004024080B586B059
:1020600000AF3B1D00221A605A609A60DA601A6164
:1020700001224FF40041254821F05CFB4FF400435E
:102080007B600123BB600023FB6000233B613B1DA1
:1020900019461E4821F0B6F81D4B1E4A1A601C4B0B
:1020A0004FF482725A601A4B00229A60184B002239
:1020B000DA60174B00221A61154B01225A61144B4A
:1020C0004FF400729A61124B1022DA61104B002219
:1020D0001A620F4B00225A620D4B00229A620C4B7F
:1020E0000A22DA620A4B0C4A9A67094B0B4ADA67F2
:1020F000074825F015FF0346002B01D018F092FE8B
:10210000002318461837BD4680BD00BF00000240BE
:1021100008630020003C00406D1E020805200208F4
:1021200080B58CB000AF786000233B620023FB7762
:102130007B681B78BB777B681B7A7B777B685B7AD5
:102140003B77BB7F302B00F2BD8001A252F823F019
:10215000152202081D220208252202082D2202084B
:10216000352202083D220208452202084D220208BB
:10217000552202085D220208652202086D2202082B
:10218000752202087D220208852202088D2202089B
:10219000952202089D220208C5220208C5220208D3
:1021A000A5220208AD220208C5220208C5220208A3
:1021B000C5220208C5220208C5220208C52202085B
:1021C000C5220208C5220208C5220208C52202084B
:1021D000B5220208C5220208C5220208C52202084B
:1021E000C5220208C5220208C5220208C52202082B
:1021F000C5220208C5220208C5220208C52202081B
:10220000C5220208C5220208C5220208C52202080A
:10221000BD220208002387F82F3053E0002387F8FF
:102220002F304FE0002387F82F304BE0002387F852
:102230002F3047E0002387F82F3043E00A2387F848
:102240002F303FE00A2387F82F303BE00A2387F83E
:102250002F3037E00A2387F82F3033E00A2387F83E
:102260002F302FE00A2387F82F302BE00A2387F83E
:102270002F3027E00A2387F82F3023E00A2387F83E
:102280002F301FE00A2387F82F301BE00A2387F83E
:102290002F3017E00A2387F82F3013E00A2387F83E
:1022A0002F300FE0002387F82F300BE0002387F852
:1022B0002F3007E0002387F82F3003E0002387F852
:1022C0002F3000BFFB7FDB031AB297F82F30DB0201
:1022D0001BB213431AB27B7F9B021BB213431AB289
:1022E000BB7F1B011BB213431AB23B7F1BB21343CC
:1022F0001BB27B8300237B627B8B1B0A99B27B6AB8
:102300005A1C7A62C9B2774AD1547B6A5A1C7A62E3
:102310007A8BD1B2734AD1540023BB621CE07B6834
:102320005A68BB6A5B0013441B881B0A99B27B6A1C
:102330005A1C7A62C9B26B4AD1547B685A68BB6A2C
:102340005B00134419887B6A5A1C7A62C9B2654AD9
:10235000D154BB6A0133BB623B7FBA6A9A42DEDB6F
:1023600000224FF40041604821F0E4F9002000F021
:1023700047FB7B6A9BB25D4A5A495D4825F0BEFE29
:102380001EF0AEF9386210E01EF0AAF902463B6A70
:10239000D31A322B09D9564825F07EFE0346002B6E
:1023A00001D018F03FFD022398E0514826F0F8F8DC
:1023B0000346012BE8D1052000F0B7FE02237B6124
:1023C000012000F01DFB7B699BB2484A4549484803
:1023D00025F094FE1EF084F9386210E01EF080F9BA
:1023E00002463B6AD31A322B09D9414825F054FEE4
:1023F0000346002B01D018F015FD02236EE03C4887
:1024000026F0CEF80346012BE8D101224FF400411B
:10241000354821F08FF9002000F0F2FA334B1B7899
:102420001B021AB2314B5B781BB213431BB27B8287
:102430007B8A1B0B9BB2DBB203F00F037B747B8A9E
:102440001B0A9BB2DBB203F00F033B747B8AFB7366
:102450000023BB620BE0234ABB6A13441978254A68
:10246000BB6A13440A461A70BB6A0133BB62BA6A7C
:102470007B6A9A42EFDB0023BB620BE0BA6A7B6A9D
:1024800013441A49BA6A0A4411781A4AD154BB6AE9
:102490000133BB627B69023BBA6A9A42EEDB7B6A1C
:1024A000DAB27B69DBB21344DBB2013BDBB2194623
:1024B000104800F06BFA0346BB733B7C0E2B01D037
:1024C00004230BE0FA7BBB7B9A4201D0052305E095
:1024D0007B7C0F2B01D0032300E00023184630370C
:1024E000BD4680BD503A002000000240603A002006
:1024F00008630020703A002080B58CB000AF78608F
:1025000000237B62012387F823307B681B7887F8E0
:1025100022307B681B7A87F821307B685B7A87F8EA
:10252000203097F82230302B00F2008101A252F8BF
:1025300023F000BFF9250208072602081526020825
:1025400023260208312602083F2602084D260208EB
:102550005B260208692602087726020885260208FB
:1025600093260208A1260208AF260208BD2602080B
:10257000CB260208D9260208E72602082D270208E2
:102580002D270208F5260208032702082D27020836
:102590002D2702082D2702082D2702082D270208C3
:1025A0002D2702082D2702082D2702082D270208B3
:1025B0002D270208112702082D2702082D270208BF
:1025C0002D2702082D2702082D2702082D27020893
:1025D0002D2702082D2702082D2702082D27020883
:1025E0002D2702082D2702082D2702082D27020873
:1025F0002D2702081F270208002387F82F30012308
:1026000087F82E3092E0002387F82F30002387F8D8
:102610002E308BE0002387F82F30012387F82E30EF
:1026200084E0002387F82F30012387F82E307DE0E7
:10263000002387F82F30012387F82E3076E00A2315
:1026400087F82F30002387F82E306FE00A2387F8B1
:102650002F30002387F82E3068E00A2387F82F30C8
:10266000002387F82E3061E00A2387F82F300023FB
:1026700087F82E305AE00A2387F82F30002387F896
:102680002E3053E00A2387F82F30002387F82E30AE
:102690004CE00A2387F82F30002387F82E3045E0DE
:1026A0000A2387F82F30002387F82E303EE00A23D4
:1026B00087F82F30002387F82E3037E00A2387F879
:1026C0002F30002387F82E3030E00A2387F82F3090
:1026D000002387F82E3029E00A2387F82F300023C3
:1026E00087F82E3022E00A2387F82F30002387F85E
:1026F0002E301BE0002387F82F30002387F82E3080
:1027000014E0002387F82F30002387F82E300DE0E7
:10271000002387F82F30002387F82E3006E00023AF
:1027200087F82F30002387F82E3000BF97F823302A
:10273000DB031AB297F82F30DB021BB213431AB235
:1027400097F821309B021BB213431AB297F822303C
:102750001B011BB213431AB297F820301BB213436C
:102760001BB2FB830023BB61FB8B1B0A99B2BB69C5
:102770005A1CBA61C9B2804AD154BB695A1CBA61A9
:10278000FA8BD1B27C4AD15400224FF400417B48ED
:1027900020F0D0FF002000F033F9BB699BB2784AEB
:1027A0007549784825F0AAFC1DF09AFF786210E080
:1027B0001DF096FF02467B6AD31A322B09D9714865
:1027C00025F06AFC0346002B01D018F02BFB0223F6
:1027D000CEE06C4825F0E4FE0346012BE8D105204D
:1027E00000F0A3FC97F8203001335B007B610120EF
:1027F00000F006F97B699BB2614A5F49614825F0A8
:102800007DFC1DF06DFF786210E01DF069FF02464F
:102810007B6AD31A322B09D95A4825F03DFC03466E
:10282000002B01D018F0FEFA0223A1E0554825F054
:10283000B7FE0346012BE8D101224FF400414F4877
:1028400020F078FF002000F0DBF87B69023B4C4A67
:10285000D35C1B021AB27B69013B4949CB5C1BB2BA
:1028600013431BB27B827B8A1B0B9BB2DBB203F050
:102870000F037B747B8A1B0A9BB2DBB203F00F034E
:102880003B747B8AFB730023BB620BE03A4ABB6A52
:10289000134419783C4ABB6A13440A461A70BB6A4F
:1028A0000133BB62BA6ABB699A42EFDB0023BB62A9
:1028B0000BE0BA6ABB6913443149BA6A0A44117819
:1028C000314AD154BB6A0133BB627B69023BBA6AAD
:1028D0009A42EEDBBB69DAB27B69DBB21344DBB24E
:1028E000023BDBB21946284800F050F80346BB73A0
:1028F00097F82E30002B06D0214B1B785BB2002BB3
:1029000001DB062334E03B7C0E2B01D004232FE0B7
:10291000FA7BBB7B9A4201D0052329E07B7C0F2BFD
:1029200001D0032324E00023BB6217E0BB6A5B00F5
:10293000134AD35C1B021AB2BB6A5B000133104915
:10294000CB5C1BB2134319B27B685A68BB6A5B004D
:1029500013448AB21A80BB6A0133BB627B69023BB3
:10296000DA0F13445B101A46BB6A9342DEDB002386
:1029700018463037BD4680BD503A00200000024066
:10298000603A002008630020703A002080B487B0CD
:1029900000AF78600B46FB707B683B61FF23FB75E3
:1029A00021E03B695A1C3A611A78FB7D5340FB7564
:1029B0000023FB7311E097F91730002B07DAFB7D3A
:1029C0005B00FB75FB7D83F01D03FB7502E0FB7D67
:1029D0005B00FB75FB7B0133FB73FB7B072BEAD9A9
:1029E000FB78013BFB70FB78002BDAD1FB7DDB43EE
:1029F000DBB218461C37BD465DF8047B704700000B
:102A000080B588B000AF0346FB7107F10C030022CC
:102A10001A605A609A60DA601A61FB79002B1CD147
:102A20001023FB6000233B6100237B6107F10C0353
:102A300019461A4820F0E6FB2023FB6002233B6185
:102A400000237B610023BB610623FB6107F10C03BC
:102A50001946124820F0D6FB1BE02023FB60002320
:102A60003B6100237B6107F10C0319460B4820F002
:102A7000C9FB1023FB6002233B6100237B61002321
:102A8000BB610623FB6107F10C031946034820F0E4
:102A9000B9FB002318462037BD4680BD0004024024
:102AA00080B588B000AF786007F10C0300221A608F
:102AB0005A609A60DA601A610023BB60594B5B6C04
:102AC000584A43F480535364564B5B6C03F4805371
:102AD000BB60BB682023FB6002233B6100237B615A
:102AE0000023BB610523FB6107F10C0319464E4827
:102AF00020F088FB4023FB6002233B6100237B61C5
:102B00000023BB610523FB6107F10C03194646480E
:102B100020F078FB8023FB6002233B6100237B6174
:102B20000023BB610523FB6107F10C0319463E48F6
:102B300020F068FB0022052138201FF0BAFB382066
:102B40001FF0D3FB394B3A4A1A60384B4FF0C06242
:102B50005A60364B00229A60344B0022DA60334BC5
:102B60004FF480621A61314B00225A612F4B0022D0
:102B70009A612E4B0022DA612C4B00221A622B4BF9
:102B800000225A6229481FF0D1FB0346002B01D0D6
:102B900018F048F97B68254ADA64244A7B68936315
:102BA000002205213B201FF084FB3B201FF09DFBF2
:102BB000204B214A1A601F4B4FF0C0625A601D4BD8
:102BC00040229A601B4B0022DA601A4B4FF480625D
:102BD0001A61184B00225A61164B00229A61154B5C
:102BE0000022DA61134B00221A62124B00225A6251
:102BF00010481FF09BFB0346002B01D018F012F980
:102C00007B680C4A9A640B4A7B6893630022052117
:102C100023201FF04EFB23201FF067FB00BF20374F
:102C2000BD4680BD0038024000000240886300209D
:102C300010640240E86300205864024080B582B00E
:102C400000AF7860114B5B6C104A23F480535364DF
:102C500020210F4820F072FC40210D4820F06EFC2E
:102C600080210B4820F06AFC7B68DB6C18461FF063
:102C70000BFC7B689B6C18461FF006FC23201FF0A2
:102C800042FB00BF0837BD4680BD00BF0038024090
:102C90000000024080B586B000AF3B1D00221A60E4
:102CA0005A609A60DA601A6101224FF480415648F6
:102CB00020F040FD01224FF40041534820F03AFD3E
:102CC00001224FF40061514820F034FD00224FF4FE
:102CD00080714E4820F02EFD012210214C4820F03A
:102CE00029FD4FF480437B600123BB600023FB6020
:102CF00000233B613B1D1946434820F083FA4FF403
:102D000000437B600123BB600023FB6000233B6129
:102D10003B1D19463C4820F075FA4FF400637B6078
:102D20000123BB600023FB6000233B613B1D194670
:102D3000364820F067FA4FF480737B600123BB6054
:102D40000023FB6000233B613B1D19462F4820F008
:102D500059FA10237B600123BB600023FB60002332
:102D60003B613B1D19462A4820F04CFA4FF4806322
:102D70007B604FF48813BB600023FB603B1D19464A
:102D8000224820F03FFA0022052128201FF091FA66
:102D900028201FF0AAFA1F4B1F4A1A601D4B4FF440
:102DA00082725A601B4B00229A601A4B0022DA6032
:102DB000184B02221A61174B01225A61154B4FF42E
:102DC00000729A61134B2022DA61124B00221A62C0
:102DD000104B00225A620F4B00229A620D4B0A22BE
:102DE000DA620C4B0D4A9A670A4B0D4ADA670948BA
:102DF00025F096F80346002B01D018F013F80023B5
:102E000018461837BD4680BD000402400008024045
:102E1000000002400862002000300140A12A0208A0
:102E20003D2C020880B584B000AF78607B68002B31
:102E300001D1012341E005220021224828F0FEFCB7
:102E400005220021204828F0F9FC7B681B7863F0FC
:102E50007F03DAB21B4B1A700023FB600BE07B6828
:102E60005A68FB681A44FB6801331178154AD1543B
:102E7000FB680133FB60FB68032BF0DD00221021AF
:102E8000124820F057FC05230F4A0E49104825F040
:102E900035F90346FB72FB7A002B01D002230CE0CC
:102EA00000BF0B4825F07CFB0346012BF9D1012222
:102EB0001021064820F03EFC002318461037BD467E
:102EC00080BD00BF903A0020983A002000000240E8
:102ED0000862002080B584B000AF78607B68002B6A
:102EE00001D101236AE005220021364828F0A6FC22
:102EF00005220021344828F0A1FC7B681A78314B68
:102F00001A700023FB6007E0FB6801332D4A0021A3
:102F1000D154FB680133FB60FB68032BF4DD002216
:102F200010212A4820F006FC0523274A2549284875
:102F300025F0E4F80346FB72FB7A002B01D0022354
:102F40003CE000BF224825F02BFB0346012BF9D1C2
:102F5000012210211D4820F0EDFB002210211B480A
:102F600020F0E8FB0523184A1649194825F0C6F851
:102F70000346FB72FB7A002B01D002231EE000BF48
:102F8000134825F00DFB0346012BF9D10122102136
:102F90000E4820F0CFFB0023FB600BE0FB685A1CBF
:102FA0007B685968FB680B4407498A5C1A70FB68A8
:102FB0000133FB60FB68032BF0DD0023184610375C
:102FC000BD4680BD903A0020983A002000000240A3
:102FD0000862002090B486B000AFF860B9607A60F3
:102FE000FB6803F580535B7801335A4203F01F03FB
:102FF00002F01F0258BF5342FA6802F5805212785D
:10300000934201D101233CE07B68802B01D901234D
:1030100037E0FB6803F580535B787A68D1B2FA68D1
:10302000DB0113440A461A7000237B6113E07B69BD
:10303000BA681A44FB6803F580535B781C467B69C9
:1030400001331078F968E2010A44134402461A7009
:103050007B6901337B617B697A689A42E7D8FB68B8
:1030600003F580535B7801335A4203F01F0302F0EB
:103070001F0258BF5342DAB2FB6803F580535A70FF
:10308000002318461837BD4690BC704790B486B0F0
:1030900000AFF860B9607A60FB6803F580531A7876
:1030A000FB6803F580535B789A4201D1012337E036
:1030B000FB6803F580531B78FA68DB0113441B7827
:1030C0001A467B681A6000237B6112E0FB6803F5F7
:1030D00080531B781C467B695A1C7B69B9680B447A
:1030E000F868E10101440A4412781A707B690133DF
:1030F0007B617B681A687B699A42E7D8FB6803F5B5
:1031000080531B7801335A4203F01F0302F01F0261
:1031100058BF5342DAB2FB6803F580531A7000239C
:1031200018461837BD4690BC704780B485B000AFD4
:1031300078600023FB6002E0FB680133FB607A6883
:1031400013465B0013449B001344FA689A42F3DB76
:1031500000BF00BF1437BD465DF8047B7047000018
:1031600080B483B000AF4FF000533B6000237B601E
:1031700072B600BF00237B600FE07B689B0003F109
:10318000006303F5003319467B689B003A681344DB
:103190000A681A607B6801337B607B68612BECD91D
:1031A000094B1B68084A23F003031360064B1B6896
:1031B000054A43F00303136062B600BF00BF0C373B
:1031C000BD465DF8047B70470038014080B586B08D
:1031D00000AF3B1D00221A605A609A60DA601A61E3
:1031E00040237B604FF40413BB600123FB603B1D55
:1031F0001946074820F006F80022052117201FF085
:1032000058F817201FF071F800BF1837BD4680BD71
:103210000008024080B500AFFFF7D8FF0023184632
:1032200080BD000080B58AB000AF786007F114035C
:1032300000221A605A609A60DA601A6100233B61CA
:10324000274B1B6C264A43F000731364244B1B6C02
:1032500003F000733B613B6901237B610223BB6187
:103260000023FB6100233B6209237B6207F1140307
:1032700019461C481FF0C6FF02237B610223BB6175
:103280000023FB6100233B6209237B6207F11403E7
:10329000194614481FF0B6FF0022052113201FF025
:1032A00008F813201FF021F80022052114201FF038
:1032B00000F814201FF019F80022052115201EF037
:1032C000F8FF15201FF011F80022052116201EF02E
:1032D000F0FF16201FF009F800BF2837BD4680BD5B
:1032E00000380240000C024080B582B000AF786028
:1032F0000E4B1B6C0D4A23F00073136401210C4824
:1033000020F01CF902210A4820F018F913201EF0C1
:10331000FAFF14201EF0F7FF15201EF0F4FF162010
:103320001EF0F1FF00BF0837BD4680BD00380240E7
:10333000000C024080B586B000AF3B1D00221A6031
:103340005A609A60DA601A6100220121354820F043
:10335000F1F900220221334820F0ECF90022042187
:10336000304820F0E7F901237B600123BB60002394
:10337000FB6000233B613B1D19462A481FF042FFBA
:1033800002237B600123BB600023FB6000233B61C1
:103390003B1D194623481FF035FF04237B600123A2
:1033A000BB600023FB6000233B613B1D19461D48A9
:1033B0001FF028FF1C4B1D4A1A601B4B06225A6047
:1033C000194B00229A60184B0022DA60164B4FF41A
:1033D00010221A61144B4FF400125A61124B002252
:1033E0001A76114B00225A760F4B00229A760E4B1A
:1033F0000122DA760C4B00221A770B4B00225A7707
:10340000094B0B4ADA65084B0A4A1A6606481DF052
:1034100029FF0346002B01D017F004FD00BF183729
:10342000BD4680BD00080240D45D0020006400401D
:1034300025320208E932020880B582B000AF0346A7
:103440000A46FB711346BB71FFF774FFFB79194AFB
:103450001360BB79184A136018481EF029F9184BFD
:1034600000221A60164B00225A60154B00229A6007
:10347000134B0022DA60124B0122DA61104B00225A
:103480001A610F4B00225A610D4B00229A610C4BBE
:103490000E225A620A4B01221A62094907481EF09D
:1034A00027F8022105481EF0AEFB00231846083716
:1034B000BD4680BDA44A0020A84A0020D45D00205B
:1034C000AC4A002080B500AF01220621024820F05E
:1034D00031F90023184680BD0008024080B500AFD6
:1034E00000220621024820F025F90023184680BD5D
:1034F0000008024080B584B000AF78600023BB6054
:103500007B685B68082B01D901234CE028481EF03A
:1035100033FAB8600FE01DF0E3F80246254B1B6854
:10352000D31A632B03D9072121481EF0E0F9204864
:103530001EF022FAB860BB68002BECD07B681B68D9
:103540001D4A53601C4B0022DA601B4B04229A6018
:103550007B685B68184A1361174B00221A750023B9
:10356000FB600CE07A68FB68134408331978134A4F
:10357000FB6813440A461A70FB680133FB607B68E2
:103580005A68FB689A42EDD80D4B0C4A0A49084824
:103590001EF0D2F8BB68032B04D11DF0A1F803463E
:1035A000044A1360002318461037BD4680BD00BF93
:1035B000D45D00201C4B0020F84A0020104B002056
:1035C000184B002080B586B000AF324B324A002144
:1035D00032481EF006FA0346002B56D12E4B9B684C
:1035E000002B02D12C4B1B6801E02B4B5B683B612D
:1035F0003B69DAB22A4B1B689A4205D03B69DAB2C2
:10360000284B1B689A4240D13B69DB0CDBB203F0CC
:103610000103DBB23B703B699B0CDBB203F001039F
:10362000DBB27B703B695B0CDBB203F00103DBB206
:10363000BB703B691B0CDBB203F00103DBB2FB7018
:103640003B691B0ADBB23B713B69DBB27B71002338
:103650007B610CE07B6906330E497A690A44127873
:1036600018333B4403F8182C7B6901337B617B6979
:10367000072BEFD93B460E2219460B48FFF7AAFC51
:103680000346002B01D0022300E000231846183720
:10369000BD4680BDF04A0020D44A0020D45D002001
:1036A000A44A0020A84A0020A03A002080B485B097
:1036B00000AFF860B9607A607B680E2B01D00123FF
:1036C00041E0BB681B78DA04BB6801331B789B04BC
:1036D0001A43BB6802331B785B041A43BB6803338D
:1036E0001B781B041A43BB6804331B781B0213436B
:1036F000BA680532127813431A46FB681A60FB68F1
:1037000008225A60BB689A79FB681A72BB68DA793A
:10371000FB685A72BB681A7AFB689A72BB685A7A5D
:10372000FB68DA72BB689A7AFB681A73BB68DA7A4C
:10373000FB685A73BB681A7BFB689A73BB685A7B39
:10374000FB68DA73002318461437BD465DF8047B26
:103750007047000080B582B000AF0346FB71FEF7F2
:103760007DFC0F4AFB7913700E4B01221A700D4B32
:1037700000221A720B4B01225A720A4B0A4A5A60F3
:10378000094B41F6EF021A800648FEF7C9FC0120FA
:103790001CF0B2FF002318460837BD4680BD00BFAD
:1037A000584B0020204B00202C4B002080B586B0C9
:1037B00000AF786039600023BB750023FB754FF0C4
:1037C00000033B616B4B02221A706A4B00221A7293
:1037D000684B01225A72674B674A5A606548FEF788
:1037E0008BFE0346BB75BB7D062B00F2BC8001A29D
:1037F00052F823F0113802086739020857390208D5
:1038000099380208673902086739020851390208F5
:10381000594B1B885B001BB25B10FB81B7F90E3064
:1038200007EE903AF8EEE77A17EE900AFCF734FECE
:103830004FF00002514BFCF787FE02460B46104644
:1038400019464FF000024E4BFCF7A8FF02460B460C
:1038500010461946FDF770F902467B681A60494B1D
:103860001B78002B15D07B68D3ED007AB0EE670A89
:1038700000F0B2FB87ED040A7B6893ED007AD7ED88
:10388000047A77EE277A7B68C3ED007A3B683A6961
:103890001A600023FB7568E0374B1B885B001BB286
:1038A0005B10FB81B7F90E3007EE903AF8EEE77A3D
:1038B00017EE900AFCF7F0FD4FF000022F4BFCF7DB
:1038C00043FE02460B46104619464FF000022C4BB1
:1038D000FCF764FF02460B4610461946FDF72CF92B
:1038E00002467B681A60274B1B78002B15D07B683B
:1038F000D3ED007AB0EE670A00F06EFB87ED040AA4
:103900007B6893ED007AD7ED047A77EE277A7B68AF
:10391000C3ED007A3B683A691A60164B00221A70B0
:10392000144B00221A72134B01225A72114B124A85
:103930005A601048FEF7E0FD0F4B1B8803F48053DC
:10394000002B02D00423FB750FE00523FB750CE070
:103950000623FB7509E00B4B1B781846FFF7FAFEB0
:103960000323FB7501E0032300E0FB7D18461837B5
:10397000BD4680BD204B00202C4B002000807640AF
:103980000000E040584B00202DE9B04388B000AF64
:10399000F860B9607A603B604FF00003FB614FF064
:1039A00000037B610023FB740023FB76984BB3F983
:1039B0000020984B1A80984B02221A70964B0022D6
:1039C0001A72954B01225A72934B944A5A6092484C
:1039D000FEF792FD0346FB74FB7C062B00F2108180
:1039E00001A252F823F000BF053A0208013C020888
:1039F000F13B0208B53B0208013C0208013C020809
:103A0000EB3B0208854B1B885B001BB25B101AB2B4
:103A10007F4B1A807E4BB3F9003007EE903AF8EEF8
:103A2000E77A17EE900AFCF737FD4FF000027C4B67
:103A3000FCF78AFD02460B46104619464FF000027D
:103A4000784BFCF7ABFE02460B4610461946FDF7D5
:103A500073F80346FB61744B1B78002B11D097ED74
:103A6000070A00F0B9FA87ED050A97ED077AD7ED56
:103A7000057A77EE277AC7ED077ABB6B7A691A6009
:103A800003E0BB6B4FF000021A60D7ED077AF0EE4F
:103A9000E77AB0EE007AF4EEC77AF1EE10FA1ED5AE
:103AA0005C4BB3F90030002B0ADB594BB3F9003003
:103AB000002B05DA5D4B1B68013B5C4A13600EE08E
:103AC000544BB3F90030002B09DA514BB3F90030F5
:103AD000002B04DB554B1B680133544A1360D7EDB0
:103AE000077AF0EEE77A9FED527AF4EEC77AF1EEBC
:103AF00010FA1EDD474BB3F90030002B0ADB444BB4
:103B0000B3F90030002B05DA4A4B1B680133494AF0
:103B100013600EE03F4BB3F90030002B09DA3C4B49
:103B2000B3F90030002B04DB424B1B68013B414AD8
:103B30001360FB68FA691A60F869FCF7ADFC04468B
:103B40000D463A4B1B681846FCF794FC4FF00002F8
:103B5000334BFCF7F9FC02460B4690469946354B31
:103B60001A68324B1B68D31A1846FCF783FC4FF0D7
:103B700000022B4BFCF7E8FC02460B464046494648
:103B8000FCF72CFB02460B4620462946FCF726FB99
:103B900002460B4610461946FCF7CEFF0246BB68AC
:103BA0001A60244B1A687B681A60204B1A683B68BD
:103BB0001A6027E0184B00221A70174B00221A7265
:103BC000154B01225A72144B144A5A601248FEF7E0
:103BD00093FC124B1B8803F48053002B02D0042368
:103BE000FB760FE00523FB760CE00623FB7609E06D
:103BF0000D4B1B781846FFF7ADFD0323FB7601E064
:103C0000032300E0FB7E18462037BD46BDE8B083A5
:103C1000564B0020544B0020204B00202C4B002002
:103C2000008076400000E040584B00204C4B0020C4
:103C300000003243504B002080B582B000AF786066
:103C40003960114B02221A700F4B00221A720E4B70
:103C500001225A720C4B0D4A5A600B48FEF74CFC7D
:103C60000A4B1B885B001BB25B101AB2084B1A8010
:103C7000084A7B681360084A3B68136000231846B3
:103C80000837BD4680BD00BF204B00202C4B0020D4
:103C9000564B0020504B00204C4B002080B58CB080
:103CA00000AF03460A46FB711346BB71684B0822FE
:103CB0001A70674B00221A72654B01225A72644ACD
:103CC00007F11A0353606248FEF716FC604B0922A5
:103CD0001A705F4B00221A725D4B01225A725C4AC5
:103CE00007F1180353605A48FEF706FC584B0A22A6
:103CF0001A70574B00221A72554B01225A72544ABD
:103D000007F1160353605248FEF7F6FB504B0B22A7
:103D10001A704F4B00221A724D4B01225A724C4AB4
:103D200007F1140353604A48FEF7E6FB484B0C22A8
:103D30001A70474B00221A72454B01225A72444AAC
:103D400007F1120353604248FEF7D6FB404B0D22A9
:103D50001A703F4B00221A723D4B01225A723C4AA4
:103D600007F1100353603A48FEF7C6FB384B0E22AA
:103D70001A70374B00221A72354B01225A72344A9C
:103D800007F10E0353603248FEF7B6FB304B0F22AB
:103D90001A702F4B00221A722D4B01225A722C4A94
:103DA00007F10C0353602A48FEF7A6FBFB79032BAF
:103DB00031D801A252F823F0C93D0208DF3D0208C4
:103DC000EB3D0208013E02087B8B1BB223F0070388
:103DD0001BB243F001031BB29BB27B8326E07B8BBB
:103DE00023F007039BB27B8320E07B8B1BB223F085
:103DF00007031BB243F004031BB29BB27B8315E0A5
:103E00007B8B1BB223F007031BB243F005031BB2ED
:103E10009BB27B830AE07B8B1BB223F007031BB2B0
:103E200043F001031BB29BB27B8300BFBB79002B25
:103E300002D0012B06D00DE07B8B23F008039BB250
:103E40007B830DE07B8B43F008039BB27B8307E011
:103E5000204B00207B8B23F008039BB27B8300BFA9
:103E60007B8B1B0A9BB2DBB23B777B8BDBB27B7716
:103E70003B8B1B0A9BB2DBB2BB773B8BDBB2FB7786
:103E8000FB8A1B0A9BB2DBB287F82030FB8ADBB2CD
:103E900087F82130BB8A1B0A9BB2DBB287F822303D
:103EA000BB8ADBB287F823307B8A1B0A9BB2DBB26A
:103EB00087F824307B8ADBB287F825303B8A1B0ADF
:103EC0009BB2DBB287F826303B8ADBB287F827301B
:103ED000FB891B0A9BB2DBB287F82830FB89DBB277
:103EE00087F82930BB891B0A9BB2DBB287F82A30DE
:103EF00007F11C030F211846FEF748FD034687F81B
:103F00002F302A4B0F221A70284B00221A72274B8F
:103F100001225A72254B264A5A60BB891BB223F0F4
:103F2000FF031AB297F82F301BB213431BB29AB299
:103F30001F4B1A801D48FEF7F3F81C4B08221A701D
:103F40001A4B00221A72194B01225A72174B184A47
:103F50005A607A8B164B1A801448FEF7E1F801205C
:103F60001CF0CAFB114B00221A70104B00221A726F
:103F70000E4B01225A720D4B0D4A5A600B48FEF748
:103F8000BBFA0A4B00221A70084B00221A72074B28
:103F900001225A72054B064A5A600448FEF7ACFAF1
:103FA000002318463037BD4680BD00BF204B00209F
:103FB0002C4B002080B483B000AF0346FB71054A50
:103FC000FB791370002318460C37BD465DF8047B5F
:103FD000704700BF584B002080B48BB000AF87ED16
:103FE000010A4FF00003FB6140F26713BB61D7ED9C
:103FF000017AF5EEC07AF1EE10FA02DB7B687B62A3
:1040000007E0D7ED017A9FED307A77EE877AC7ED3A
:10401000097AD7ED097AFCEEE77A17EE903A7B61E0
:104020007A69BB699A4202D300233B6202E07B6952
:1040300001333B627B695B0003F1006303F5C0233E
:10404000B3F9003007EE903AB8EEE77ADFED1F6A79
:10405000C7EE267AC7ED047A3B6A5B0003F1006382
:1040600003F5C023B3F9003007EE903AB8EEE77AD3
:10407000DFED166AC7EE267AC7ED037A97ED037A6D
:10408000D7ED047A77EE677AC7ED027A7B6907EE9F
:10409000903AF8EE677A97ED097A37EE677AD7EDBE
:1040A000027A67EE277A97ED047A77EE277AC7EDE2
:1040B000077AFB6907EE903AB0EE670A2C37BD46E7
:1040C0005DF8047B704700BF0000B4430000C842A5
:1040D00080B500AFFDF7F6FC0023184680BD000058
:1040E00080B584B000AF0346FB71FB79072B4BD83A
:1040F00001A252F823F000BF19410208274102082B
:104100003541020843410208514102085F4102085B
:104110006D4102087B41020800233B7300237B733F
:104120000023BB7331E000233B73FF237B73002329
:10413000BB732AE0FF233B7300237B730023BB7315
:1041400023E000233B7300237B73FF23BB731CE03E
:10415000FF233B73FF237B730023BB7315E0FF2317
:104160003B7300237B73FF23BB730EE000233B7381
:10417000FF237B73FF23BB7307E0FF233B73FF2306
:104180007B73FF23BB7300E000BF07F10C031846ED
:10419000FDF7E6FC002318461037BD4680BD00BF82
:1041A00080B500AFFDF78CFB384B00221A70374BFF
:1041B00011225A70354B01221A72344B344A5A601C
:1041C000334B00221A703148FDF7E8FB2F4B0022D9
:1041D0001A702E4B15225A702C4B01221A722B4B3F
:1041E0002B4A5A602A4B10221A702848FDF7D6FB3A
:1041F000264B00221A70254B12225A70234B0122A3
:104200001A72224B224A5A60214B05221A701F480B
:10421000FDF7C4FB01201CF06FFA1C4B00221A7042
:104220001A4B12225A70194B01221A72174B184A54
:104230005A60174B44221A701448FDF7AFFB134B1A
:1042400000221A70114B10225A70104B01221A7260
:104250000E4B0F4A5A600E4B28221A700B48FDF77E
:104260009DFB0A4B00221A70084B11225A70074B13
:1042700001221A72054B064A5A60054B24221A7015
:104280000248FDF78BFB0023184680BD5C4B0020E5
:10429000684B00200000000080B588B000AFF860D7
:1042A000B9607A603B608A4B00221A70884B2222E8
:1042B0005A70874B0C221A72854B864A5A60844882
:1042C000FDF7B6FB834BDB791B021AB2814B9B795E
:1042D0001BB21343FB837F4B5B7A1B021AB27D4BED
:1042E0001B7A1BB21343BB837A4BDB7A1B021AB2D5
:1042F000784B9B7A1BB213437B83764B5B781B0214
:104300001AB2744B1B781BB213433B83714BDB789F
:104310001B021AB26F4B9B781BB21343FB826D4B8F
:104320005B791B021AB26B4B1B791BB21343BB8226
:10433000B7F91E3007EE903AF8EEE77A17EE900ADA
:10434000FCF7AAF860A3D3E90023FCF7FDF80246C6
:104350000B46104619464FF000025F4BFCF71EFA61
:1043600002460B4610461946FCF7E6FB0246FB6880
:104370001A60B7F91C3007EE903AF8EEE77A17EEBC
:10438000900AFCF789F850A3D3E90023FCF7DCF886
:1043900002460B46104619464FF000024E4BFCF702
:1043A000FDF902460B4610461946FCF7C5FB0246CE
:1043B000BB681A60B7F91A3007EE903AF8EEE77A60
:1043C00017EE900AFCF768F83FA3D3E90023FCF747
:1043D000BBF802460B46104619464FF000023E4B12
:1043E000FCF7DCF902460B4610461946FCF7A4FB25
:1043F00002467B681A60B7F9183007EE903AF8EE7B
:10440000E77A17EE900AFCF747F84FF00002334BBB
:10441000FCF79AF802460B46104619464FF0000288
:104420002D4BFCF7BBF902460B4610461946FCF72C
:1044300083FB02463B681A60B7F9163007EE903AE4
:10444000F8EEE77A17EE900AFCF726F84FF0000234
:10445000224BFCF779F802460B46104619464FF0FE
:1044600000021D4BFCF79AF902460B46104619460E
:10447000FCF762FB0246BB6A1A60B7F9143007EE1C
:10448000903AF8EEE77A17EE900AFCF705F84FF04D
:104490000002124BFCF758F802460B46104619462C
:1044A0004FF000020C4BFCF779F902460B46104620
:1044B0001946FCF741FB0246FB6A1A6000231846C6
:1044C0002037BD4680BD00BF08AC1C5A643BBF3FCF
:1044D0005C4B0020684B002000408F400080314042
:1044E00080B584B000AF78600023FB600B4B5B6C41
:1044F0000A4A43F002035364084B5B6C03F0020367
:10450000FB60FB68002205212C201DF0D2FE2C2030
:104510001DF0EBFE00BF1037BD4680BD00380240E5
:1045200080B582B000AF7860064B5B6C054A23F023
:10453000020353642C201DF0E6FE00BF0837BD4681
:1045400080BD00BF0038024080B596B000AF07F1D3
:10455000440300221A605A609A60DA601A6107F117
:104560003C0300221A605A6007F1200300221A60FF
:104570005A609A60DA601A615A619A613B46202259
:104580000021184627F05AF93D4B3E4A1A603C4B31
:1045900000225A603A4B00229A60394B42F2D00214
:1045A000DA60374B00221A61354B00225A61344BD6
:1045B00000229A61324B344A1A66314B334A5A66AA
:1045C0002F4824F0EBFA0346002B01D016F02AFC0A
:1045D0002023FB6300233B6407F13C031946284872
:1045E00025F0DAFA0346002B01D016F01BFC7023ED
:1045F0003B6241F688537B620023BB620023FB626F
:1046000000233B6300237B630023BB6307F120038C
:10461000042219461A4824F07DFD0346002B01D0E0
:1046200016F000FC00233B604FF480637B600023A6
:10463000BB600023FB6000233B614FF400537B61B0
:104640000023FB613B4619460D4825F021FB03463C
:10465000002B01D016F0E6FB80237B640223BB64B1
:104660000023FB6400233B6503237B6507F14403C0
:10467000194607481EF0C6FD00BF5837BD4680BD2D
:104680004069002000040140E1440208214502087D
:104690000008024080B582B000AF0346FB71FFF70F
:1046A00053FFFEF7F7FA01224FF40041A2481FF032
:1046B00041F801224FF480419F481FF03BF89F4B87
:1046C0009F4A5A609D4B04221A709D4B00221A701B
:1046D0009B4B00225A709A4B00229A70984B0022F2
:1046E000DA709648FEF7F6FB944B954A5A60934B66
:1046F0002D221A70924B00221A70914B00225A7090
:104700008F4B00229A708E4B0022DA708B48FEF796
:1047100089FB8A4B8A4A5A60884B21221A70884B3F
:1047200000221A70864B00225A70854B00229A7024
:10473000834B0022DA708148FEF774FB7F4B804A7E
:104740005A607E4B35221A707D4B00221A707C4BCA
:1047500000225A707A4B10229A70794BC022DA707C
:10476000764B774A5A607548FEF75CFBFB79022B63
:1047700000F0E880022B00F35281002B02D0012BC5
:104780006DD04CE16D4B6C221A706D4B00221A708B
:104790006B4B00225A706A4B00229A70684B32228F
:1047A000DA706648FEF73EFB644B70221A70644B69
:1047B000C4221A70624B00225A70614B00229A7018
:1047C0005F4B0C22DA705D48FEF72CFB5B4B6D22D1
:1047D0001A705B4B00221A70594B06225A70584BC4
:1047E00060229A70564B0722DA705448FEF71AFB83
:1047F000524B13221A70524B00221A70504B002257
:104800005A704F4B03229A704D4B4022DA704B483E
:10481000FEF708FB494B14221A70494B00221A700C
:10482000474B00225A70464B02229A70444B00229A
:10483000DA704248FEF7F6FA404B15221A70404BE8
:1048400000221A703E4B00225A703D4B00229A7093
:104850003B4B1222DA703948FEF7E4FADFE0374BBF
:104860006C221A70364B00221A70354B00225A7097
:10487000334B00229A70324B3222DA702F48FEF707
:10488000D1FA2E4B70221A702D4BC4221A702C4B69
:1048900000225A702A4B00229A70294B0C22DA709F
:1048A0002648FEF7BFFA254B6D221A70244B0022D2
:1048B0001A70234B03225A70214B60229A70204BAE
:1048C0000722DA701D48FEF7ADFA1C4B13221A704E
:1048D0001B4B00221A701A4B00225A70184B0322ED
:1048E0009A70174B4022DA701448FEF79BFA134B6C
:1048F00014221A70124B00221A70114B00225A70A7
:104900000F4B02229A700E4B0022DA700B48FEF712
:1049100089FA0A4B15221A70094B00221A70084BAB
:1049200000225A70064B00229A70054B1622DA704C
:104930000248FEF777FA72E000040240784B00204C
:10494000804B0020564B6C221A70564B00221A7076
:10495000544B50225A70534B00229A70514B3222C2
:10496000DA704F48FEF75EFA4D4B70221A704D4BCD
:10497000C4221A704B4B00225A704A4B00229A7084
:10498000484B1422DA704648FEF74CFA444B6D222D
:104990001A70444B00221A70424B02225A70414B4B
:1049A00060229A703F4B0722DA703D48FEF73AFAD0
:1049B0003B4B13221A703B4B00221A70394B0022DA
:1049C0005A70384B03229A70364B4022DA703448C2
:1049D000FEF728FA324B14221A70324B00221A705A
:1049E000304B00225A702F4B02229A702D4B00221E
:1049F000DA702B48FEF716FA294B15221A70294B4C
:104A000000221A70274B00225A70264B00229A70FF
:104A1000244B1E22DA702248FEF704FA00BF204B16
:104A200011221A701F4B00221A701E4B00225A705E
:104A30001C4B00229A701B4B0A22DA701848FEF7B2
:104A4000F1F9174B00221A70164B00221A70154B01
:104A500000225A70134B50229A70124B1D22DA70AA
:104A60000F48FEF7DFF90E4B34221A700D4B00226F
:104A70001A700C4B00225A700A4B00229A70094B94
:104A80000022DA700648FEF7CDF900224FF480418B
:104A900005481EF04FFE002318460837BD4680BD6E
:104AA000784B0020804B00200004024080B582B08B
:104AB00000AF0346FB71FB79012B06D100224FF4B6
:104AC000804128481EF036FE47E001224FF4804125
:104AD00024481EF02FFE244B244A5A60224B2D22DC
:104AE0001A70224B00221A70204B00225A701F4B62
:104AF00000229A701D4B0022DA701B48FEF792F9D3
:104B0000194B1A4A5A60184B21221A70174B00226F
:104B10001A70164B00225A70144B00229A70134BD5
:104B20000022DA701048FEF77DF90F4B0F4A5A60E9
:104B30000D4B35221A700D4B00221A700B4B0022C0
:104B40005A700A4B10229A70084BC022DA70064B3A
:104B5000064A5A600448FEF765F9002318460837EC
:104B6000BD4680BD00040240784B0020804B0020F1
:104B700080B500AF00224FF4006103481EF0DAFD5B
:104B80000023184680BD00BF0008024080B500AF7A
:104B900001224FF4006103481EF0CCFD00231846AB
:104BA00080BD00BF00080240B0B586B000AF03462C
:104BB000FB801F23FB7400237B61FB8807EE903A88
:104BC000F8EE677A9FED4A7AC7EE876A16EE900A8A
:104BD000FBF762FC44A3D3E90023FBF7B5FC0246D4
:104BE0000B4614461D46434B1B681846FBF754FC06
:104BF00002460B4620462946FBF7A6FC02460B461A
:104C000010461946FBF798FF0346FB60FB7C013317
:104C100007EE903AF8EEE77A9FED377A67EE877AFB
:104C2000C7ED027AD7ED036A97ED027AC6EE877A6E
:104C3000FCEEE77A17EE903A7B617B69FF2B06D991
:104C40002E4B4FF480721A8000237B6103E07B6956
:104C50009AB22A4B1A802A4AFB7C1370FB7C07EE1F
:104C6000903AB8EEE77A274BD3ED007A67EE277AD1
:104C7000FCEEE77AC7ED007A3B78DAB2224B1A7085
:104C8000224B234A5A60214B0B221A70204B0022E0
:104C90001A701F4B00225A701D4B00229A707B69BC
:104CA000DAB21B4BDA701948FEF7BCF8174B184AFA
:104CB0005A60164B10221A70154B00221A70144BB2
:104CC00006225A700E4B1A78114B9A700E4B1A78B6
:104CD0000F4BDA700D48FEF7A5F800231846183779
:104CE000BD46B0BDAFF300808DD13AAA9AA0C640B0
:104CF00000007A44140400206666A63E18040020D2
:104D0000744B00201C040020754B0020784B0020C1
:104D1000804B002080B582B000AF78600C4B35220C
:104D20001A700B4B0B4A5A600948FEF7D3F8094B2F
:104D30009B781B021AB2074BDB781BB213431BB2E2
:104D40009AB27B681A80002318460837BD4680BD9A
:104D5000784B0020804B002080B582B000AF034626
:104D6000FB800F4B35221A700E4B00221A700D4B30
:104D700000225A70FB881B0A9BB2DAB2094B9A7068
:104D8000FB88DAB2074BDA70054B064A5A600448D2
:104D9000FEF748F8002318460837BD4680BD00BF1F
:104DA000784B0020804B002080B582B000AF786047
:104DB0003960104B6F221A700E4B0F4A5A600D4823
:104DC000FEF788F80C4B1B789B08DBB203F001035D
:104DD000DAB27B681A70084B1B785B08DBB203F011
:104DE0000103DAB23B681A70002318460837BD4643
:104DF00080BD00BF784B0020804B002080B582B082
:104E000000AF78607B689B681B0D002B02D07B682D
:104E1000984A9A607B68DB68DB0D002B02D07B68C8
:104E2000954ADA607B685B691B0C002B03D07B68BA
:104E30004FF6FF725A617B689B691B0C002B03D0F5
:104E40007B684FF6FF729A617B68DB691B0C002B55
:104E500003D07B684FF6FF72DA617B681B6A1B0C1C
:104E6000002B03D07B684FF6FF721A62834B23221C
:104E70001A707B685B681B0EDAB2814B1A707B6814
:104E80005B681B0CDAB27E4B5A707B685B681B0A4E
:104E9000DAB27B4B9A707B685B68DAB2784BDA7077
:104EA000764B774A5A607548FDF7BCFF734B252255
:104EB0001A707B689B681B0EDAB2714B1A707B68A4
:104EC0009B681B0CDAB26E4B5A707B689B681B0A9E
:104ED000DAB26B4B9A707B689B68DAB2684BDA7017
:104EE000664B674A5A606548FDF79CFF634B272273
:104EF0001A707B68DB681B0EDAB2614B1A707B6834
:104F0000DB681B0CDAB25E4B5A707B68DB681B0AED
:104F1000DAB25B4B9A707B68DB68DAB2584BDA70B6
:104F2000564B574A5A605548FDF77CFF534B2B228E
:104F30001A707B681B691B0EDAB2514B1A707B68C2
:104F40001B691B0CDAB24E4B5A707B681B691B0A3B
:104F5000DAB24B4B9A707B681B69DAB2484BDA7055
:104F6000464B474A5A604548FDF75CFF434B2422B5
:104F70001A707B685B691B0EDAB2414B1A707B6852
:104F80005B691B0CDAB23E4B5A707B685B691B0A8B
:104F9000DAB23B4B9A707B685B69DAB2384BDA70F5
:104FA000364B374A5A603548FDF73CFF334B2622D3
:104FB0001A707B689B691B0EDAB2314B1A707B68E2
:104FC0009B691B0CDAB22E4B5A707B689B691B0ADB
:104FD000DAB22B4B9A707B689B69DAB2284BDA7095
:104FE000264B274A5A602548FDF71CFF234B2A22EF
:104FF0001A707B68DB691B0EDAB2214B1A707B6872
:10500000DB691B0CDAB21E4B5A707B68DB691B0A2A
:10501000DAB21B4B9A707B68DB69DAB2184BDA7034
:10502000164B174A5A601548FDF7FCFE134B282211
:105030001A707B681B6A1B0EDAB2114B1A707B6800
:105040001B6A1B0CDAB20E4B5A707B681B6A1B0A78
:10505000DAB20B4B9A707B681B6ADAB2084BDA70D3
:10506000064B074A5A600548FDF7DCFE034B202239
:105070001A7007E0FFFF0F00FFFF7F00784B002052
:10508000804B0020194B00221A70184B00225A70D6
:10509000164B00229A707B681A78144BDA70144B06
:1050A000124A5A601248FDF7BDFE114B6C221A706D
:1050B0000F4B0E4A5A600E48FDF70CFF0B4B1B7846
:1050C0005BB223F00F035AB27B6893F824305BB2D3
:1050D00013435BB2DAB2054B1A700548FDF7A2FE26
:1050E000002318460837BD4680BD00BF804B002016
:1050F000784B002080B582B000AF7860104B2D2235
:105100001A707B681B16DAB20E4B1A707B681B1480
:10511000DAB20C4B5A707B681B12DAB2094B9A70E8
:105120007B68DAB2074BDA70054B064A5A600448CE
:10513000FDF778FE002318460837BD4680BD00BF46
:10514000784B0020804B002080B582B000AF7860A3
:10515000104B21221A707B681B16DAB20E4B1A70A4
:105160007B681B14DAB20C4B5A707B681B12DAB2E4
:10517000094B9A707B68DAB2074BDA70054B064A26
:105180005A600448FDF74EFE002318460837BD4616
:1051900080BD00BF784B0020804B002080B582B0DE
:1051A00000AF78600E4B21221A700D4B0D4A5A60E9
:1051B0000B48FDF78FFE0B4B1B781A06094B5B78EB
:1051C0001B041A43074B9B781B021343054AD278F2
:1051D0001A437B681A60002318460837BD4680BD15
:1051E000784B0020804B002080B582B000AF786003
:1051F000164B22221A70154B154A5A601348FDF7B8
:1052000069FE134B5B785BB2002B0EDA104B5B78B8
:105210001B0443F07F420E4B9B781B0213430C4A46
:10522000D2781A437B681A600BE0094B5B781A044A
:10523000074B9B781B021343054AD2781A437B68BD
:105240001A60002318460837BD4680BD784B002001
:10525000804B002000000000B0B586B000AFF860C1
:10526000B9607A600023FB745B4B6B221A705A4B57
:105270005A4A5A605848FDF72DFE584B9B7803F068
:105280000103002B06D0554BDB781BB263F0FF0304
:10529000FB8202E0514BDB78FB82504B1B7803F022
:1052A0000103002B06D04D4B5B781BB263F0FF036C
:1052B000BB8202E0494B5B78BB82474B6F221A707E
:1052C000454B464A5A604448FDF704FE434B1B7861
:1052D00023F07F03FB74414B5B7803F01F03BB7427
:1052E0003F4B1B881A46BB7C013302FB03F307EEDE
:1052F000903AF8EEE77A9FED3B7A67EE877A17EE01
:10530000900AFBF7C9F804460D46374BD3ED007AF7
:105310009FED367A67EE877A17EE900AFBF7BCF8B6
:105320002BA3D3E90023FBF70FF902460B462046D7
:105330002946FBF733FA02460B4610461946FBF79F
:10534000FBFB0246FB681A60254B1B881A46B7F91F
:10535000163002FB03F3BA7C013202FB03F307EEC3
:10536000903AF8EEE77A9FED1F7A67EE876A1E4B58
:10537000D3ED007A9FED1E7A27EE877AC6EE877A04
:10538000BB68C3ED007A164B1B881A46B7F9143078
:1053900002FB03F3BA7C013202FB03F307EE903AFF
:1053A000F8EEE77A9FED0F7A67EE876A0E4BD3ED42
:1053B000007A9FED0F7A27EE877AC6EE877A7B68B0
:1053C000C3ED007A002318461837BD46B0BD00BFB4
:1053D00039B4C876BE9FF63F784B0020804B002042
:1053E000180400206666A63E140400200000004653
:1053F0000000F84980B584B000AFF860B9607A6009
:10540000FB681B0C002B02D04FF6FF73FB60BB68E0
:105410001B0C002B02D04FF6FF73BB602C4B2B22D2
:105420001A707B681B0EDAB22A4B1A707B681B0C51
:10543000DAB2284B5A707B681B0ADAB2254B9A7095
:105440007B68DAB2234BDA70214B224A5A6020483B
:10545000FDF7E8FC1E4B2A221A70FB681B0EDAB21D
:105460001C4B1A70FB681B0CDAB21A4B5A70FB68A3
:105470001B0ADAB2174B9A70FB68DAB2154BDA7076
:10548000134B144A5A601248FDF7CCFC104B2822EB
:105490001A70BB681B0EDAB20E4B1A70BB681B0C7D
:1054A000DAB20C4B5A70BB681B0ADAB2094B9A701D
:1054B000BB68DAB2074BDA70054B064A5A600448FB
:1054C000FDF7B0FC002318461037BD4680BD00BF75
:1054D000784B0020804B002080B588B000AF034699
:1054E000FB710023FB600023FB610023BB610023F1
:1054F000BB6000237B6100233B61FB79022B1CD046
:10550000022B25DC002B02D0012B0BD020E00E2338
:10551000BB610A23FB610C23BB6032237B613D4BE3
:105520003B6115E01223BB610E23FB611023BB60BE
:1055300032237B61374B3B610AE01A23BB6118239E
:10554000FB611A23BB60344B7B61324B3B6100BF74
:10555000324B12221A70314B314A5A602F48FDF7F4
:10556000B9FC2F4B1B781A062D4B5B781B041A4392
:105570002B4B9B781B021343294AD2781343FB60C1
:10558000284B1B78002B20D1FA68FB699A423CD249
:10559000224B6C221A703B691B0EDAB2204B1A7038
:1055A0003B691B0CDAB21E4B5A703B691B0ADAB21C
:1055B0001B4B9A703B69DAB2194BDA701748FDF74A
:1055C00031FC184B01221A701FE0FA68BB699A423D
:1055D0001BD9124B6C221A707B691B0EDAB2104B6E
:1055E0001A707B691B0CDAB20D4B5A707B691B0A6F
:1055F000DAB20B4B9A707B69DAB2094BDA70074862
:10560000FDF710FC074B00221A70002318462037C4
:10561000BD4680BD3200040032005000784B0020AF
:10562000804B0020844B002080B584B000AF7860B0
:105630000023BB600023FB607B6893F90430B3F167
:10564000FF3F08D0012B0DD100224FF48071264876
:105650001EF070F806E001224FF4807122481EF01F
:1056600069F800BF7B681B68204AB2FBF3F3013B7B
:10567000BB60B868FAF7EEFE19A3D3E90023FAF786
:1056800063FF02460B4610461946FBF735FA034600
:10569000FB60174ABB68D362154AFB68936300BF7F
:1056A000144B6C221A70134B134A5A601148FDF7C1
:1056B00011FC114B1B785BB223F00F035AB27B68CD
:1056C0005B795BB213435BB2DAB20B4B1A700948D9
:1056D000FDF7A8FB002318461037BD4680BD00BF6C
:1056E000CDCCCCCCCCCCEC3F000802402048010013
:1056F00000040140784B0020804B002080B500AFB3
:1057000004210348FBF74CFC0023184680BD00BF72
:105710004069002080B500AF0421034823F09AFAC5
:105720000023184680BD00BF4069002080B500AF4F
:105730000421034823F056FB0023184680BD00BF18
:105740004069002080B582B000AF03463960FB712C
:10575000124AFB7913703B681A0E104B5B68D2B289
:105760001A703B681A0C0D4B5B680133D2B21A7089
:105770003B681A0A094B5B680233D2B21A70074BB6
:105780005B6803333A68D2B21A700448FDF74AFBEB
:10579000002318460837BD4680BD00BF784B002067
:1057A00080B582B000AF03463960FB71124AFB79C5
:1057B0001370114B114A5A600F48FDF78BFB0E4BCB
:1057C0005B681B781A060C4B5B6801331B781B0463
:1057D0001A43094B5B6802331B781B021343064ACA
:1057E00052680332127813431A463B681A6000234A
:1057F00018460837BD4680BD784B0020804B0020FE
:1058000080B483B000AF87ED010A054A7B6813605E
:1058100000BF18460C37BD465DF8047B704700BFDB
:105820001404002090B585B000AF78600023FB72AF
:10583000FBF7ACFE284B1B78002B01D0012346E080
:10584000264A7B681360254B1B684FF48062002159
:10585000184625F0F3FF224B00221A801F4B1B68CD
:105860001F4A53601E4B4FF480629A601C48FBF73E
:105870001FFF1A4B1B6808221A49184626F042F8E7
:105880000346002B01D0022321E00023FB6017E038
:10589000124B1A68FB68DB017F3313441C780F4BF3
:1058A0001B68FA68D20113447F21184600F0DAF928
:1058B00003469C4201D0032309E0FB680133FB60EF
:1058C000FB68072BE4DD044B01221A700023184605
:1058D0001437BD4690BD00BF854B0020884B00208B
:1058E0008C4B0020FCC3040880B584B000AF034695
:1058F0000A46FB8013467B710023BB73FB88DB09E0
:105900009BB2FB731D4B1B78002B01D1042330E0AD
:105910001B4AFB8813801B4B1A68FB881344184AE8
:105920005360174B01229A601548FBF789FE7B797B
:10593000012B1DD1134B1B68FA7BD20113447F212D
:10594000184600F08FF90346BB73FB7B01339BB213
:10595000DB019BB2013B9AB2094B1A80084A07F15E
:105960000E035360064B01229A600548FBF768FE60
:10597000002318461037BD4680BD00BF854B002070
:105980008C4B0020884B002080B586B000AF0346CA
:10599000B9607A60FB8100237B61FB8903F01F0201
:1059A0007B681344202B0CD8264AFB891380254A98
:1059B000BB685360234A7B6893602248FBF740FE34
:1059C0003AE0204AFB8913801E4ABB685360FB897A
:1059D00003F01F03C3F120031A461A4B9A601948BB
:1059E000FBF72EFE174B9B687B6121E07B699AB227
:1059F000FB8913449AB2134B1A80BA687B6913442B
:105A0000104A53607A687B69D31A202B05D87A68CC
:105A10007B69D31A0B4A936002E00A4B20229A60FA
:105A20000848FBF70DFE074B9B687A6913447B61BE
:105A30007A687B699A42D9D1002318461837BD4647
:105A400080BD00BF8C4B002080B584B000AF034602
:105A5000B9607A60FB81084AFB891380064ABB68FB
:105A60005360054A7B6893600348FBF721FE0023DF
:105A700018461037BD4680BD8C4B002080B582B0E3
:105A800000AF00237B6017E07B689BB25B019AB29A
:105A90000D4B1A807B685B010C4A13440A4A536021
:105AA000094B20229A600848FBF7CAFD00201AF033
:105AB00023FE7B6801337B607B681F2BE4DD0023C2
:105AC00018460837BD4680BD8C4B002000DF040817
:105AD00080B582B000AF2022FF213B4825F0AEFE0A
:105AE00000237B6014E07B689BB25B019AB2374B6A
:105AF0001A80364B344A5A60344B20229A6033481D
:105B0000FBF79EFD00201AF0F7FD7B6801337B60F8
:105B10007B681F2BE7DD00237B6015E07B6820336B
:105B20009BB25B019AB2294B1A80284B264A5A60D5
:105B3000264B20229A602548FBF782FD00201AF0B0
:105B4000DBFD7B6801337B607B681F2BE6DD002378
:105B50007B6015E07B6840339BB25B019AB21B4BC4
:105B60001A801A4B184A5A60184B20229A6017481C
:105B7000FBF766FD00201AF0BFFD7B6801337B60F8
:105B80007B681F2BE6DD00237B6015E07B686033BC
:105B90009BB25B019AB20D4B1A800C4B0A4A5A60B9
:105BA0000A4B20229A600948FBF74AFD00201AF0B0
:105BB000A3FD7B6801337B607B681F2BE6DD002340
:105BC00018460837BD4680BD984B00208C4B0020FE
:105BD00080B582B000AF2022FF21204825F02EFEA4
:105BE00000237B6015E07B6820339BB25B019AB297
:105BF0001B4B1A801A4B194A5A60194B20229A6083
:105C00001748FBF71DFD00201AF076FD7B68013375
:105C10007B607B681F2BE6DD00237B6015E07B68E3
:105C200040339BB25B019AB20D4B1A800C4B0B4A6E
:105C30005A600B4B20229A600948FBF701FD0020B7
:105C40001AF05AFD7B6801337B607B681F2BE6DD11
:105C5000002318460837BD4680BD00BF984B002082
:105C60008C4B002080B485B000AF78603960002391
:105C7000FB730023BB6009E07A68BB6813441A78A1
:105C8000FB7B1344FB73BB680133BB60BA683B68A2
:105C90009A42F1D3FB7B18461437BD465DF8047B6E
:105CA0007047000080B58AB000AF786007F1140338
:105CB00000221A605A609A60DA601A6100233B6120
:105CC0002D4B5B6C2C4A43F4807353642A4B5B6C02
:105CD00003F480733B613B6908237B610323BB6151
:105CE0000023FB6107F11403194624481DF08AFACA
:105CF000002205213C201CF0DCFA3C201CF0F5FAC7
:105D00001F4B204A1A601E4B00225A601C4B002277
:105D10009A601B4B0022DA60194B4FF480621A61C3
:105D2000174B4FF480525A61154B4FF480429A61E1
:105D3000134B4FF48072DA61114B00221A62104B40
:105D400000225A620E481CF0F1FA0346002B01D0E3
:105D500015F068F87B680A4A9A63094A7B6893637E
:105D60000022052112201CF0A4FA12201CF0BDFA1A
:105D700000BF2837BD4680BD003802400008024001
:105D8000745D00207064024080B582B000AF78601E
:105D90000A4B5B6C094A23F480735364082108485A
:105DA0001DF0CCFB7B689B6B18461CF06DFB122032
:105DB0001CF0A9FA00BF0837BD4680BD003802407C
:105DC0000008024080B584B000AF3B4600221A6054
:105DD0005A609A60DA602B4B2B4A1A60294B0022DA
:105DE0005A60284B00229A60264B01221A61254BEB
:105DF00001221A76234B002283F82020214B002217
:105E0000DA62204B214A9A621E4B0022DA601D4B57
:105E10000222DA611B4B012283F83020194B002249
:105E20005A61184B1A4ADA65164B1A4A1A6615480F
:105E30001AF086FC0346002B01D014F0F3FF0D236B
:105E40003B6001237B600723BB603B4619460D483E
:105E50001AF05AFF0346002B01D014F0E3FF102381
:105E60003B6002237B603B46194606481AF04CFF14
:105E70000346002B01D014F0D5FF00BF1037BD46FC
:105E800080BD00BF105D0020002001400100000F18
:105E9000A55C0208895D020880B584B000AFFBF7FD
:105EA0003BFF4FF43473FB80FB881B0A9BB2DAB2D2
:105EB000834B1A70FB88DAB2814B5A70814B0422F3
:105EC0001A70804B02221A727E4B7D4A5A607D48BE
:105ED000FBF77CFF7A4B00221A70794B0C225A7028
:105EE000784B01221A70774B02221A72754B744A52
:105EF0005A607448FBF76AFFFFF764FF0222724999
:105F000072481AF0C9FD0023FB60BAE003201AF0C2
:105F1000F3FB6D4B1B68C3F30B0307EE903AF8EEEF
:105F2000677AC7ED027AD7ED027A9FED697A67EE5C
:105F3000877AC7ED027A97ED027ADFED666AC7EEDF
:105F4000267AC7ED027A97ED027ADFED636AC7EE33
:105F5000267AC7ED027AD7ED027AB0EE087AF4EE2F
:105F6000C77AF1EE10FA03DB4FF00003BB602FE0BD
:105F7000B868FAF791FA48A3D3E90023FAF72EF9A3
:105F800002460B4610461946FAF7D6FD0346BB609B
:105F9000B868FAF781FA42A3D3E90023FAF71CF9AB
:105FA00002460B4610461946FAF7C6FD0346BB608B
:105FB000B868FAF771FA3CA3D3E90023FAF7EEFBCD
:105FC00002460B4610461946FAF7B6FD0346BB607B
:105FD000424AFB689B001344BA681A603A4B5B68FC
:105FE000C3F30B0307EE903AF8EE677AC7ED007A39
:105FF000D7ED007A9FED367A67EE877AC7ED007AA3
:1060000097ED007ADFED336AC7EE267AC7ED007AA6
:1060100097ED007ADFED306AC7EE267AC7ED007A99
:106020003868FAF739FA22A3D3E90023FAF7D4F84B
:1060300002460B4610461946FAF77EFD03463B60C2
:106040003868FAF729FA1CA3D3E90023FAF7A6FB6C
:1060500002460B4610461946FAF76EFD03463B60B2
:10606000D7ED007AB3EE097A77EE877AC7ED007A3A
:106070001B4AFB689B0013443A681A60FB680133B3
:10608000FB60FB68042B7FF741AF002318461037F5
:10609000BD4680BDAFF300807B14AE47E17A943FEC
:1060A00079B934F03646F13F54A8978A88FC713F9D
:1060B00052B81E85EB51E83F7B14AE47E17A643F4E
:1060C000F44B0020E84B0020B84B0020105D00206E
:1060D00000404E4500F07F4500007A44C04B002050
:1060E000D44B002080B584B000AF0346FB71FB7930
:1060F0009BB21B01FB81FB891B0A9BB2DAB20B4BE3
:106100001A70FB89DAB2094B5A70094B04221A70D3
:10611000074B02221A72064B044A5A600448FBF7E6
:1061200055FE002318461037BD4680BDF44B0020B5
:10613000E84B002080B584B000AF78604FF00003DA
:10614000FB6000237B812B4B05221A70294B022216
:106150001A72284B284A5A602648FBF75FFE264BE6
:106160001B781B021AB2244B5B781BB213431BB281
:106170007B817B891B099BB2DBB207EE903AF8EE7C
:10618000E77A97ED037A77EE277AC7ED037A7B8972
:10619000DB089BB203F00103002B07D0D7ED037A95
:1061A000B6EE007A77EE877AC7ED037A7B899B0893
:1061B0009BB203F00103002B07D0D7ED037AB5EEB5
:1061C000007A77EE877AC7ED037A7B891B0B9BB247
:1061D00003F00103002B05D0D7ED037AF1EE677AC7
:1061E000C7ED037A7B68FA681A60002318461037F7
:1061F000BD4680BDE84B0020F44B002000000000AD
:1062000080B586B000AF78604FF00003FB600423D8
:106210007B6119E07B69013B4F4A9B0013441A687C
:106220004D497B699B000B441A604B4A7B699B007C
:106230001344D3ED007A97ED037A77EE277AC7ED12
:10624000037A7B69013B7B617B69002BE2DC434B7A
:106250001B68C3F30B0307EE903AF8EE677AC7EDBD
:10626000047AD7ED047A9FED3E7A67EE877AC7ED20
:10627000047A97ED047ADFED3B6AC7EE267AC7ED24
:10628000047A97ED047ADFED386AC7EE267AC7ED17
:10629000047AD7ED047AB0EE087AF4EEC77AF1EE1C
:1062A00010FA03DB4FF000033B612FE03869FAF787
:1062B000F3F823A3D3E90023F9F790FF02460B4636
:1062C00010461946FAF738FC03463B613869FAF77D
:1062D000E3F81DA3D3E90023F9F77EFF02460B463E
:1062E00010461946FAF728FC03463B613869FAF76D
:1062F000D3F817A3D3E90023FAF750FA02460B4666
:1063000010461946FAF718FC03463B61124A3B69EE
:106310001360114BD3ED007A97ED037A77EE277A6D
:10632000C7ED037A97ED037AF1EE046AC7EE267A99
:106330007B68C3ED007A002318461837BD4680BD40
:106340007B14AE47E17A943F79B934F03646F13F99
:1063500054A8978A88FC713FC04B0020B84B00209E
:1063600000404E4500F07F4500007A4400000000E8
:1063700080B586B000AF78604FF000033B61042326
:106380007B6119E07B69013B434A9B0013441A6817
:1063900041497B699B000B441A603F4A7B699B0023
:1063A0001344D3ED007A97ED047A77EE277AC7EDA0
:1063B000047A7B69013B7B617B69002BE2DC374B14
:1063C0005B68C3F30B0307EE903AF8EE677AC7ED0C
:1063D000037AD7ED037A9FED327A67EE877AC7EDBD
:1063E000037A97ED037ADFED2F6AC7EE267AC7EDC1
:1063F000037A97ED037ADFED2C6AC7EE267AC7EDB4
:10640000037AF868FAF748F81FA3D3E90023F9F7ED
:10641000E3FE02460B4610461946FAF78DFB03468B
:10642000FB60F868FAF738F819A3D3E90023FAF704
:10643000B5F902460B4610461946FAF77DFB0346AE
:10644000FB60D7ED037AB3EE097A77EE877AC7ED72
:10645000037A114AFB6813600F4BD3ED007A97ED76
:10646000047A77EE277AC7ED047A97ED047AF1EE95
:10647000046AC7EE267A7B68C3ED007A00231846CB
:106480001837BD4680BD00BF52B81E85EB51E83FAE
:106490007B14AE47E17A643FD44B0020B84B002018
:1064A00000404E4500F07F4500007A4480B590B032
:1064B00000AF78607B68A14A934216D10023FB634A
:1064C0009F4B5B6C9E4A43F0010353649C4B5B6C97
:1064D00003F00103FB63FB6B0022052119201BF075
:1064E000E8FE19201BF001FF5CE17B68954A9342AE
:1064F00016D10023BB63924B1B6C914A43F00103FE
:1065000013648F4B1B6C03F00103BB63BB6B002256
:1065100005211C201BF0CDFE1C201BF0E6FE41E1F6
:106520007B68894A934216D100237B63844B1B6CA2
:10653000834A43F002031364814B1B6C03F0020394
:106540007B637B6B002205211D201BF0B2FE1D200A
:106550001BF0CBFE26E17B687C4A934216D10023D8
:106560003B63774B1B6C764A43F004031364744B14
:106570001B6C03F004033B633B6B002205211E20D0
:106580001BF097FE1E201BF0B0FE0BE17B68704AEB
:10659000934216D10023FB62694B1B6C684A43F09F
:1065A00010031364664B1B6C03F01003FB62FB6A61
:1065B0000022052136201BF07CFE36201BF095FEC4
:1065C000F0E07B68634A934216D10023BB625C4BC8
:1065D0001B6C5B4A43F020031364594B1B6C03F0A4
:1065E0002003BB62BB6A0022052137201BF061FE3D
:1065F00037201BF07AFED5E07B68574A934216D1CC
:1066000000237B624E4B5B6C4D4A43F002035364A4
:106610004B4B5B6C03F002037B627B6A002205211B
:106620002C201BF046FE2C201BF05FFEBAE07B689E
:106630004A4A934216D100233B62414B5B6C404A6D
:1066400043F4803353643E4B5B6C03F480333B6212
:106650003B6A0022052118201BF02BFE18201BF09E
:1066600044FE9FE07B683E4A934216D10023FB61C3
:10667000334B5B6C324A43F400335364304B5B6CF6
:1066800003F40033FB61FB690022052119201BF094
:1066900010FE19201BF029FE84E07B68314A9342EA
:1066A00016D10023BB61264B5B6C254A43F4802343
:1066B0005364234B5B6C03F48023BB61BB690022F2
:1066C00005211A201BF0F5FD1A201BF00EFE69E0D3
:1066D0007B68254A934216D100237B61184B1B6CC3
:1066E000174A43F040031364154B1B6C03F040033F
:1066F0007B617B69002205212B201BF0DAFD2B201A
:106700001BF0F3FD4EE07B68184A934230D1002322
:106710003B610B4B1B6C0A4A43F080031364084B2C
:106720001B6C03F080033B613B69002205212C2098
:106730001BF0BFFD2C201BF0D8FD33E008650020C6
:1067400000380240BC6500207066002024670020ED
:10675000D86700208C68002040690020F469002080
:10676000A86A00205C6B0020106C0020C46C002024
:106770007B680E4A934215D10023FB600C4B1B6CC7
:106780000B4A43F480731364094B1B6C03F480734E
:10679000FB60FB68002205212D201BF08AFD2D20C7
:1067A0001BF0A3FD00BF4037BD4680BD786D0020C3
:1067B0000038024080B582B000AF78607B685C4AE8
:1067C000934209D15B4B5B6C5A4A23F0010353643B
:1067D00019201BF098FDA6E07B68574A934209D127
:1067E000544B1B6C534A23F0010313641C201BF011
:1067F0008AFD98E07B68514A934209D14D4B1B6C4E
:106800004C4A23F0020313641D201BF07CFD8AE038
:106810007B684B4A934209D1464B1B6C454A23F097
:10682000040313641E201BF06EFD7CE07B68454A68
:10683000934209D13F4B1B6C3E4A23F01003136473
:1068400036201BF060FD6EE07B683F4A934209D121
:10685000384B1B6C374A23F02003136437201BF09E
:1068600052FD60E07B68394A934209D1314B5B6C41
:10687000304A23F0020353642C201BF044FD52E005
:106880007B68334A934209D12A4B5B6C294A23F433
:106890008033536418201BF036FD44E07B682D4A9A
:1068A000934209D1234B5B6C224A23F40033536497
:1068B00019201BF028FD36E07B68274A934209D156
:1068C0001C4B5B6C1B4A23F4802353641A201BF07F
:1068D0001AFD28E07B68214A934209D1154B1B6CB5
:1068E000144A23F0400313642B201BF00CFD1AE024
:1068F0007B681B4A934209D10E4B1B6C0D4A23F057
:10690000800313642C201BF0FEFC0CE07B68154A0E
:10691000934208D1074B1B6C064A23F4807313641F
:106920002D201BF0F0FC00BF0837BD4680BD00BF26
:106930000865002000380240BC6500207066002019
:1069400024670020D86700208C6800204069002060
:10695000F4690020A86A00205C6B0020106C002005
:10696000C46C0020786D002080B588B000AF7860DE
:1069700007F1100300221A605A609A60DA6007F18A
:10698000080300221A605A60786800F0C5F8414B8D
:106990001B687A681A603F4B1B6842F2CF025A604C
:1069A0003C4B1B6800229A603A4B1B6842F2107203
:1069B000DA60394B1B78002B0BD0374B1B78012B3F
:1069C00007D0354B1B78032B03D0334B1B78042B9C
:1069D00003D1304B1B6800221A612F4B1B78002B10
:1069E00003D12C4B1B6800225A612A4B1B680022E2
:1069F0009A61284B1B68294A9A64264B1B68284ACF
:106A0000DA64244B1B68184621F0FCFF0346002B78
:106A100001D014F007FA204B1B78002B07D01E4B37
:106A20001B78012B03D01C4B1B78032B0FD14FF489
:106A300080533B61174B1B6807F110021146184643
:106A400022F02AFC0346002B01D014F0EBF9124B84
:106A50001B78002B07D0104B1B78012B03D00E4B5B
:106A60001B78022B10D10023BB600023FB60094B75
:106A70001B6807F108021146184623F08DF80346FB
:106A8000002B01D014F0CEF9002318462037BD4664
:106A900080BD00BFF84B0020F64B0020AD6402081B
:106AA000B567020880B582B000AF78600B467B8086
:106AB000786800F031F8134B1B68D9687A88134660
:106AC0009B0013445B00994212D07A8813469B00C6
:106AD00013445B001A460B4B1B68DA60094B1B68BA
:106AE000184621F08FFF0346002B01D014F09AF9CD
:106AF000044B1B68184621F0E1FF002318460837B5
:106B0000BD4680BDF84B002080B500AF19F0E8FD10
:106B10000346184680BD000080B483B000AF7860A3
:106B20007B684B4A934206D14A4B00221A704A4B6B
:106B30004A4A1A6085E07B68B3F1804F06D1454B25
:106B400001221A70444B464A1A607AE07B68454A33
:106B5000934206D13F4B01221A703F4B424A1A60C2
:106B60006FE07B68414A934206D13A4B01221A708A
:106B7000394B3F4A1A6064E07B683E4A934206D133
:106B8000344B02221A70344B3B4A1A6059E07B683E
:106B90003A4A934206D12F4B02221A702E4B384AA2
:106BA0001A604EE07B68374A934206D1294B002297
:106BB0001A70294B344A1A6043E07B68334A934287
:106BC00006D1244B03221A70234B314A1A6038E055
:106BD0007B68304A934206D11E4B04221A701E4B2A
:106BE0002D4A1A602DE07B682C4A934206D1194B3E
:106BF00004221A70184B2A4A1A6022E07B68294A3C
:106C0000934206D1134B03221A70134B264A1A6083
:106C100017E07B68254A934206D10E4B04221A7076
:106C20000D4B234A1A600CE07B68224A934206D13E
:106C3000084B04221A70084B1F4A1A6001E0012316
:106C400000E0002318460C37BD465DF8047B704712
:106C500000000140F64B0020F84B002008650020A2
:106C6000BC65002000040040706600200008004061
:106C70002467002000100040D86700200014004066
:106C80008C68002000040140406900200040014061
:106C9000F469002000440140A86A00200048014037
:106CA0005C6B002000180040106C0020001C0040AD
:106CB000C46C002000200040786D002080B582B0B8
:106CC00000AF78600B467B80FAF742FB054A7B6891
:106CD0001360054A7B881380002318460837BD4699
:106CE00080BD00BFFC4B0020004C002090B59DB043
:106CF00000AFF860B9607A600123BB66002387F8B3
:106D00006730002387F85630A34B1B883B65002370
:106D100087F84F30002387F84E300023BB640023F0
:106D200087F847309C4B1B883B64002387F83F3033
:106D3000002387F83E300023BB87002387F83B30D1
:106D4000002387F83A307B68002B02D07B68802BC9
:106D500001D90223A7E3BB681B78232B01D00323AF
:106D6000A1E37B68013BBA6813441B780D2B03D168
:106D70007B68023BFB6615E07B68013BBA68134405
:106D80001B780A2B0CD17B68023BBA6813441B7832
:106D90000D2B03D17B68033BFB6603E0022382E3F8
:106DA000042380E301233B6612E397F86730062B48
:106DB00000F2088301A252F823F000BFD96D020847
:106DC0004D6E0208A96F020889700208AB710208B3
:106DD000857202089F730208BA683B6E13441B78E1
:106DE00001336E4A13441B7803F00403002B12D0C6
:106DF000BA683B6E1A4497F85630127870333B44A9
:106E000003F8482C97F85630013387F856303B6E1C
:106E100001333B66D6E297F85630002B01D10223AE
:106E200041E397F8563070333B44002203F8482C76
:106E300007F128030A220021184624F089FE0346A0
:106E400087F85730012387F86730BBE2BA683B6E9A
:106E500013441B780133514A13441B7803F0030396
:106E6000002B27D0BA683B6E13441B7887F8383064
:106E700097F838300133494A13441B7803F0030371
:106E8000022B03D197F83830203B01E097F83830D7
:106E900097F84F20D9B202F170033B440A4603F839
:106EA000482C97F84F30013387F84F303B6E013351
:106EB0003B6684E297F84F30002B01D10223F2E2C7
:106EC00097F84F3070333B44002203F8482C0023DE
:106ED000FB6552E097F84F40314B1968FA6D134645
:106EE0005B0013449B000B445B681846FAF700F8FC
:106EF00003469C423ED12A4B1968FA6D13465B004B
:106F000013449B000B445A6807F1280311461846A6
:106F1000F9F7E4FF0346002B2CD1214B1968FA6DD9
:106F200013465B0013449B000B441B783B651C4BD2
:106F30001968FA6D13465B0013449B000B441B7ADF
:106F4000002B09D0174B93F89C32DBB2032B03D1F3
:106F5000052387F8673016E0BA683B6E13441B7848
:106F60000D2B03D0022387F867300CE0062387F847
:106F7000673008E0FB6D0133FB65074B1B881A4641
:106F8000FB6D9342A6D3044B1B881A46FB6D9342BC
:106F9000C0F01582022386E2004C0020CCDD0408FC
:106FA000FC4B00208037002097F84E30002B29D171
:106FB000BA683B6E13441B782D2B0BD0BA683B6E1E
:106FC00013441B780133AC4A13441B7803F00403C9
:106FD000002B15D0012387F84E30BA683B6E1A4457
:106FE00097F84730127870333B4403F8482C97F8F1
:106FF0004730013387F847303B6E01333B66E1E1B0
:10700000022350E2BA683B6E13441B7801339A4A5C
:1070100013441B7803F00403002B12D0BA683B6EB4
:107020001A4497F84730127870333B4403F8482CE1
:1070300097F84730013387F847303B6E01333B66A2
:10704000C0E197F84730002B01D102232BE297F8DB
:10705000473070333B44002203F8482C07F12803E3
:107060000A220021184624F0F7FCB864BA683B6E87
:1070700013441B780D2B03D0032387F86730A1E15D
:10708000062387F867309DE1BA683B6E13441B788E
:107090000133794A13441B7803F00303002B27D0F4
:1070A000BA683B6E13441B7887F8393097F839304B
:1070B0000133714A13441B7803F00303022B03D1FD
:1070C00097F83930203B01E097F8393097F83F20A6
:1070D000D9B202F170033B440A4603F8482C97F8F2
:1070E0003F30013387F83F303B6E01333B6668E148
:1070F00097F83F30002B01D10223D4E197F83F30BD
:1071000070333B44002203F8482C0023BB653DE06C
:1071100097F83F40594B1968BA6D13465B0013440A
:107120009B000B445B681846F9F7E2FE03469C425D
:1071300029D1524B1968BA6D13465B0013449B006A
:107140000B445A6807F1280311461846F9F7C6FEA2
:107150000346002B17D1494B1968BA6D13465B00E3
:1071600013449B000B441B783B64BA683B6E13448A
:107170001B780D2B03D0042387F867300CE006231F
:1071800087F8673008E0BB6D0133BB653C4B1B885B
:107190001A46BB6D9342BBD3394B1B881A46BB6D55
:1071A0009342C0F00E8102237DE197F83E30002B20
:1071B00029D1BA683B6E13441B782D2B0BD0BA68CB
:1071C0003B6E13441B7801332B4A13441B7803F0A6
:1071D0000403002B15D0012387F83E30BA683B6EBC
:1071E0001A4497F83B30127870333B4403F8482C2C
:1071F00097F83B30013387F83B303B6E01333B66F9
:10720000E0E002234FE1BA683B6E13441B78013380
:10721000194A13441B7803F00403002B12D0BA68F8
:107220003B6E1A4497F83B30127870333B4403F8B6
:10723000482C97F83B30013387F83B303B6E0133E5
:107240003B66BFE097F83B30002B01D102232AE1D7
:1072500097F83B3070333B44002203F8482C07F189
:1072600028030A220021184624F0F6FB0346BB87B8
:10727000062387F86730A5E0CCDD0408FC4B00202E
:10728000004C002097F84E30002B29D1BA683B6E95
:1072900013441B782D2B0BD0BA683B6E13441B781C
:1072A0000133834A13441B7803F00403002B15D0E9
:1072B000012387F84E30BA683B6E1A4497F847307E
:1072C000127870333B4403F8482C97F84730013369
:1072D00087F847303B6E01333B6673E00223E2E000
:1072E000BA683B6E13441B780133714A13441B7810
:1072F00003F00403002B12D0BA683B6E1A4497F8CF
:107300004730127870333B4403F8482C97F84730E5
:10731000013387F847303B6E01333B6652E097F804
:107320004730002B01D10223BDE097F8473070337E
:107330003B44002203F8482C97F83A305A1C87F84F
:107340003A201C4607F128030A220021184624F09F
:1073500083FB0246A30070333B4443F8602CBA68B9
:107360003B6E13441B780D2B02D02C2B04D013E062
:10737000062387F8673011E097F83A30062B01D9D9
:10738000022390E03B6E01333B66002387F84E30CA
:10739000002387F8473001E0022384E012E0BA6856
:1073A0003B6E13441B780D2B07D1FB6E01333A6EF5
:1073B0009A4202D10023BB6604E0022373E000BFBF
:1073C00000E000BF3A6E7B689A4201D902236AE06E
:1073D000BB6E002B7FF4E9AC28220021F86824F072
:1073E0002DFA344B1968FA6D13465B0013449B0069
:1073F0000B441B7A002B33D1FB6897F857201A7087
:107400003B6DDAB2FB685A7097F84730002B03D017
:10741000FB6801229A7002E0FB6800229A70FB6808
:10742000BA6C5A6097F83F30002B03D0FB680122FA
:107430001A7202E0FB6800221A723B6CDAB2FB6837
:107440005A7297F83B30002B03D0FB6801229A72E6
:1074500002E0FB6800229A72FB68BA8F9A8121E0F1
:10746000FB6897F857201A703B6DDAB2FB685A70C8
:10747000FB6897F83A209A730023BB660DE0BB6E59
:107480009B0070333B4453F8601CFB68BA6E0432B7
:1074900043F82210BB6E0133BB6697F83A30BA6EE0
:1074A0009A42ECDB002318467437BD4690BD00BFFE
:1074B000CCDD0408FC4B002080B588B000AFF8603C
:1074C000B9603B601346FB710023FB6100237B61C5
:1074D000FB7903F00403002B06D1FB695A1CFA6107
:1074E000BA6813442A221A70FB7903F00103002BB7
:1074F00014D1BA68FB69D018FB69C3F18001FB683D
:107500001B78474A24F0A2F978617B69002B01DAE5
:10751000052380E07B69FA691344FB61FB7903F082
:107520000803002B41D10023BB610FE03D4B1968DC
:10753000BA6913465B0013449B000B441A78FB683E
:107540005B789A4209D0BB690133BB61364B1B881B
:107550001A46BB699342E9D300E000BF324B1B8857
:107560001A46BB69934201D3052354E0BA68FB690C
:10757000D0182C4B1968BA6913465B0013449B0062
:107580000B445B68194624F0B5F9264B1968BA69B3
:1075900013465B0013449B000B445B681846F9F7E5
:1075A000A7FC0246FB691344FB61FB7903F002036D
:1075B000002B15D1BA68FB69D018FB69C3F18001B3
:1075C000FB685B68164A24F041F978617B69002BFF
:1075D00001DA05231FE07B69FA691344FB610DE0C2
:1075E000BA68FB6913443968184624F083F938688F
:1075F000F9F77EFC0246FB691344FB61FB695A1CE8
:10760000FA61BA6813440D221A70BA68FB69134410
:1076100000221A70002318462037BD4680BD00BFE7
:1076200008C40408FC4B0020004C002080B582B048
:1076300000AF78600E4B93F89C32DBB2032B11D174
:1076400002E0012019F058F87868F9F751FC034678
:107650001A4679680748FBF7BDFC0346002BF0D1BA
:10766000F9F732FE002318460837BD4680BD00BF3B
:10767000803700207C17002080B483B000AF786092
:10768000094B93F89C32DBB2032B03D17B680122B8
:107690001A7002E07B6800221A70002318460C372B
:1076A000BD465DF8047B70478037002090B58BB0F5
:1076B00000AF786101237B624FF44063FB834FF49A
:1076C00080716A48FFF7FAFA88220021684824F09E
:1076D000B5F8684B1B680021184617F092FE034668
:1076E000654A1360644B1B6801221A70624B1B6869
:1076F00000225A705F4B1B685F4A12681146184699
:1077000017F094FEC9E05B4B59685C4C3B46002285
:10771000184617F0C9FE3B4693E8070084E80700C7
:10772000564B1B68202B40F0B880544B5B68544A82
:107730001360534B1B685B78023B0D2B00F2938068
:1077400001A252F823F000BF6178020867780208AE
:1077500067780208817702089B770208AD770208F4
:10776000F1770208FF7702080D7802081B780208FB
:107770002978020837780208457802085378020809
:107780003F4B1B685B68DAB23E4B1A703D4B1B786F
:10779000FE211846FBF750FE77E0394B1B685B680B
:1077A000DBB2002B70D0FBF78DFE6DE0344B1B6815
:1077B0005B68DAB22E4B1A7000233B6211E02C4B4F
:1077C00093F875305AB201213B6A01FA03F35BB2B8
:1077D00013435BB2DAB2264B83F875203B6A013360
:1077E0003B62234B1B781A463B6A9342E7DB4CE033
:1077F000234B1B685B68DAB21D4B5A7045E0204B87
:107800001B685B68DAB21A4B9A703EE01C4B1B682F
:107810005B68DAB2164BDA7037E0194B1B685B68AD
:10782000DAB2134B1A7130E0154B1B685B68DAB2A1
:107830000F4B5A7129E0124B1B685B68DAB20C4B94
:107840009A7122E00E4B1B685B68DAB2084BDA7162
:107850001BE00B4B1B685B689AB2054B1A8114E066
:1078600000237B6211E000BF0FE000BF8CD1040851
:10787000B04C0020486E00200C500020384D0020F5
:1078800008500020AC4C002000BFA74B5B68A74A03
:1078900012681146184617F07BFE7B6A002B7FF4B6
:1078A00032AFA34B00221A70A148FFF7E5FE9E4BB2
:1078B0001B680021184617F0A4FD03469D4A13607B
:1078C0009C4B1B6801221A709A4B1B6815225A7038
:1078D000974B1A78974B1B685A60934B1B68954AD5
:1078E00012681146184617F0A1FDFFF70DF903467F
:1078F000914A13608C4B5968904C3B4600221846C5
:1079000017F0D2FD3B4693E8070084E807008B4B55
:107910001B68202B40F0E082884B5B68834A136031
:10792000824B1B685B78033B2C2B00F2CD8201A2BB
:1079300052F823F0057A0208C97E0208C97E0208BF
:10794000C97E0208C97E0208C97E0208C97E0208F3
:10795000C97E0208C97E0208C97E0208C97E0208E3
:10796000C97E0208C97E0208C97E0208C97E0208D3
:10797000C97E0208E9790208EF790208C97E020887
:10798000F5790208FD790208C97E0208C97E02085D
:10799000C97E0208C97E0208C97E0208C97E0208A3
:1079A000C97E0208C97E0208C97E0208C97E020893
:1079B000C97E0208C97E0208C97E0208C97E020883
:1079C000417A0208C97E0208197B0208C97E0208B2
:1079D000E57D0208C97E02081D7C0208C97E0208F6
:1079E000F77C0208BF7E0208FBF76CFD6CE2FBF738
:1079F00075FD69E2524B01221A7065E2504B00227C
:107A00001A7061E2484B1B680021184617F0F9FC18
:107A10000346484A1360474B1B6801221A70454BC6
:107A20001B6804225A70434B1B6800225A603E4B6D
:107A30001B68404A12681146184617F0F7FC43E2EB
:107A40003B4B1B78002B2DD000233B6223E03D4AAB
:107A50003B6A134401331A783B4B1B789A4217D187
:107A6000324B1B685A6837493B6A02339B000B4410
:107A70005A60344B93F87B305AB201213B6A01FAC9
:107A800003F35BB213435BB2DAB22E4B83F87B2075
:107A90003B6A01333B622B4B1B781A463B6A93428D
:107AA000D5DB11E2284B1B781B0243F44023254A07
:107AB00092F8842013431A46244B1A60234B082261
:107AC0005A60224B82221A72184B1B685B68DAB22A
:107AD0001E4B5A72154B1B685B681B12DAB21B4BAC
:107AE0009A72124B1B685B681B14DAB2174BDA727E
:107AF0000E4B1B685B681B16DAB2144B1A73134BE0
:107B000000225A73114B00229A73104B0022DA7331
:107B10000E48FBF7EFFCD7E1054B1B78002B43D059
:107B200000233B6239E000BF486E0020085000206F
:107B3000BD4D00200C500020044C0020384D00208A
:107B400014500020B04C0020AC4C0020DC4F002032
:107B5000824A3B6A134401331A78814B1B789A425C
:107B600018D1804B1B685B68D9B27C4A3B6A1344CE
:107B700024330A461A70794B93F87D305AB20121AA
:107B80003B6A01FA03F35BB213435BB2DAB2734BA5
:107B900083F87D203B6A01333B62704B1B781A46A9
:107BA0003B6A9342D4DB8FE16D4B1B781B0243F49D
:107BB00040236A4A92F8842013431A466A4B1A609B
:107BC000694B08225A60684B83221A72654B1B6806
:107BD0005B68DAB2644B5A72624B1B685B681B12BB
:107BE000DAB2614B9A725F4B1B685B681B14DAB2A6
:107BF0005D4BDA725B4B1B685B681B16DAB25A4B43
:107C00001A73594B00225A73574B00229A73564BE2
:107C10000022DA735448FBF76DFC55E1534B1B7897
:107C2000002B2ED000233B6224E04C4A3B6A1344D5
:107C300001331A784A4B1B789A4218D1494B1B687A
:107C40005B681946454A3B6A10339B0013445960F0
:107C5000424B93F881305AB201213B6A01FA03F397
:107C60005BB213435BB2DAB23C4B83F881203B6AD0
:107C700001333B62394B1B781A463B6A9342D4DB93
:107C800022E1374B1B781B0243F44023334A92F81E
:107C9000842013431A46344B1A60334B08225A602F
:107CA000314B85221A722F4B1B685B68DAB22E4B60
:107CB0005A722C4B1B685B681B12DAB22A4B9A7201
:107CC000284B1B685B681B14DAB2274BDA72254B12
:107CD0001B685B681B16DAB2234B1A73224B002217
:107CE0005A73214B00229A731F4B0022DA731E48ED
:107CF000FBF700FCE8E01D4B1B78002B38D000237D
:107D00003B6224E0154A3B6A134401331A78144B52
:107D10001B789A4218D1134B1B685B6819460F4AAF
:107D20003B6A16339B00134459600C4B93F8833025
:107D30005AB201213B6A01FA03F35BB213435BB20F
:107D4000DAB2064B83F883203B6A01333B62034B74
:107D50001B781A463B6A9342D4DBB5E0B04C002056
:107D6000AC4C002008500020DC4F0020BD4D00200E
:107D70007B4B1B781B0243F440237A4A92F8842001
:107D800013431A46784B1A60774B08225A60764B99
:107D900086221A72754B1B685B68DAB2724B5A7294
:107DA000724B1B685B681B12DAB26F4B9A726F4B97
:107DB0001B685B681B14DAB26B4BDA726B4B1B6887
:107DC0005B681B16DAB2684B1A73674B00225A7352
:107DD000654B00229A73644B0022DA736248FBF70A
:107DE00089FB71E0624B1B78002B2ED000233B6295
:107DF00024E05C4A3B6A134401331A78584B1B78E1
:107E00009A4218D1594B1B685B681946554A3B6A20
:107E10000A339B0013445960524B93F87F305AB297
:107E200001213B6A01FA03F35BB213435BB2DAB29E
:107E30004C4B83F87F203B6A01333B62494B1B78F4
:107E40001A463B6A9342D4DB3EE0454B1B781B024B
:107E500043F44023434A92F8842013431A46424B8A
:107E60001A60414B08225A603F4B84221A723F4BE2
:107E70001B685B68DAB23C4B5A723C4B1B685B6810
:107E80001B12DAB2384B9A72384B1B685B681B14B2
:107E9000DAB2354BDA72354B1B685B681B16DAB207
:107EA000314B1A73304B00225A732F4B00229A73B6
:107EB0002D4B0022DA732C48FBF71CFB04E0294B06
:107EC000012283F8742000BF2A4B5B68274A12689E
:107ED0001146184617F05CFB274A28492848FBF74B
:107EE000D5F80346002B40F00D8200233B620DE0E5
:107EF000244B1B781A463B6A134420493A6A0A44C9
:107F00001178214AD1543B6A01333B623A6A1A4BD9
:107F10001B689A42ECD3184B1B68DAB2194B1B78DA
:107F20001344DAB2174B1A70164B1B781A461649CF
:107F30001648FEF7DBFE03467B777B7F002B40F085
:107F40005B81104B00221A70104B5B78772B1FD986
:107F50000E4B5B78862B1BD800F086FED2E100BF6B
:107F6000AC4C0020B04C0020DC4F0020085000201A
:107F7000BD4D0020486E0020404E0020C04D002026
:107F800078070020C44F0020C44E0020444D00203C
:107F9000944B1A78944B1B789A4246D1934B1B68AA
:107FA0000021184617F02DFA0346914A1360904BB2
:107FB0001B6800221A708E4B1B6800225A708C4B73
:107FC0001B68FF229A708A4B1B68864A1278DA7007
:107FD000874B1B68834A52781A71854B1B68814A0C
:107FE00092785A71824B1B687E4A52689A60804B25
:107FF0001B687C4A127A1A737D4B1B68794A527A45
:108000005A737B4B1B68774A927A9A73784B1B683A
:10801000744AB2F90C201A82744B1B68744A1268B5
:108020001146184617F002FA6CE16E4B1B78FE2BD6
:1080300040F08F806D4B1B680021184617F0E1F966
:1080400003466B4A13606A4B1B6800221A70684B28
:108050001B6800225A70664B1B68FF229A70644BA3
:108060001B68604A1278DA70614B1B685D4A52786F
:108070001A715F4B1B685B4A92785A715C4B1B68A4
:10808000584A52689A605A4B1B68564A127A1A73B9
:10809000574B1B68534A527A5A73554B1B68514AC7
:1080A000927A9A73524B1B684E4AB2F90C201A828C
:1080B0004E4B1B684E4A12681146184617F0B6F927
:1080C000484B9B789A04474B1B7A5B041A43454BF9
:1080D0009B7A1B041A43444B1B781B021343414AEF
:1080E000127813431A46434B1A60424B08225A60D7
:1080F0003C4B5A783F4B1A723A4B5B68DAB23D4BB5
:108100005A72384B5B681B12DAB23A4B9A72354B93
:108110005B681B14DAB2374BDA72324B5B681B16A2
:10812000DAB2344B1A732F4B5A7A324B5A732D4BA7
:10813000B3F90C30DAB22F4B9A732A4BB3F90C30E7
:108140001B121BB2DAB22B4BDA732A48FBF7D2F9B7
:10815000D8E0244B9B789A04224B1B7A5B041A4389
:10816000204B9B7A1B041A431F4B1B781B021343A3
:108170001C4A127813431A461E4B1A601D4B0822E4
:108180005A60184B5A781B4B1A72164B5B68DAB25E
:10819000184B5A72134B5B681B12DAB2154B9A726A
:1081A000104B5B681B14DAB2124BDA720D4B5B6832
:1081B0001B16DAB20F4B1A730A4B5A7A0D4B5A73CD
:1081C000084BB3F90C30DAB20A4B9A73054BB3F98A
:1081D0000C301B121BB2DAB2064BDA730548FBF700
:1081E00089F98FE0444D0020AC4C0020446E002003
:1081F00000500020DC4F00207B7F032B3AD1062269
:108200009349944823F07EFB0346002B11D1924BF7
:1082100000221A7003229149914823F001FB904BF0
:108220000D22DA708E4B00221A718D48FFF7FEF98D
:1082300068E0894B00221A708A4B1B68002118469F
:1082400017F0DFF80346884A1360874B1B6801224A
:108250001A70854B1B6810225A70834B1B680022D2
:108260005A60804B1B68804A12681146184617F006
:10827000DDF847E07B7F042B24D1774B1B78802BE4
:1082800040D9754B00221A70764B1B6800211846A6
:1082900017F0B7F80346744A1360734B1B6801224A
:1082A0001A70714B1B6810225A706F4B1B680022AA
:1082B0005A606C4B1B686C4A12681146184617F0DE
:1082C000B5F81FE0644B00221A70664B1B68002152
:1082D000184617F096F80346634A1360624B1B6812
:1082E00001221A70604B1B6810225A705E4B1B688B
:1082F00000225A605B4B1B685B4A126811461846A5
:1083000017F094F8594A5A495A48FAF7BFFE0346FB
:10831000002B40F00B81554B1B681A4654495648B8
:10832000FBF7C4F90346002B40F00081524B1B6859
:10833000DB0C03F00103002B7ED14F4B1B7A772B14
:1083400007D94D4B1B7A862B03D8002001F098FEED
:10835000ECE04A4B1B680021184617F052F8034620
:10836000474A1360464B1B6801221A70424B1B6838
:10837000DB0CDAB2424B1B6802F00102D2B25A7037
:108380003D4B1B681A0A3E4B1B68D2B29A703A4B9F
:108390001A683B4B1B68D2B2DA70394B1B68364AFD
:1083A000127A1A71344B1B689B0CDAB2344B1B687F
:1083B00002F00102D2B25A712F4B1B7B1A062E4BD0
:1083C000DB7A1B041A432C4B9B7A1B021A432A4B61
:1083D0005B7A19462A4B1B680A439A60264B1B6836
:1083E0005B0CDAB2264B1B6802F00102D2B21A73A0
:1083F000234B1B68204A527B5A731F4B1B681B0C74
:10840000DAB21F4B1B6802F00102D2B29A731A4B08
:10841000DB7B1B0219B2184B9B7B1AB2184B1B68F3
:108420000A4312B21A82154B1B68154A126811468C
:10843000184616F0FBFF79E00F4B1B7A772B21D9FA
:108440000D4B1B7A862B1DD8012001F019FE6DE023
:108450004CCC0408C44E0020C44F002054CC040867
:1084600018500020486E00200C500020FC4F0020C7
:10847000EC4F0020A03A0020CC4F0020446E00209A
:1084800000500020544B1B681B0ADAB2534B1A7081
:10849000514B1A7A514B5A704F4B1B689B0CDBB2F5
:1084A00003F00103DAB24D4B9A704B4B1B7B1A065B
:1084B000494BDB7A1B041A43474B9B7A1B0213433D
:1084C000454A527A1343454A5360434B1B685B0C41
:1084D000DBB203F00103DAB2404B1A723E4B5A7B17
:1084E0003E4B5A723C4B1B681B0CDBB203F0010382
:1084F000DAB23A4B9A72384BDB7B1B021AB2364B1C
:108500009B7B1BB213431AB2344B9A8100F04EF995
:10851000334B1A78334B1B6833493048FEF7CCFF96
:108520000346002B02D13048FFF780F82F4B196823
:108530002F4C3B460022184616F0B6FF3B4693E808
:10854000070084E807002A4B1B68202B40F0B68008
:10855000274B5B68274A1360264B1B681B78002B50
:108560004AD1244B1B689A781C4B1A70214B1B680C
:108570001A791A4B5A701F4B1B685A79174B9A700D
:108580001C4B1B689B68154A53601A4B1B681A7B6F
:10859000124B1A72174B1B685A7B104B5A72154BB1
:1085A0001B689A7B0D4B9A72124B1B68B3F9102013
:1085B0000A4B9A8100F0FAF8094B1A78094B1B68AC
:1085C00009490648FEF778FF0346002B6ED106489E
:1085D000FFF72CF86AE000BFCC4F00206C4D002064
:1085E000C54F0020C84F0020444E0020406E0020A0
:1085F000384D002004500020604B1B685B78DA0483
:108600005E4B1B685B799B041A435C4B1B681B7BAE
:108610005B041A43594B1B689B7B1B041A43574B43
:108620001B689B781B021343544A1268D278134389
:108630001A46534B1A60524B08225A604F4B1B6824
:108640001A794F4B1A724D4B1B689B68DAB24C4B30
:108650005A724A4B1B689B681B12DAB2484B9A72DB
:10866000464B1B689B681B14DAB2454BDA72434BCE
:108670001B689B681B0EDAB2414B1A733F4B1B6899
:108680005A7B3F4B5A733D4B1B68B3F91030DAB23B
:108690003B4B9A73394B1B68B3F910301B121BB25A
:1086A000DAB2374BDA733648FAF724FF354B1B68DA
:1086B000324A12681146184616F06AFF01F0D2FAE3
:1086C000314B1B78002B01D002F0F0F8FEF71CFABA
:1086D00002462E4B1B68D31AFA2B25D92C48FEF7DD
:1086E000CBFF2C4B1B680021184616F08AFE034670
:1086F000294A1360284B1B6801221A70264B1B68FD
:1087000015225A70224B1A78234B1B685A60214B52
:108710001B68214A12681146184616F087FEFEF7BC
:10872000F3F90346194A13601C4B19681C4C3B466D
:108730000022184616F0B8FE3B4693E8070084E88E
:108740000700174B1B68202B7FF4D4A8144B5B68E1
:10875000144A1360144B1B78002B05D0114B1B6877
:108760001B681846FEF762FF0C4B1B680D4A126827
:108770001146184616F00CFFFFF7BCB80450002055
:10878000DC4F0020406E0020BC4D0020044C002037
:10879000BD4D0020486E00200C5000205C6E002073
:1087A000384D0020105000201450002080B586B0B5
:1087B00002AFA64B5B78B92B00F0F480B92B00F325
:1087C0003E82862B00F33B827F2B0ADA122B67D086
:1087D000122BC0F234824A2B00F331822B2B17DA92
:1087E0002DE27F3B072B00F22A8201A252F823F0F0
:1087F000DD8902083F8C02083F8C0208378A020894
:10880000D18A02082B8B0208878B0208E38B0208AF
:108810002B3B1F2B00F2138201A252F823F000BF62
:10882000C7880208EF8802083D8902083F8C0208C9
:108830003F8C02083F8C02083F8C02083F8C0208E4
:108840003F8C02083F8C02083F8C02083F8C0208D4
:108850003F8C02083F8C02083F8C02083F8C0208C4
:108860003F8C02083F8C02083F8C02083F8C0208B4
:108870003F8C02083F8C02083F8C02083F8C0208A4
:108880003F8C02083F8C02083F8C02083F8C020894
:108890003F8C02083F8C02083F8C0208EF880208D8
:1088A0006A4B5B68B3F1004F06D1694B02221A7024
:1088B000684B694A1A60C9E1654B00221A70654B22
:1088C00000221A60C2E1624B02221A705F4B5B68A1
:1088D000FF2B04D1614B1B685E4A1360B6E15B4B12
:1088E0005B685F4A52F833305A4A1360AEE1574B27
:1088F0009B7A002B1BD0564B02221A70534BB3F9B4
:108900000C301B0ADAB2514BB3F90C309BB2D9B21E
:108910004E4B5B6800930B465249534822F0CAFF06
:10892000514B0022DA734B4B4F4A1A608EE1484B91
:1089300000221A70474B00221A6087E1444B022242
:108940001A700023BB6000237B60BB68474A9818FD
:108950003E4B5B7A1B043D4AB2F90C2092B21A439B
:10896000434B13441A46434922F0A4FF7860BA6887
:108970007B681344BB60BB683C4A1344334A52686B
:108980003D49184622F096FF7860BA687B68134428
:10899000BB60364ABB68134400221A702D4B334A21
:1089A0001A6053E12A4B02221A70284BB3F90C309B
:1089B0001B0ADAB2254BB3F90C309BB2D9B2234B68
:1089C0005B6800930B462749274822F073FF264B2C
:1089D0000022DA731F4B244A1A6037E11C4B022233
:1089E0001A700023BB6000237B600023FB6013E050
:1089F000BB68224A9818224AFB68134401331B784B
:108A00001A46204922F056FF7860BA687B68134402
:108A1000BB60FB680133FB60194B1B781A46FB688F
:108A20009342E5DBBB68013B144A0021D154094B5A
:108A3000124A1A600AE1064B02221A700023BB6038
:108A400000237B600023FB6033E000BF6C4D0020FF
:108A5000C54F0020C84F002058CC0408A4DD0408EE
:108A60008CDD04085CCC0408084C0020184C002065
:108A7000002D310168CC04086CCC04082C4C00207B
:108A8000B04C002074CC0408BB68724A9818724A33
:108A9000FB6802339B0013445B681A466F4922F05F
:108AA00009FF7860BA687B681344BB60FB680133D8
:108AB000FB60694B1B781A46FB689342E4DBBB689A
:108AC000013B644A0021D154654B624A1A60BDE003
:108AD000644B02221A700023BB6000237B600023DA
:108AE000FB6013E0BB685B4A98185B4AFB68134461
:108AF00024331B781A46594922F0DCFE7860BA68A4
:108B00007B681344BB60FB680133FB60524B1B78EE
:108B10001A46FB689342E5DBBB68013B4D4A0021E6
:108B2000D1544F4B4B4A1A6090E04E4B02221A70C0
:108B30000023BB6000237B600023FB6014E0BB6864
:108B4000444A9818444AFB680A339B0013445B6804
:108B50001A46424922F0AEFE7860BA687B68134438
:108B6000BB60FB680133FB603B4B1B781A46FB681C
:108B70009342E4DBBB68013B364A0021D154384BB9
:108B8000344A1A6062E0374B02221A700023BB603D
:108B900000237B600023FB6014E0BB682D4A98181B
:108BA0002D4AFB6810339B0013445B681A462B491F
:108BB00022F080FE7860BA687B681344BB60FB6873
:108BC0000133FB60244B1B781A46FB689342E4DBBD
:108BD000BB68013B1F4A0021D154214B1D4A1A603A
:108BE00034E0204B02221A700023BB6000237B601C
:108BF0000023FB6014E0BB68164A9818164AFB680D
:108C000016339B0013445B681A46144922F052FE47
:108C10007860BA687B681344BB60FB680133FB6013
:108C20000D4B1B781A46FB689342E4DBBB68013BA3
:108C3000084A0021D1540A4B064A1A6006E0094B43
:108C400000221A70064B00221A6000BF00BF1037C6
:108C5000BD4680BD2C4C0020B04C002074CC0408D4
:108C6000C84F0020C54F0020B0B582B000AF002330
:108C7000FB700023BB70FF237B70974B5B78783BC6
:108C80000E2B00F2E38701A252F823F0C98C0208F0
:108C9000958D0208E98E0208818F02081B90020858
:108CA000BB93020879970208839702088D97020800
:108CB00097970208A19702086F9802083D99020849
:108CC000259A0208299B0208834B5B68012B42DD31
:108CD000814B5B68062B3EDC7F4B5B68DAB27F4BD7
:108CE0001A707F4B1B680021184616F08AFB03465A
:108CF0007C4A13607B4B1B6801221A70794B1B68FE
:108D000018225A70754B1A78764B1B685A60744B50
:108D10001B68744A12681146184616F087FB002338
:108D20007B600CE001227B6802FA03F35AB297F9E8
:108D3000023013435BB2BB707B6801337B60674BCF
:108D40001B781A467B689342ECDB644ABB7882F856
:108D5000753000F07BBF624B1B680021184616F08F
:108D600050FB03465F4A13605E4B1B6801221A707A
:108D70005C4B1B6811225A705A4B1B6800225A60C8
:108D8000574B1B68574A12681146184616F04EFB9F
:108D900000F05CBF514B1A784F4B9B7B9A421ED020
:108DA0004F4B1B680021184616F02BFB03464D4A1B
:108DB00013604C4B1B6801221A704A4B1B6811222E
:108DC0005A70484B1B6800225A60454B1B68454A45
:108DD00012681146184616F029FB00F037BF002331
:108DE0007B6012E03C4A7B68043352F82330002B4E
:108DF00006DD394A7B68043352F82330992B01DDB4
:108E00000123FB707B6801337B60344B1B781A466F
:108E10007B689342E6DBFB78002B3DD100237B602F
:108E200032E02D4A7B68043352F82330D9B22B4A02
:108E30007B68134401330A461A70294B1B680021D2
:108E4000184616F0DEFA0346264A1360254B1B68C7
:108E500001221A707B68DAB2224B1B681932D2B237
:108E60005A701E4A7B68134401331A781D4B1B68E5
:108E70005A601B4B1B681B4A12681146184616F0B5
:108E8000D5FA7B6801337B60144B1B781A467B68EC
:108E90009342C6DB00F0DABE114B1B680021184676
:108EA00016F0AFFA03460F4A13600E4B1B680122FF
:108EB0001A700C4B1B6811225A700A4B1B68002257
:108EC0005A60074B1B68074A12681146184616F08D
:108ED000ADFA00F0BBBE00BF444D0020B04C0020F6
:108EE000486E00200C500020A44B5B68002B28DB50
:108EF000A24B5B68042B24DCA04B5B68DAB2A04B6E
:108F0000DA71A04B1B680021184616F07AFA034666
:108F10009D4A13609C4B1B6801221A709A4B1B6878
:108F20001F225A70964BDA79974B1B685A60954B03
:108F30001B68954A12681146184616F077FA00F039
:108F400085BE904B1B680021184616F05AFA03465E
:108F50008D4A13608C4B1B6801221A708A4B1B6868
:108F600011225A70884B1B6800225A60854B1B687F
:108F7000854A12681146184616F058FA00F066BE87
:108F80007E4B5B68092B29DD7C4B5B68B3F57A7FF0
:108F900024DC7A4B5B689AB2794B1A81794B1B6857
:108FA0000021184616F02DFA0346774A1360764BD7
:108FB0001B6801221A70744B1B6820225A70704B78
:108FC0001A89714B1B685A606E4B1B686E4A126897
:108FD0001146184616F02AFA00F038BE694B1B6895
:108FE0000021184616F00DFA0346674A1360664BD7
:108FF0001B6801221A70644B1B6811225A70624B65
:109000001B6800225A605F4B1B685F4A126811465A
:10901000184616F00BFA00F019BE594B1A78574B48
:109020009B7B9A421ED0574B1B680021184616F0B6
:10903000E8F90346544A1360534B1B6801221A7027
:10904000514B1B6811225A704F4B1B6800225A600B
:109050004C4B1B684C4A12681146184616F0E6F94C
:1090600000F0F1BD464B93F87430002B75D0474AA1
:10907000424B14461D460FCD0FC40FCD0FC495E8CB
:10908000030084E80300424B1B7843F00103DAB28B
:109090003F4B1A703A4B002283F87D2000237B60FF
:1090A00053E0374A7B68134401331A78394B1B78F5
:1090B0009A421DD1334B1B680021184616F0A1F9C6
:1090C0000346314A1360304B1B6801221A702E4B45
:1090D0001B6827225A702C4B1B6800225A60294BB0
:1090E0001B68294A12681146184616F09FF929E0B4
:1090F000284B1B781B0222497A680A4401321278F5
:1091000013431A46244B1A60234B08225A60224B01
:1091100083221A72204B00225A721F4B00229A722D
:109120001D4B0022DA721C4B00221A731A4B0022CC
:109130005A73194B00229A73174B0022DA731648A0
:10914000FAF7D8F97B6801337B600D4B1B781A4620
:109150007B689342A5DB00F076BD094BDB79032BDE
:1091600000F2718501A252F823F000BF9D91020820
:1091700095920208B5930208B5930208444D002069
:10918000B04C0020486E00200C500020944D002070
:10919000BC4D0020AC4C0020DC4F002000237B6045
:1091A00071E0984A7B68134401331A78964B1B7818
:1091B0009A4221D1954B1B680021184616F021F9DF
:1091C0000346934A1360924B1B6801221A70904B1E
:1091D0001B6821225A708E4B1B688E497A680432B4
:1091E00051F822205A60894B1B68894A126811463F
:1091F000184616F01BF943E0834B1B781B0243F41F
:10920000802380497A680A440132127813431A464F
:10921000814B1A60804B08225A607E4B5A787E4BF5
:109220001A727C4A7B68043352F82330DAB27A4BE4
:109230005A72784A7B68043352F823301B12DAB230
:10924000754B9A72734A7B68043352F823301B14AF
:10925000DAB2714BDA726F4A7B68043352F823300A
:109260001B16DAB26C4B1A736B4B00225A736A4BA3
:1092700000229A73684B0022DA736748FAF73AF9CA
:109280007B6801337B605F4B1B781A467B68934297
:1092900087DB90E0614A5F4B14461D460FCD0FC43B
:1092A0000FCD0FC495E8030084E803005C4B1B78E6
:1092B00043F00203DAB25A4B1A70524B002283F881
:1092C000812000237B606EE04E4A7B6813440133AB
:1092D0001A784D4B1B789A4221D14C4B1B680021C8
:1092E000184616F08EF80346494A1360484B1B682F
:1092F00001221A70464B1B682B225A70444B1B6884
:1093000044497A68043251F822205A603F4B1B6866
:109310003F4A12681146184616F088F840E03A4B6A
:109320001B781B0237497A680A44013212781343CA
:109330001A46394B1A60384B08225A60364B852240
:109340001A72344A7B68043352F82330DAB2324B53
:109350005A72304A7B68043352F823301B12DAB257
:109360002D4B9A722B4A7B68043352F823301B141E
:10937000DAB2294BDA72274A7B68043352F8233079
:109380001B16DAB2244B1A73234B00225A73224B5A
:1093900000229A73204B0022DA731F48FAF7AAF8CA
:1093A0007B6801337B60174B1B781A467B689342BE
:1093B0008ADB00E000BF00F046BC124B1A78154B68
:1093C0009B7B9A422ED0114B1B680021184616F049
:1093D00018F803460E4A13600D4B1B6801221A70E1
:1093E0000B4B1B6811225A70094B1B6800225A60F4
:1093F000064B1B68064A12681146184616F016F806
:1094000000F023BCB04C0020AC4C0020486E002083
:109410000C500020444D0020DC4F0020944D0020D3
:10942000BC4D0020A54B93F87430002B74D0A44A97
:10943000A44B14461D460FCD0FC40FCD0FC495E8A5
:10944000030084E80300A04B1B7843F00103DAB269
:109450009D4B1A70994B002283F87D2000237B607E
:1094600053E0964A7B68134401331A78974B1B7874
:109470009A421DD1964B1B680021184615F0C1FF7A
:109480000346944A1360934B1B6801221A70914B58
:109490001B6827225A708F4B1B6800225A608C4B26
:1094A0001B688C4A12681146184615F0BFFF29E068
:1094B000864B1B781B0281497A680A440132127874
:1094C00013431A46844B1A60834B08225A60824B1E
:1094D00083221A72804B00225A727F4B00229A72AA
:1094E0007D4B0022DA727C4B00221A737A4B0022E9
:1094F0005A73794B00229A73774B0022DA737648BD
:10950000F9F7F8FF7B6801337B606C4B1B781A46D8
:109510007B689342A5DB98E3684BDB79032B00F271
:10952000948301A252F823F039950208319602087B
:10953000759702087597020800237B6071E05F4A07
:109540007B68134401331A78604B1B789A4221D10F
:109550005F4B1B680021184615F053FF03465D4A18
:1095600013605C4B1B6801221A705A4B1B68232244
:109570005A70584B1B6853497A68043251F82220BC
:109580005A60534B1B68534A12681146184615F02F
:109590004DFF43E04D4B1B781B0243F480234749AA
:1095A0007A680A440132127813431A464A4B1A6009
:1095B000494B08225A60434B5A78474B1A72414A2A
:1095C0007B68043352F82330DAB2434B5A723D4A77
:1095D0007B68043352F823301B12DAB23E4B9A7286
:1095E000384A7B68043352F823301B14DAB23A4B02
:1095F000DA72344A7B68043352F823301B16DAB22D
:10960000354B1A73344B00225A73334B00229A7332
:10961000314B0022DA733048F9F76CFF7B68013375
:109620007B60264B1B781A467B68934287DBA2E05F
:10963000234A244B14461D460FCD0FC40FCD0FC433
:1096400095E8030084E803001F4B1B7843F00403F4
:10965000DAB21D4B1A70194B002283F883200023C5
:109660007B607FE0154A7B68134401331A78174BFF
:109670001B789A4232D1164B1B680021184615F010
:10968000C0FE0346134A1360124B1B6801221A7076
:10969000104B1B682D225A700E4B1B6809497A68C3
:1096A000043251F822205A60094B1B68094A12689B
:1096B0001146184615F0BAFE51E000BFB04C00202C
:1096C000944D0020444D0020BC4D0020AC4C0020A7
:1096D000486E00200C500020DC4F00209B4B1B7874
:1096E0001B029B497A680A440132127813431A46D6
:1096F000984B1A60974B08225A60964B86221A7232
:10970000954A7B68043352F82330DAB2914B5A728F
:10971000914A7B68043352F823301B12DAB28D4B26
:109720009A728D4A7B68043352F823301B14DAB2E4
:10973000884BDA72884A7B68043352F823301B1650
:10974000DAB2844B1A73834B00225A73814B002286
:109750009A73804B0022DA737E48F9F7CBFE7B6860
:1097600001337B607A4B1B781A467B689342FFF685
:1097700079AF00E000BF68E2754B012283F87620E4
:1097800064E2734B012283F877205FE2704B012281
:1097900083F878205AE26E4B012283F8792055E253
:1097A0006B4B002283F87B2000237B6054E0684AE7
:1097B0007B68134401331A78644B1B789A421DD19D
:1097C000664B1B680021184615F01BFE0346644AD1
:1097D0001360634B1B6801221A70614B1B682522C2
:1097E0005A705F4B1B6800225A605C4B1B685C4AD6
:1097F00012681146184615F019FE2AE0534B1B78E3
:109800001B0253497A680A440132127813431A46FC
:10981000504B1A604F4B08225A604F4B5A784D4BB1
:109820001A724C4B00225A724A4B00229A72494BD0
:109830000022DA72474B00221A73464B00225A73F9
:10984000444B00229A73434B0022DA734148F9F7E4
:1098500051FE7B6801337B603D4B1B781A467B6869
:109860009342A4DB3A4B012283F87A20EEE1384B95
:10987000002283F87D2000237B6054E0344A7B681B
:10988000134401331A78314B1B789A421DD1334B64
:109890001B680021184615F0B4FD0346304A1360DA
:1098A0002F4B1B6801221A702D4B1B6827225A7000
:1098B0002B4B1B6800225A60284B1B68284A1268F1
:1098C0001146184615F0B2FD2AE0204B1B781B020A
:1098D0001F497A680A440132127813431A461D4B15
:1098E0001A601C4B08225A601B4B5A78194B1A728B
:1098F000184B00225A72174B00229A72154B002205
:10990000DA72144B00221A73124B00225A73114B55
:1099100000229A730F4B0022DA730E48F9F7EAFD22
:109920007B6801337B600A4B1B781A467B68934245
:10993000A4DB074B012283F87C2087E1044B002243
:1099400083F87F2000237B6061E000BFAC4C0020E7
:10995000B04C0020DC4F0020444D0020486E002019
:109960000C500020894A7B68134401331A78884BD5
:109970001B789A421DD1874B1B680021184615F0B1
:1099800040FD0346844A1360834B1B6801221A7012
:10999000814B1B6829225A707F4B1B6800225A603A
:1099A0007C4B1B687C4A12681146184615F03EFD38
:1099B0002AE0774B1B781B0274497A680A4401320B
:1099C000127813431A46754B1A60744B08225A607A
:1099D000734B5A78714B1A72704B00225A726F4B4C
:1099E00000229A726D4B0022DA726C4B00221A73BD
:1099F0006A4B00225A73694B00229A73674B00220C
:109A0000DA736648F9F776FD7B6801337B605F4B5C
:109A10001B781A467B689342A4DB5C4B012283F8D7
:109A20007E2013E1594B002283F8812000237B60C4
:109A30006FE0564A7B68134401331A78544B1B7805
:109A40009A4221D1534B1B680021184615F0D9FCCE
:109A50000346514A1360504B1B6801221A704E4B4B
:109A60001B682B225A704C4B1B684D497A68043294
:109A700051F822205A60474B1B68474A126811462A
:109A8000184615F0D3FC41E0414B1B781B023F49BF
:109A90007A680A440132127813431A463F4B1A601F
:109AA0003E4B08225A603E4B5A783C4B1A723C4A55
:109AB0007B68043352F82330DAB2384B5A72384A92
:109AC0007B68043352F823301B12DAB2334B9A729C
:109AD000334A7B68043352F823301B14DAB22F4B1D
:109AE000DA722F4A7B68043352F823301B16DAB23D
:109AF0002A4B1A73294B00225A73284B00229A735F
:109B0000264B0022DA732548F9F7F4FC7B68013311
:109B10007B601E4B1B781A467B68934289DB1B4B8C
:109B2000012283F8802091E0184B002283F88320E3
:109B300000237B607BE0154A7B68134401331A786D
:109B4000134B1B789A422DD1124B1B6800211846EB
:109B500015F057FC0346104A13600F4B1B68012297
:109B60001A700D4B1B682D225A700B4B1B680C4949
:109B70007A68043251F822205A60064B1B68064A64
:109B800012681146184615F051FC4DE0B04C00200B
:109B9000AC4C0020486E00200C500020DC4F002010
:109BA000444D00202B4B1B781B022B497A680A443A
:109BB0000132127813431A46284B1A60274B0822A9
:109BC0005A60274B5A78254B1A72254A7B68043312
:109BD00052F82330DAB2214B5A72214A7B6804339F
:109BE00052F823301B12DAB21C4B9A721C4A7B6863
:109BF000043352F823301B14DAB2184BDA72184AC5
:109C00007B68043352F823301B16DAB2134B1A73F5
:109C1000124B00225A73114B00229A730F4B0022F1
:109C2000DA730E48F9F766FC7B6801337B600A4BF8
:109C30001B781A467B689342FFF67DAF064B0122E4
:109C400083F8822002E000BF00E000BF00BF0837B9
:109C5000BD46B0BDAC4C0020B04C0020DC4F002015
:109C6000444D002080B500AFA74B93F87630002B11
:109C70002ED0A64B1A78A64B1A70A54B7E225A708E
:109C8000A34B01229A70A04B1B781A46A04B5A6036
:109C90009F4B00221A729E4B00225A729C4B00224C
:109CA0009A729B4B00229A81FEF780FD994B1A789D
:109CB000994B1B6899499648FDF7FEFB0346002B1C
:109CC00002D19648FDF7B2FC8F4B002283F8762034
:109CD0008D4B93F87730002B2CD08C4B1A788C4B13
:109CE0001A708B4B7F225A70894B01229A70884BD5
:109CF00000225A60864B00221A72854B00225A724B
:109D0000834B00229A72824B00229A81FEF74EFD0D
:109D1000804B1A78804B1B6880497D48FDF7CCFB4F
:109D20000346002B02D17D48FDF780FC764B0022D4
:109D300083F87720744B93F87830002B2ED0734B38
:109D40001A78734B1A70724B80225A70704B012232
:109D50009A706D4BDB791A466D4B5A606C4B002242
:109D60001A726B4B00225A72694B00229A72684B2E
:109D700000229A81FEF71AFD664B1A78664B1B6823
:109D800066496348FDF798FB0346002B02D1634800
:109D9000FDF74CFC5C4B002283F878205A4B93F87B
:109DA0007930002B2ED0594B1A78594B1A70584BDA
:109DB00081225A70564B01229A70534B1B891A46C6
:109DC000534B5A60524B00221A72514B00225A7266
:109DD0004F4B00229A724E4B00229A81FEF7E6FC0E
:109DE0004C4B1A784C4B1B684C494948FDF764FBB7
:109DF0000346002B02D14948FDF718FC424B0022D4
:109E000083F87920404B93F87A30002B34D03E4BC6
:109E100093F875203C4B93F87B309A422CD13B4B06
:109E20001A783B4B1A703A4B82225A70384B0122F7
:109E30009A70374B00225A60354B00221A72344B0D
:109E400000225A72324B00229A72314B00229A81C0
:109E5000FEF7ACFC2F4B1A782F4B1B682F492C4870
:109E6000FDF72AFB0346002B02D12C48FDF7DEFB51
:109E7000254B002283F87A20234B93F87C30002B6B
:109E800034D0214B93F875201F4B93F87D309A42C4
:109E90002CD11E4B1A781E4B1A701D4B83225A7000
:109EA0001B4B01229A701A4B00225A60184B002259
:109EB0001A72174B00225A72154B00229A72144BD9
:109EC00000229A81FEF772FC124B1A78124B1B6823
:109ED00012490F48FDF7F0FA0346002B02D10F4854
:109EE000FDF7A4FB084B002283F87C20064B93F877
:109EF0007E30002B41D0044B93F87520024B93F831
:109F00007F309A4239D10BE0B04C0020AC4C00209D
:109F10006C4D0020C54F0020C84F0020444E00204B
:109F2000514B1A78514B1A70504B84225A704F4B38
:109F300001229A704D4B00225A604C4B00221A723B
:109F40004A4B00225A72494B00229A72474B002218
:109F50009A81FEF72BFC464B1A78464B1B68464904
:109F60004248FDF7A9FA0346002B02D14248FDF70B
:109F70005DFB424B002283F87E20404B93F88030FB
:109F8000002B34D03D4B93F875203C4B93F8813037
:109F90009A422CD1344B1A78344B1A70334B8522A9
:109FA0005A70324B01229A70304B00225A602F4B6C
:109FB00000221A722D4B00225A722C4B00229A72E8
:109FC0002A4B00229A81FEF7F1FB294B1A78294B84
:109FD0001B6829492548FDF76FFA0346002B02D17B
:109FE0002548FDF723FB254B002283F88020234BD7
:109FF00093F88230002B34D0204B93F875201F4B00
:10A0000093F883309A422CD1174B1A78174B1A7059
:10A01000164B86225A70154B01229A70134B002260
:10A020005A60124B00221A72104B00225A720F4BC8
:10A0300000229A720D4B00229A81FEF7B7FB0C4B5F
:10A040001A780C4B1B680C490848FDF735FA034693
:10A05000002B02D10848FDF7E9FA084B002283F8EB
:10A06000822000BF80BD00BFAC4C00206C4D0020A2
:10A07000C54F0020C84F0020444E0020B04C0020A7
:10A0800080B584B000AF0346FB71FB79002B40F034
:10A09000D881A24B1B7A783B0E2B00F2FD8301A2E4
:10A0A00052F823F099A8020899A8020899A8020872
:10A0B00099A80208E1A00208B5A1020899A802081F
:10A0C00099A8020899A8020899A8020889A202087A
:10A0D000D3A202082DA3020877A30208DDA3020879
:10A0E0008F4B002283F874208C4B5B7B282B35D15F
:10A0F0008C4B1B680021184615F083F903468A4AE9
:10A100001360894B1B6801221A70874B1B6822223F
:10A110005A70824B1B7B1A06804BDB7A1B041A4356
:10A120007E4B9B7A1B021A437C4B5B7A19467E4B13
:10A130001B680A435A60794BDB7B1A02774B9B7B87
:10A140001946794B1B680A439A60764B1B68764A1E
:10A1500012681146184615F069F99DE3714B1B68AA
:10A160000021184615F04DF903466F4A13606E4BF7
:10A170001B6801221A706C4B1B6821225A70674BB6
:10A180001B7B1A06654BDB7A1B041A43634B9B7AD5
:10A190001B021A43614B5B7A1946634B1B680A43E7
:10A1A0005A60604B1B68604A12681146184615F0E9
:10A1B0003DF971E35A4B002283F87420574B5B7BC7
:10A1C000282B35D1574B1B680021184615F019F97B
:10A1D0000346554A1360544B1B6801221A70524BB8
:10A1E0001B6824225A704D4B1B7B1A064B4BDB7AA3
:10A1F0001B041A43494B9B7A1B021A43474B5B7A59
:10A200001946494B1B680A435A60444BDB7B1A02D0
:10A21000424B9B7B1946444B1B680A439A60414B57
:10A220001B68414A12681146184615F0FFF833E3DF
:10A230003C4B1B680021184615F0E3F803463A4AE8
:10A240001360394B1B6801221A70374B1B6823229D
:10A250005A70324B1B7B1A06304BDB7A1B041A43B5
:10A260002E4B9B7A1B021A432C4B5B7A19462E4BC2
:10A270001B680A435A602B4B1B682B4A1268114615
:10A28000184615F0D3F807E3244B1B681B0ADAB213
:10A29000234B83F88420234B1B680021184615F0BC
:10A2A000B0F80346204A13601F4B1B6801221A7046
:10A2B0001D4B1B6825225A701B4B1B6800225A60DD
:10A2C000184B1B68184A12681146184615F0AEF86C
:10A2D000E2E2124B1B681B0ADAB2114B83F88420AE
:10A2E000104B1B680021184615F08BF803460E4AE8
:10A2F00013600D4B1B6801221A700B4B1B68272241
:10A300005A70094B1B6800225A60064B1B68064AAC
:10A3100012681146184615F089F8BDE2CC4F0020AE
:10A32000B04C0020486E00200C500020A54B1B684C
:10A330001B0ADAB2A44B83F88420A44B1B680021CB
:10A34000184615F05EF80346A14A1360A04B1B683F
:10A3500001221A709E4B1B6829225A709C4B1B6865
:10A3600000225A60994B1B68994A12681146184698
:10A3700015F05CF890E2934B1B681B0ADAB2924B23
:10A3800083F88420914B1B680021184615F039F89A
:10A3900003468F4A13608E4B1B6801221A708C4B48
:10A3A0001B682B225A70874B1B7B1A06854BDB7A66
:10A3B0001B041A43834B9B7A1B021A43814B5B7A23
:10A3C0001946834B1B680A435A60804B1B68804ABE
:10A3D00012681146184615F029F85DE2794B1B68A2
:10A3E0001B0ADAB2784B83F88420784B1B68002173
:10A3F000184615F006F80346754A1360744B1B683F
:10A4000001221A70724B1B682D225A706D4B1B7BF8
:10A410001A066C4BDB7A1B041A436A4B9B7A1B02AD
:10A420001A43684B5B7A1946694B1B680A435A60AA
:10A43000664B1B68664A12681146184614F0F6FF10
:10A440002AE2604B1B7A783B0E2B00F2258201A298
:10A4500052F823F099A8020899A8020899A80208BE
:10A4600099A8020899A8020899A8020899A80208C0
:10A4700099A8020899A8020899A8020891A40208BC
:10A4800051A5020831A60208F3A60208B5A70208E2
:10A490000023FB6031E04B4B1B681B0ADBB24A49CF
:10A4A000FA680A4401321278934223D1454B1B7B50
:10A4B0001A06444BDB7A1B041A43424B9B7A1B025D
:10A4C0001343404A527A1A433F49FB6802339B00C8
:10A4D0000B445A603C4B93F87B305AB20121FB6825
:10A4E00001FA03F35BB213435BB2DAB2364B83F883
:10A4F0007B2008E0FB680133FB60334B1B781A4676
:10A50000FB689342C7DB304B1B781A46FB689342CB
:10A51000C0F2B9812D4B1B680021184614F071FF61
:10A5200003462B4A13602A4B1B6801221A70284BE2
:10A530001B6811225A70264B1B6800225A60234B5D
:10A540001B68234A12681146184614F06FFFA3E1F6
:10A550000023FB6041E01B4B1B681B0ADBB21A495E
:10A56000FA680A4401321278934233D1154B1B7BAF
:10A570001B065AB2134BDB7A1B045BB213435AB26D
:10A58000104B9B7A1B025BB213435AB20D4B5B7AA2
:10A590005BB213435BB2D9B20B4AFB68134424335A
:10A5A0000A461A70084B93F87D305AB20121FB68B5
:10A5B00001FA03F35BB213435BB2DAB2024B83F8E6
:10A5C0007D2010E0CC4F0020B04C0020486E0020D1
:10A5D0000C500020FB680133FB60904B1B781A463F
:10A5E000FB689342B7DB8D4B1B781A46FB6893429E
:10A5F000C0F24B818A4B1B680021184614F001FF02
:10A600000346884A1360874B1B6801221A70854BEA
:10A610001B6811225A70834B1B6800225A60804BC2
:10A620001B68804A12681146184614F0FFFE33E199
:10A630000023FB6032E07C4B1B681B0ADBB27749CE
:10A64000FA680A4401321278934224D1764B1B7B7C
:10A650001A06754BDB7A1B041A43734B9B7A1B0259
:10A660001343714A527A134319466C4AFB680A3302
:10A670009B0013445960694B93F87F305AB2012113
:10A68000FB6801FA03F35BB213435BB2DAB2634BCC
:10A6900083F87F2008E0FB680133FB605F4B1B7889
:10A6A0001A46FB689342C6DB5C4B1B781A46FB6874
:10A6B0009342C0F2EC805A4B1B680021184614F0FC
:10A6C000A0FE0346574A1360564B1B6801221A70BE
:10A6D000544B1B6811225A70524B1B6800225A605F
:10A6E0004F4B1B684F4A12681146184614F09EFEE5
:10A6F000D2E00023FB6032E04B4B1B681B0ADBB24D
:10A700004649FA680A4401321278934224D1464BF2
:10A710001B7B1A06444BDB7A1B041A43424B9B7A81
:10A720001B021343404A527A134319463B4AFB68C3
:10A7300010339B0013445960384B93F881305AB260
:10A740000121FB6801FA03F35BB213435BB2DAB297
:10A75000324B83F8812008E0FB680133FB602F4B0C
:10A760001B781A46FB689342C6DB2C4B1B781A46B3
:10A77000FB689342C0F28D80294B1B68002118466C
:10A7800014F03FFE0346274A1360264B1B68012244
:10A790001A70244B1B6811225A70224B1B6800222E
:10A7A0005A601F4B1B681F4A12681146184614F066
:10A7B0003DFE71E00023FB603BE01B4B1B681B0A66
:10A7C000DBB21649FA680A440132127893422DD15D
:10A7D000154B1B7B1A06144BDB7A1B041A43124BD6
:10A7E0009B7A1B021343104A527A134319460B4AB1
:10A7F000FB6816339B0013445960084B93F8833071
:10A800005AB20121FB6801FA03F35BB213435BB256
:10A81000DAB2024B83F8832011E000BFB04C002075
:10A82000486E00200C500020CC4F0020FB68013304
:10A83000FB601B4B1B781A46FB689342BDDB184B31
:10A840001B781A46FB68934225DB164B1B680021D8
:10A85000184614F0D6FD0346134A1360124B1B68CA
:10A8600001221A70104B1B6811225A700E4B1B6884
:10A8700000225A600B4B1B680B4A1268114618469F
:10A8800014F0D4FD08E000BF06E000BF04E000BF04
:10A8900002E000BF00E000BF1037BD4680BD00BF32
:10A8A000B04C0020486E00200C50002080B584B0D1
:10A8B00000AF0023FB7200237B60904B1B7803F0FA
:10A8C0000103002B00F0DA808D4B93F875208C4B40
:10A8D00093F87D309A4240F0D1800023FB6011E074
:10A8E000874AFB68134424331B78002B04D0002BC9
:10A8F00005DB073B012B02D80123FB7200BFFB687D
:10A900000133FB607E4B1B781A46FB689342E7DB02
:10A91000FB7A002B40F08E800023FB607EE0784ABB
:10A92000FB68134401331A78764B1B789A422ED178
:10A93000754B1B680021184614F063FD0346734AEB
:10A940001360724B1B6801221A70714B5B787C2B71
:10A9500002D07D2B05D009E06C4B1B6821225A7078
:10A9600004E06A4B1B6823225A7000BF674B1B68C8
:10A970006749FA68043251F822205A60624B1B681A
:10A98000624A12681146184614F050FD43E05D4BD0
:10A990001B781B0243F480235949FA680A440132A8
:10A9A000127813431A465B4B1A605A4B08225A60BE
:10A9B000574B5A78574B1A72554AFB68043352F872
:10A9C0002330DAB2534B5A72514AFB68043352F8BF
:10A9D00023301B12DAB24F4B9A724D4AFB68043394
:10A9E00052F823301B14DAB24A4BDA72484AFB6839
:10A9F000043352F823301B16DAB2464B1A73454B18
:10AA000000225A73434B00229A73424B0022DA739E
:10AA10004048F8F76FFDFB680133FB60384B1B784B
:10AA20001A46FB689342FFF67AAF354B002283F853
:10AA300074201CE0344B1B680021184614F0E1FC24
:10AA40000346324A1360314B1B6801221A702F4BA8
:10AA50001B6812225A702D4B1B6800225A602A4B29
:10AA60001B682A4A12681146184614F0DFFC234B73
:10AA70001B7823F00103DAB2204B1A701F4B1B78AE
:10AA800003F00203002B00F0EB801D4B93F87520C0
:10AA90001B4B93F881309A4240F0E280184B5B6C7C
:10AAA0007B600123FB6012E0154AFB6810339B00BA
:10AAB00013445B687A689A4206D2114AFB681033E5
:10AAC0009B0013445B687B60FB680133FB600C4BAD
:10AAD0001B781A46FB689342E6DB7B6805337B6094
:10AAE0007B684FF6FE72934201D90123FB72FB7A19
:10AAF000002B40F091800023FB6086E0BC4D0020DD
:10AB0000B04C0020AC4C0020486E00200C500020BF
:10AB1000944D0020DC4F0020894AFB681344013328
:10AB20001A78884B1B789A4225D1874B1B680021E5
:10AB3000184614F066FC0346844A1360834B1B6876
:10AB400001221A70814B1B6822225A707F4B1B68AE
:10AB50007F49FA68043251F822205A607B4B1B6807
:10AB60007A689A60784B1B68784A126811461846D2
:10AB700014F05CFC46E0734B1B781B0243F480230B
:10AB80006F49FA680A440132127813431A46714B2E
:10AB90001A60704B08225A606D4B5A786D4B1A72CE
:10ABA0006B4AFB68043352F82330DAB2694B5A72AD
:10ABB000674AFB68043352F823301B12DAB2654B44
:10ABC0009A72634AFB68043352F823301B14DAB2DA
:10ABD000604BDA725E4AFB68043352F823301B166E
:10ABE000DAB25C4B1A735B4B28225A737B68DAB279
:10ABF000584B9A737B681B0ADAB2564BDA73554886
:10AC0000F8F778FCFB680133FB604D4B1B781A4664
:10AC1000FB68934280DB1CE04B4B1B68002118460D
:10AC200014F0EFFB0346494A1360484B1B680122AE
:10AC30001A70464B1B6812225A70444B1B68002244
:10AC40005A60414B1B68414A12681146184614F07D
:10AC5000EDFB414B1B7823F00203DAB23E4B1A7036
:10AC60003D4B1B7803F00403002B00F0ED80344BC8
:10AC700093F87520324B93F883309A4240F0E48089
:10AC80002F4BDB6D7B600123FB6012E02C4AFB68DD
:10AC900016339B0013445B687A689A4206D2284AAE
:10ACA000FB6816339B0013445B687B60FB680133D1
:10ACB000FB60234B1B781A46FB689342E6DB7B68FC
:10ACC00005337B607B684FF6FE72934201D9012306
:10ACD000FB72FB7A002B40F093800023FB6087E03F
:10ACE000174AFB68134401331A78164B1B789A42B3
:10ACF00034D1154B1B680021184614F082FB034623
:10AD0000124A1360114B1B6801221A700F4B1B680B
:10AD100024225A700D4B1B680D49FA68043251F811
:10AD200022205A60094B1B687A689A60064B1B68A0
:10AD3000064A12681146184614F078FB55E000BF29
:10AD4000B04C0020AC4C0020486E00200C5000207D
:10AD5000944D0020DC4F0020BC4D00203C4B1B7864
:10AD60001B0243F480233B49FA680A4401321278FB
:10AD700013431A46384B1A60374B08225A60374B38
:10AD80005A78354B1A72354AFB68043352F823302F
:10AD9000DAB2314B5A72314AFB68043352F823302D
:10ADA0001B12DAB22C4B9A722C4AFB68043352F80D
:10ADB00023301B14DAB2284BDA72284AFB680433BA
:10ADC00052F823301B16DAB2234B1A73224B282277
:10ADD0005A737B68DAB2204B9A737B681B0ADAB22B
:10ADE0001D4BDA731C48F8F785FBFB680133FB60E9
:10ADF000184B1B781A46FB689342FFF671AF1CE0B4
:10AE0000174B1B680021184614F0FBFA0346154A3D
:10AE10001360144B1B6801221A70124B1B6812221C
:10AE20005A70104B1B6800225A600D4B1B680D4A6C
:10AE300012681146184614F0F9FA0B4B1B7823F0F0
:10AE40000403DAB2084B1A7000BF1037BD4680BD4C
:10AE5000AC4C0020B04C0020DC4F0020944D002072
:10AE6000486E00200C500020BC4D002090B58DB0E5
:10AE700000AF78610123FB620023BB62002387F8E7
:10AE80002530002387F82330002387F82230002361
:10AE900087F82130002387F820300023FB77002338
:10AEA000BB7700237B7700233B770023FB760023CF
:10AEB000BB7600237B76B448FBF756FDF9F708F91B
:10AEC0000020F9F70DF94FF4FA7014F02EF9012073
:10AED000F9F706F94FF4FA7014F027F90420F9F79E
:10AEE000FFF84FF4FA7014F020F90220F9F7F8F89F
:10AEF0004FF4FA7014F019F9A44B1B68002118469E
:10AF000014F07FFA0346A24A1360A14B1B68042287
:10AF10001A709F4B1B6800225A709C4B1B689C4AFE
:10AF200012681146184614F081FA41E0974B1969EE
:10AF3000984C3B460022184614F0B6FA3B4693E87C
:10AF4000070084E80700934B1B68202B30D1914BFE
:10AF50005B68914A1360904B1B685B78D02B17D0CD
:10AF6000D02B1CDCC92B0CD0C92B18DC022B13D026
:10AF7000C82B14D1884B1B685B68DAB2874B1A70F8
:10AF80000EE0854B1B685B68DAB2854B1A7007E0F0
:10AF9000012387F8213003E00023FB6200E000BFBB
:10AFA0007A4B1B697C4A12681146184614F0F0FA75
:10AFB000FB6A002BBAD17A4B1B781846F9F790F848
:10AFC000774B1A78774B1A70754B1A78754B5A7005
:10AFD000734B1A78734B9A70734B1B8819466A48E7
:10AFE000FBF760FD694B19696A4C3B460022184625
:10AFF00014F05AFA3B4693E8070084E80700654BD3
:10B000001B68202B40F00981624B5B68624A136029
:10B01000614B1B685B78032B00F0D980032BC0F2D7
:10B02000F480DB2B00F3F180CA2BC0F2EE80CA3B28
:10B03000112B00F2EA8001A252F823F085B0020839
:10B04000ABB00208B9B0020829B102083BB102084E
:10B0500043B102084BB1020853B102085BB10208C8
:10B0600061B102080BB2020867B102086DB10208B3
:10B0700073B1020881B10208ADB10208BBB1020888
:10B08000C9B10208444B1B685B68DAB2444B1A70C2
:10B09000434B1A78434B1A70414B1A78414B5A7004
:10B0A0003F4B1A783F4B9A70AFE03B4B1B685B6895
:10B0B000DAB23A4B1A70A8E0374B1B685B68DBB218
:10B0C000013B052B26D801A252F823F0E5B0020877
:10B0D00005B10208F5B002080DB10208FDB0020882
:10B0E000EDB00208012387F8273017E0022387F824
:10B0F000273013E0042387F827300FE0082387F870
:10B1000027300BE0102387F8273007E0202387F84B
:10B11000273003E0002387F8273000BF1E4B1B6851
:10B120005B6887F8263070E0002387F8233000231F
:10B1300087F822300023BB7767E0012387F82330AC
:10B1400063E0012387F822305FE0012387F8213094
:10B150005BE0012387F8203057E00123BB7754E000
:10B160000123FB7751E001237B774EE000237B77BF
:10B170004BE001233B770023FB760023BB7644E0C2
:10B180000123FB7641E000BF00480140486E0020EB
:10B190003450002024500020305000202150002046
:10B1A00020500020200400203805002000233B7799
:10B1B0000023FB760123BB7627E000233B770023A7
:10B1C000FB760023BB7620E001237B761DE0A14BBC
:10B1D0001B680021184614F014F903469E4A1360B8
:10B1E0009D4B1B6804221A709B4B1B6804225A70EB
:10B1F000994B1B6800225A60964B1B68964A12684E
:10B200001146184614F012F900BF924B1B69934A7D
:10B2100012681146184614F0BBF997F826300B2B2C
:10B2200003D1012387F8243066E097F826300A2BF3
:10B2300003D1022387F824302BE097F82630092B1E
:10B2400003D1032387F8243023E097F82630082B16
:10B2500002D07B7F002B03D0042387F8243018E032
:10B2600097F82130002B03D0052387F8243010E015
:10B27000FB7F002B03D0062387F8243009E03B7FB7
:10B28000002B03D00A2387F8243002E0002387F83C
:10B2900024307B7E002B03D0032387F824302BE05F
:10B2A00097F82030002B03D0052387F8243023E0C3
:10B2B000BB7F002B03D0072387F824301CE097F8CE
:10B2C0002330002B03D0082387F8243014E097F8AC
:10B2D0002230002B03D0092387F824300CE0FB7EBA
:10B2E000002B03D00B2387F8243005E0BB7E002B16
:10B2F00002D00C2387F8243097F8252097F82430C3
:10B300009A4205D00023BB6297F8243087F8253095
:10B31000534B1B78002B3FF465AE97F82530002B7C
:10B320001FD1504B1A7897F827301340DBB2002B0F
:10B3300003D14C4B1B783F2B0DD197F825304A4A4F
:10B3400052F83320BB6A591CB96213441B78184663
:10B35000F8F7C6FE12E0454B1B781846F8F7C0FE1A
:10B360000CE097F82530404A52F83320BB6A591C4C
:10B37000B96213441B781846F8F7B2FE97F82530E7
:10B38000394ADB0013441B791A46BB6A934239DB06
:10B3900097F82530082B03D097F82530092B09D1D1
:10B3A00097F82730002B05D1002387F8233000239E
:10B3B00087F8223097F82530032B04D17B7E002BB1
:10B3C00001D000237B7697F82530052B06D197F81E
:10B3D0002030002B02D0002387F8203097F825304A
:10B3E0000B2B04D1FB7E002B01D00023FB7697F8BA
:10B3F00025300C2B04D1BB7E002B01D00023BB7663
:10B400000023BB62134B1B680021184613F0F9FFA1
:10B410000346114A1360104B1B6804221A700E4B2E
:10B420001B68D4225A700C4B1B6897F825205A6071
:10B43000084B1B68084A12681146184613F0F6FFBD
:10B44000074B00221A700A4B1B8819460948FBF764
:10B4500029FBC7E5486E0020345000203050002002
:10B460002250002021500020D00400202050002035
:10B47000380500200048014080B400AF034B012292
:10B480001A7000BFBD465DF8047B70472250002053
:10B4900080B584B000AF786000F02CF800F05EFB5F
:10B4A0000123FB6007E0FB68DBB2184600F0A8FB55
:10B4B000FB680133FB60FB68042BF4DD0123FB60B8
:10B4C00007E0FB68DBB2184601F0AAF8FB6801331D
:10B4D000FB60FB68042BF4DD0023FB6004E006F056
:10B4E00011F8FB680133FB60FB68132BF7DD01F0FB
:10B4F000E3F8F1E780B58CB000AFB02200219A48A4
:10B5000020F09CF9994B00221A70994B00221A7076
:10B51000984B1B7887F82430974B1B7887F8253099
:10B52000964B1B7887F82630002387F8273007F1E1
:10B530002403184620F036F90346DAB28A4B1A7013
:10B540008F4B1B7887F824308E4B1B7887F825307B
:10B550008D4B1B7887F82630002387F8273007F1BA
:10B560002403184620F01EF90346DAB27E4B5A70C7
:10B57000864B1B7887F82430854B1B7887F825305D
:10B58000844B1B7887F82630834B1B7887F827304D
:10B59000824B1B7887F82830814B1B7887F829303D
:10B5A000804B1B7887F82A30002387F82B3007F16F
:10B5B0002403184620F0F6F803469BB21A466A4B5D
:10B5C0005A60794B1B7CDBB287F82430764B5B7C6E
:10B5D000DBB287F82530744B9B7CDBB287F82630D2
:10B5E000002387F8273007F12403184620F0DAF803
:10B5F0000346DAB25C4B1A726B4B1B7DDBB287F8E9
:10B600002430694B5B7DDBB287F82530664B9B7D30
:10B61000DBB287F82630002387F8273007F12403B0
:10B62000184620F0BFF80346DAB24F4B5A725E4B11
:10B630001B7EDBB287F824305B4B5B7EDBB287F886
:10B640002530594B9B7EDBB287F82630564BDB7E8C
:10B65000DBB287F82730544B1B7FDBB287F82830EA
:10B66000514B5B7FDBB287F829304F4B9B7FDBB2BE
:10B6700087F82A30002387F82B3007F12403184677
:10B6800020F090F803469BB21A46374BDA604748E1
:10B69000FAF7C8F80346032B1CD0032B21DC002B40
:10B6A00002D0022B0FD01CE0404B1B7A1B023F4AFA
:10B6B000527A1343022B16D02B4B0122DA770D203E
:10B6C00007F076F80FE0284B0122DA770B2007F01D
:10B6D0006FF809E0244B0122DA770C2007F068F8B4
:10B6E00002E000BF00E000BF1F4BDB7F002B1AD041
:10B6F0000023FB620BE02E4AFB6A134419782B4AA5
:10B70000FB6A13440A461A70FB6A0133FB62FB6A48
:10B71000B3F5806FEFDB254B002283F881200121F8
:10B720008120FAF7E1F8214B93F88130002B07D004
:10B730001E4B002283F8812001218120FAF7D4F8E2
:10B7400001221C494FF44060FAF77EF9064B1B7C3E
:10B75000022B02D9044BFF221A74034B5A78024B76
:10B760005A740023FB6258E0385000200D5100202D
:10B770000E510020F0FF0008F1FF0008F2FF000862
:10B78000F4FF0008F5FF0008F6FF0008F8FF0008C6
:10B79000F9FF0008FAFF0008FBFF0008FCFF0008A3
:10B7A000FDFF0008FEFF0008E0FF050858510020DB
:10B7B00000DF040848500020FB6A9BB203F5416398
:10B7C0009BB207F1230101221846FAF73DF9AC4B71
:10B7D0005B6997F823201146FA6AD20001FA02F257
:10B7E0001343A74A5361FB6A9BB203F614439BB20F
:10B7F00007F1230101221846FAF726F9A04B9B69AD
:10B8000097F823201146FA6AD20001FA02F2134394
:10B810009B4A9361FB6A0133FB62FB6A032BCBDD1E
:10B82000984B93F88020964B5A77964B93F80022CA
:10B83000934B83F82020934B93F801321A06914BD7
:10B8400093F802321B041A438E4B93F803321B0207
:10B8500013438C4A92F804221343894A5362894B5A
:10B8600093F805321A06874B93F806321B041A43E5
:10B87000844B93F807321B021343824A92F8082242
:10B8800013437F4A93627F4B93F809321A067D4B2C
:10B8900093F80A321B041A437A4B93F80B321B02BB
:10B8A0001343784A92F80C2213431A46744BDA6217
:10B8B000744B93F80D321B021AB2724B93F80E328E
:10B8C0001BB213431BB29AB26D4B1A866D4B93F8A1
:10B8D0000F325AB26A4B83F832206A4B93F8143213
:10B8E0001B021AB2674B93F815321BB213431BB2FB
:10B8F0009AB2634B9A86634B93F816321B021AB2C4
:10B90000604B93F817321BB213431BB29AB25C4BD5
:10B91000DA865C4B93F818329BB201339AB2584BDB
:10B92000DA87584B93F88021554B83F84420002345
:10B93000FB6240E0FB6AB3F57F7F14D1FB6A9BB2E8
:10B9400003F580639BB207F1180104221846FAF749
:10B950007BF807F118030433042219464FF4806082
:10B96000FAF772F80AE0FB6A9BB203F580639BB2B8
:10B9700007F1180108221846FAF766F8FB7E5BB259
:10B98000002B12DBFB7F5BB2002B0EDAFB7E1A066C
:10B99000BB7E1B041A437B7E1B0213433A7E134378
:10B9A0005B005B10364A536609E0354B00225A664D
:10B9B000FB6A0433FB62FB6AB3F5806FBADBFB6A98
:10B9C000B3F5806F04DB2E4B0022A3F8622006E063
:10B9D000FB6A9BB204339AB2294BA3F8622000237E
:10B9E000FB6240E0FB6AB3F57F7F14D1FB6A9BB238
:10B9F00003F500639BB207F1100104221846FAF721
:10BA000023F807F110030433042219464FF40060B1
:10BA1000FAF71AF80AE0FB6A9BB203F500639BB2DF
:10BA200007F1100108221846FAF70EF8FB7C5BB20A
:10BA3000002B12DBFB7D5BB2002B0EDAFB7C1A06BF
:10BA4000BB7C1B041A437B7C1B0213433A7C1343CD
:10BA50005B005B100A4AD36609E0094B0022DA66F4
:10BA6000FB6A0433FB62FB6AB3F5806FBADBFB6AE7
:10BA7000B3F5806F08DB024B0022A3F868200AE0D0
:10BA80003850002058510020FB6A9BB204339AB210
:10BA90002E4BA3F868202E4B93F819222B4B83F8DA
:10BAA00070202A4B93F87030002B09D1274B5B6E26
:10BAB000002B03D1254BDB6E002B01D0FAF788F861
:10BAC000234B93F81A22214B83F858201F4B93F8ED
:10BAD0005830002B04D11D4B002283F8592030E050
:10BAE0000023FB620BE0FA6A1A4B134419783A46BA
:10BAF000FB6A13440A461A70FB6A0133FB62FB6A55
:10BB00000C2BF0DD3B460C22134918461FF0FAFEC1
:10BB10000346002B04D10D4B012283F8592010E07D
:10BB20000A4B002283F85920084B002283F8582042
:10BB3000074B002283F81A22012140F21A20F9F75C
:10BB4000D3FE00BF3037BD4680BD00BF3850002057
:10BB500058510020D0020608B0CC040890B587B038
:10BB600000AF00233B6101237B610AE001227B6976
:10BB700002FA03F31A463B6913433B617B690133C5
:10BB80007B617B69042BF1DD2CE01A4B19681A4CA0
:10BB90003B460022184613F087FC3B4693E807001B
:10BBA00084E80700144B1B68202B1BD1124B5B68E9
:10BBB000124A1360114B1B685B78002B0AD10F4BA4
:10BBC0001B681B781A4601239340DB431A463B69E6
:10BBD00013403B61074B1B68084A12681146184620
:10BBE00013F0D6FC3B69002BCFD100BF00BF1C3740
:10BBF000BD4690BD486E00202C5100204C510020C5
:10BC000080B582B000AF0346FB71FB79013B032B8B
:10BC100000F2FB8401A252F823F000BF2DBC020801
:10BC200059BF020805C402087DC50208FB79AF4A66
:10BC300052F823300021184613F0E3FB0346AC4AC8
:10BC40001360AB4B1B6800221A70A94B1B680522BE
:10BC50005A70A84B93F88020A54B1B685A60FB795B
:10BC6000A24A52F82330A24A12681146184613F02D
:10BC7000DDFBFB799D4A52F823300021184613F072
:10BC8000C0FB03469A4A1360994B1B6800221A7046
:10BC9000974B1B6806225A70964B93F88021944B61
:10BCA0001B685A60FB79914A52F82330904A126817
:10BCB0001146184613F0BAFBFB798C4A52F8233030
:10BCC0000021184613F09DFB0346894A1360884BF8
:10BCD0001B6800221A70864B1B6807225A70854B1E
:10BCE00093F88121824B1B685A60FB797F4A52F896
:10BCF00023307F4A12681146184613F097FBFB79F0
:10BD00007A4A52F823300021184613F07AFB034692
:10BD1000774A1360764B1B6800221A70744B1B68BD
:10BD200008225A70734B93F88221714B1B685A603A
:10BD3000FB796E4A52F823306D4A12681146184654
:10BD400013F074FBFB79694A52F82330002118463E
:10BD500013F057FB0346664A1360654B1B680022CD
:10BD60001A70634B1B6809225A70624B93F8832147
:10BD70005F4B1B685A60FB795C4A52F823305C4A7F
:10BD800012681146184613F051FBFB79574A52F8D6
:10BD900023300021184613F034FB0346544A136045
:10BDA000534B1B6800221A70514B1B680A225A70B1
:10BDB000504B93F884214E4B1B685A60FB794B4AD9
:10BDC00052F823304A4A12681146184613F02EFBE7
:10BDD000FB79464A52F823300021184613F011FB34
:10BDE0000346434A1360424B1B6800221A70404BC3
:10BDF0001B680B225A703F4B93F885213C4B1B6804
:10BE00005A60FB79394A52F82330394A1268114690
:10BE1000184613F00BFBFB79344A52F8233000210B
:10BE2000184613F0EEFA0346314A1360304B1B6894
:10BE300000221A702E4B1B680C225A702D4B93F85F
:10BE400086212B4B1B685A60FB79284A52F8233015
:10BE5000274A12681146184613F0E8FAFB79234A7C
:10BE600052F823300021184613F0CBFA0346204A3B
:10BE700013601F4B1B6800221A701D4B1B680D229C
:10BE80005A701C4B93F88721194B1B685A60FB7939
:10BE9000164A52F82330164A12681146184613F013
:10BEA000C5FAFB79114A52F823300021184613F0E5
:10BEB000A8FA03460E4A13600D4B1B6800221A7045
:10BEC0000B4B1B680E225A700A4B93F88821084BC3
:10BED0001B685A60FB79054A52F82330044A1268FD
:10BEE0001146184613F0A2FA06E000BF486E002083
:10BEF0005051002058510020FB79144A52F8233049
:10BF00000021184613F07DFA0346114A1360104BC6
:10BF10001B6800221A700E4B1B680F225A700D4BC3
:10BF200093F889311A020B4B93F88A311946084B62
:10BF30001B680A435A60FB79044A52F82330044ACA
:10BF400012681146184613F071FA5EE3486E00203D
:10BF50005051002058510020FB79AD4A52F823304F
:10BF60000021184613F04DFA0346AA4A1360A94B64
:10BF70001B6800221A70A74B1B6830225A70A54B11
:10BF80001B68A54A526A5A60FB79A14A52F82330CD
:10BF9000A04A12681146184613F048FAFB799C4AE9
:10BFA00052F823300021184613F02BFA0346994A21
:10BFB0001360984B1B6800221A70964B1B68312245
:10BFC0005A70944B1B68944A926A5A60FB79904A63
:10BFD00052F823308F4A12681146184613F026FA99
:10BFE000FB798B4A52F823300021184613F009FAE6
:10BFF0000346884A1360874B1B6800221A70854BE2
:10C000001B6832225A70844BDA6A824B1B685A6072
:10C01000FB797F4A52F823307E4A1268114618464F
:10C0200013F004FAFB797A4A52F8233000211846BB
:10C0300013F0E7F90346774A1360764B1B6800223A
:10C040001A70744B1B6833225A70734B1A8E714BE3
:10C050001B685A60FB796E4A52F823306D4A1268A9
:10C060001146184613F0E2F9FB79694A52F8233079
:10C070000021184613F0C5F90346664A1360654B64
:10C080001B6800221A70634B1B6834225A70624B83
:10C09000DA8E604B1B685A60FB795D4A52F8233098
:10C0A0005C4A12681146184613F0C0F9FB79584AE9
:10C0B00052F823300021184613F0A3F90346554ADD
:10C0C0001360544B1B6800221A70524B1B683522B8
:10C0D0005A70514B9A8E4F4B1B685A60FB794C4AF1
:10C0E00052F823304B4A12681146184613F09EF955
:10C0F000FB79474A52F823300021184613F081F9A2
:10C100000346444A1360434B1B6800221A70414B9C
:10C110001B6836225A70414B93F810321A063F4B77
:10C1200093F811321B041A433C4B93F812321B0252
:10C130001A433A4B93F813321946364B1B680A439D
:10C140005A60FB79324A52F82330324A126811465B
:10C15000184613F06BF9FB792D4A52F82330002171
:10C16000184613F04EF903462A4A1360294B1B6800
:10C1700000221A70274B1B6837225A70274B93F8FE
:10C180000F22244B1B685A60FB79214A52F8233056
:10C19000204A12681146184613F048F9FB791C4AE8
:10C1A00052F823300021184613F02BF90346194AA0
:10C1B0001360184B1B6800221A70164B1B6838223C
:10C1C0005A70164B93F80022124B1B685A60FB7989
:10C1D0000F4A52F823300F4A12681146184613F0DE
:10C1E00025F9FB790A4A52F823300021184613F04A
:10C1F00008F90346074A1360064B1B6800221A70B1
:10C20000044B1B6839225A70034BDA8F08E000BFD9
:10C21000486E002050510020385000205851002016
:10C22000744B1B685A60FB79734A52F82330714A89
:10C2300012681146184613F0F9F8FB796E4A52F865
:10C2400023300021184613F0DCF80346694A1360D6
:10C25000684B1B6800221A70664B1B683A225A70A2
:10C26000664B1B7CFF2B05D14FF4FA72614B1B68A8
:10C270005A6008E0614B1B7C614ADB0013449A88DA
:10C280005C4B1B685A60FB795B4A52F82330594A71
:10C2900012681146184613F0C9F8FB79564A52F84D
:10C2A00023300021184613F0ACF80346514A1360BE
:10C2B000504B1B6800221A704E4B1B683B225A7071
:10C2C0004E4B1A7C4B4B1B685A60FB794A4A52F81A
:10C2D0002330484A12681146184613F0A7F8FB7934
:10C2E000454A52F823300021184613F08AF80346D5
:10C2F000404A13603F4B1B6800221A703D4B1B687D
:10C300003C225A703B4B1B683C4A526E5A60FB7988
:10C31000394A52F82330374A12681146184613F04A
:10C3200085F8FB79344A52F823300021184613F07F
:10C3300068F803462F4A13602E4B1B6800221A70C0
:10C340002C4B1B683D225A702A4B1B682B4AD26E1D
:10C350005A60FB79284A52F82330264A126811465F
:10C36000184613F063F8FB79234A52F82330002172
:10C37000184613F046F803461E4A13601D4B1B680F
:10C3800000221A701B4B1B683E225A701B4B93F8FD
:10C390007020184B1B685A60FB79174A52F82330FB
:10C3A000144A12681146184613F040F8FB79124AF5
:10C3B00052F823300021184613F023F803460D4AA3
:10C3C00013600C4B1B6800221A700A4B1B683F223B
:10C3D0005A700A4B93F85920064B1B685A60FB7938
:10C3E000054A52F82330034A12681146184613F0E2
:10C3F0001DF80AE150510020486E002038500020FE
:10C400008CDD0408FB79834A52F82330002118465A
:10C4100012F0F7FF0346804A13607F4B1B6800222F
:10C420001A707D4B1B68A9225A707C4B93F88022AE
:10C43000794B1B685A60FB79764A52F82330764A6A
:10C4400012681146184612F0F1FFFB79714A52F852
:10C4500023300021184612F0D4FF03466E4A1360C1
:10C460006D4B1B6800221A706B4B1B68AA225A7016
:10C470006A4B93F88122684B1B685A60FB79654AC6
:10C4800052F82330644A12681146184612F0CEFF63
:10C49000FB79604A52F823300021184612F0B1FFB0
:10C4A00003465D4A13605C4B1B6800221A705A4BAE
:10C4B0001B68AB225A70594B93F88222564B1B686B
:10C4C0005A60FB79534A52F82330534A1268114696
:10C4D000184612F0ABFFFB794E4A52F82330002188
:10C4E000184612F08EFF03464B4A13604A4B1B68F6
:10C4F00000221A70484B1B68AC225A70474B93F8C5
:10C5000083321A02454B93F884321946424B1B681A
:10C510000A435A60FB793F4A52F823303E4A126878
:10C520001146184612F082FFFB793A4A52F823303E
:10C530000021184612F065FF0346374A1360364B58
:10C540001B6800221A70344B1B68AD225A70334BA3
:10C5500093F885321A02314B93F8863219462E4BE6
:10C560001B680A435A60FB792A4A52F823302A4A48
:10C5700012681146184612F059FF46E0FB79254A29
:10C5800052F823300021184612F03BFF0346224A9E
:10C590001360214B1B6800221A701F4B1B68C822B6
:10C5A0005A701E4B93F801231B4B1B685A60FB7992
:10C5B000184A52F82330184A12681146184612F0E9
:10C5C00035FFFB79134A52F823300021184612F048
:10C5D00018FF0346104A13600F4B1B6800221A70A5
:10C5E0000D4B1B68C9225A700C4B93F800230A4B61
:10C5F0001B685A60FB79074A52F82330064A1268D2
:10C600001146184612F012FF00BF00BF0837BD46A2
:10C6100080BD00BF486E00205051002058510020BE
:10C6200080B584B000AF0346FB710023FB60FB794B
:10C630001F4A52F823300021184612F0E2FE03464A
:10C640001C4A13601B4B1B6800221A70194B1B6895
:10C6500002225A70FB79013B032B17D801A252F832
:10C6600023F000BF75C602087BC6020881C6020817
:10C6700087C602080023FB6008E00023FB6005E09A
:10C680000023FB6002E00023FB6000BF094B1B6836
:10C69000FA685A60FB79064A52F82330054A126854
:10C6A0001146184612F0C2FE00BF1037BD4680BDCD
:10C6B000486E00205051002090B585B000AF1D4B52
:10C6C0001B78002B0DD11C4B19681C4C3B460022DB
:10C6D000184612F0E9FE3B4693E8070084E807009D
:10C6E00004E0164B164A07CA83E80700134B1B6881
:10C6F000202B1AD1114B5B68124A1360114B1B6837
:10C70000184600F021F80B4B1B78002B08D10A4B80
:10C710001B680C4A12681146184612F039FF04E0F3
:10C72000074B064A07CA83E8070000BF1437BD4617
:10C7300090BD00BF28510020446E00202C510020E5
:10C7400038510020445100202DE9B04384B000AF9F
:10C7500078607B681B79412B00F083807B681B79B4
:10C76000422B7ED07B681B79432B7AD07B681B7968
:10C77000442B76D07B681B79452B72D0584B1B69B4
:10C780000021184612F03DFE0346564A1360554BF1
:10C790001B6800221A70534B1B68CD225A70514BF4
:10C7A0001B6800225A604E4B1B694E4A12681146A4
:10C7B000184612F03BFE4C4B00221A704B4B93F87C
:10C7C0006030002B00F09A807B681B79C42B00F04E
:10C7D0009580434B1B690021184612F012FE034658
:10C7E000404A13603F4B1B6800221A703D4B1B6888
:10C7F000DA225A703B4B1B6800225A60384B1B6987
:10C80000384A12681146184612F010FE384B0022C2
:10C810001A60364B002283F86020344B002283F8E4
:10C8200059202F4B9B680021184612F0EAFD034661
:10C830002C4A13602B4B1B6800221A70294B1B6873
:10C84000A8225A70294B93F85920264B1B685A602E
:10C85000234B9B68234A12681146184612F0E6FDE6
:10C860004CE0244B1B78002B08D0234B1B781E2B4D
:10C8700044F042861F4B00221A7040E01E4B0022FB
:10C880001A700123FB6023E0154AFB6852F823303D
:10C890000021184612F0B5FD0346124A1360114BF1
:10C8A0001B6800221A700F4B1B6803225A700D4B35
:10C8B0001B6800225A600A4AFB6852F82330094A72
:10C8C00012681146184612F0B1FDFB680133FB6097
:10C8D000FB68042BD8DD074B01221A7004F00DBE53
:10C8E000486E0020505100200C510020385000208C
:10C8F00024510020285100202951002000BF7B68CE
:10C900001B79CA2B04F2B28501A252F823F000BFB2
:10C910003DCC0208BBCC020865CD02087FCE0208E0
:10C9200099D2020817D3020877D30208CBD30208A2
:10C9300069D402081BD5020865D50208DBD50208B8
:10C9400083D60208E5D602085BD70208D3D70208CF
:10C950005DD80208EDD802088FD9020827DA02084C
:10C96000FBDA020861DB02088DDD020807DE02083F
:10C970005BDE0208DBDE02085FDF0208A9DF0208D7
:10C980003DE00208B5E00208BBE102084FE2020800
:10C99000F1E20208F7E3020853E40208D9E40208CE
:10C9A0005DE50208EBE502083FE90208BDE902087F
:10C9B00063EA02086DEA0208F5EA02087DEB020864
:10C9C00011EC0208ADED020859EE0208E1EE020892
:10C9D00069EF0208E1EF020865F002080DF10208B4
:10C9E000B5F102085DF2020805F302088DF30208B2
:10C9F00015F4020863F40208DBF4020859F5020892
:10CA0000D1F5020835F60208ADF6020819F702085A
:10CA1000A9F7020831F80208A7F80208EDF90208A0
:10CA200063FA0208D9FA02084FFB0208D3FB020896
:10CA300065FC0208DBFC020851FD0208DFFD02086C
:10CA40001FFE020871FE020805FF02087BFF0208B4
:10CA5000E3FF0208350003086D1403086D14030892
:10CA60006D1403086D1403086D1403086D14030896
:10CA70006D1403086D1403086D1403086D14030886
:10CA80006D1403086D1403086D1403086D14030876
:10CA90006D1403086D1403086D1403086D14030866
:10CAA0006D1403086D1403086D1403086D14030856
:10CAB0006D1403086D1403086D1403086D14030846
:10CAC0006D1403086D1403086D1403086D14030836
:10CAD0006D1403086D1403086D1403086D14030826
:10CAE0006D1403086D1403086D1403086D14030816
:10CAF0006D1403086D1403086D1403086D14030806
:10CB00006D1403086D1403086D1403086D140308F5
:10CB10006D1403086D1403086D1403086D140308E5
:10CB20006D1403086D1403086D1403086D140308D5
:10CB30006D1403086D1403086D1403086D140308C5
:10CB40006D1403086D1403086D1403086D140308B5
:10CB50006D1403086D1403086D1403086D140308A5
:10CB60006D1403086D14030893000308D300030831
:10CB70004101030881010308C10103080102030800
:10CB80004102030881020308C102030801030308EC
:10CB90004103030889030308D50303086D14030840
:10CBA0005D0403083505030875050308BD05030882
:10CBB000050603084506030885060308CD06030895
:10CBC000FF060308D70703081708030857080308D8
:10CBD000B5080308F50803083509030875090308B3
:10CBE000B5090308F5090308350A0308750A03089F
:10CBF000BD0A0308910B03081F0C03085F0C030810
:10CC0000AF0C0308290D03089D0D0308130E03083C
:10CC1000870E0308FB0E0308710F03084110030879
:10CC2000C7100308A1120308DF1203082B1303081F
:10CC300099130308ED1303086D1403087B685B79EF
:10CC4000002B44F000849A4B9B680021184612F098
:10CC5000D8FB0346974A1360964B1B6800221A7054
:10CC6000944B1B6897225A70924B1B687A689268A3
:10CC70005A608F4B9B688F4A12681146184612F013
:10CC8000D5FB8D4B1B680021184612F0BAFB0346FA
:10CC90008A4A1360894B1B68894A1A60864B1B6855
:10CCA000864A12681146184612F0C0FB642012F042
:10CCB0003CFA15F036FB04F0C6BB7D4B9B680021A7
:10CCC000184612F09EFB03467A4A1360794B1B68A4
:10CCD00000221A70774B1B6897225A70754B1B689D
:10CCE0007A6892685A60724B9B68724A1268114661
:10CCF000184612F09BFB6E4B1B690021184612F080
:10CD000080FB03466B4A13606A4B1B6800221A7053
:10CD1000684B1B68D2225A70664B1B6800225A600F
:10CD2000634B1B69634A12681146184612F07EFB7A
:10CD3000644B01221A70604B1B680021184612F0E8
:10CD400060FB03465D4A13605C4B1B685E4A1A60D9
:10CD5000594B1B68594A12681146184612F066FB77
:10CD600004F084BB594BDB7F002B33D0504B1B6945
:10CD70000021184612F045FB03464E4A13604D4B06
:10CD80001B6800221A704B4B1B68D1225A70494B0A
:10CD90001B6800225A60464B1B69464A12681146BE
:10CDA000184612F043FB444B1B680021184612F052
:10CDB00028FB0346414A1360404B1B68444A1A60F3
:10CDC0003D4B1B683D4A12681146184612F02EFB77
:10CDD00004F04CBB364B9B680021184612F011FB47
:10CDE0000346344A1360334B1B6800221A70314BE0
:10CDF0001B6897225A702F4B1B687A6892685A609A
:10CE00002B4B9B682B4A12681146184612F00EFBFA
:10CE1000274B1B690021184612F0F3FA0346254AF6
:10CE20001360244B1B6800221A70224B1B68D2220D
:10CE30005A70204B1B6800225A601D4B1B691D4A0B
:10CE400012681146184612F0F1FA1E4B02221A70AF
:10CE5000194B1B680021184612F0D3FA0346174AF3
:10CE60001360164B1B681B4A1A60134B1B68134A4E
:10CE700012681146184612F0D9FA04F0F7BA114BAD
:10CE80001B78013B042B04F2E08201A252F823F04C
:10CE9000A5CE0208CFCF020815D0020831D1020872
:10CEA000CDD10208F8F7EAFD0023FB6020E000BFC7
:10CEB000486E0020505100205C6E0020545100202C
:10CEC000C0CC04080E510020CCCC040838500020FF
:10CED0001CCD040880CD0408AF4AFB6813441978C0
:10CEE000AE4AFB6813440A461A70FB680133FB60C4
:10CEF000FB68B3F5806FEFDBF8F76AFEA84B1B7C8D
:10CF0000022B2CD0022B3DDC002B02D0012B13D0A6
:10CF100038E0A24B1D2283F81422A04B4C2283F848
:10CF2000152200214FF40570F8F7DEFC012140F2D4
:10CF30001520F8F7D9FC25E0984B232283F814221A
:10CF4000964B282283F8152200214FF40570F8F73C
:10CF5000CBFC012140F21520F8F7C6FC12E08F4B04
:10CF6000192283F814228D4B642283F815220021A4
:10CF70004FF40570F8F7B8FC012140F21520F8F7DE
:10CF8000B3FC00BF874B1B690021184612F039FA29
:10CF90000346854A1360844B1B6800221A70824B3B
:10CFA0001B68D3225A70804B1B6800225A607D4B4D
:10CFB0001B697D4A12681146184612F037FA7B4BFE
:10CFC0001B7843F02003DAB2784B1A7062E1734B9E
:10CFD000012283F8812001218120F8F785FC744B20
:10CFE0001B680021184612F00CFA0346714A1360C0
:10CFF000704B1B68704A1A606D4B1B686D4A126853
:10D000001146184612F012FA642012F08EF815F04C
:10D0100088F93FE1624B93F86130002B45D0604BBB
:10D02000002283F859205E4B4FF00002DA655D4B19
:10D030009B680021184612F0E4F903465A4A13602F
:10D04000594B1B6800221A70574B1B68A8225A7054
:10D05000534B93F85920544B1B685A60514B9B68B3
:10D06000514A12681146184612F0E0F94C4B002262
:10D0700083F85820494B002283F81A22012140F2FC
:10D080001A20F8F731FC15F063FE4C4B00221A60B1
:10D090004A4B07229A60494B0122DA60474B022231
:10D0A0001A61464815F0A6FFF4E03D4B002283F8D4
:10D0B00058203A4B002283F81A22012140F21A200C
:10D0C000F8F712FC3E4B00221A60354B012283F820
:10D0D000602015F03DFE394B00221A60374B0722C5
:10D0E0009A60364B0122DA60344B02221A613348CF
:10D0F00015F080FF2B4B1B690021184612F081F9B7
:10D100000346294A1360284B1B6800221A70264BDD
:10D110001B68D7225A70244B1B6800225A60214B8F
:10D120001B69214A12681146184612F07FF9B1E0D6
:10D13000244BFF221A70012222494FF44060F8F775
:10D1400023FC012220494FF44060F8F71DFC154BE9
:10D150001B690021184612F054F90346124A136065
:10D16000114B1B6800221A700F4B1B68D3225A7098
:10D170000D4B1B6800225A600A4B1B690A4A126851
:10D180001146184612F052F9084B1B7843F0080379
:10D19000DAB2064B1A707DE000DF04085851002017
:10D1A00038500020486E0020505100200D510020C2
:10D1B0005C6E002054510020C8CD0408105100209E
:10D1C00024510020F4500020E85000209C4BFF2206
:10D1D0001A7001229A494FF44160F8F7D5FB0122F9
:10D1E000974940F61140F8F7CFFB0122944940F6E9
:10D1F0001240F8F7C9FB0122914940F61340F8F7B5
:10D20000C3FB01228E4940F61440F8F7BDFB012212
:10D210008B4940F61540F8F7B7FB0122884940F6E4
:10D220001640F8F7B1FB0122854940F61740F8F7A0
:10D23000ABFB042283494FF44160F8F7A5FB0422BD
:10D24000814940F61440F8F79FFB804B1B69002191
:10D25000184612F0D6F803467D4A13607C4B1B68D3
:10D2600000221A707A4B1B68D3225A70784B1B68C5
:10D2700000225A60754B1B69754A126811461846A0
:10D2800012F0D4F8734B1B7843F01003DAB2714BF1
:10D290001A7000BF04F0D9B86F4B1B680021184604
:10D2A00012F0AFF803466D4A13606C4B1B687A6846
:10D2B00012781A70694B1B6801225A70674B1B6801
:10D2C000674A527F9A70654B1B687A689278DA7069
:10D2D000624B1B6804221A71604B1B6801225A7151
:10D2E0005F4B5A7F5D4B1B689A605C4B1B68012249
:10D2F0005A715A4B1B6800221A73584B1B68002244
:10D300009A73554B1B68554A12681146184612F01D
:10D310008DF804F0ABB87B689B68DAB2514B83F8A8
:10D32000802001218020F8F7DFFA484B1B6900219B
:10D33000184612F066F80346454A1360444B1B68D2
:10D3400000221A70424B1B68D3225A70404B1B6854
:10D3500000225A603D4B1B693D4A1268114618462F
:10D3600012F064F83B4B1B7843F00103DAB2394BFF
:10D370001A7004F07BB87B689B68394A9362334B20
:10D380009B680021184612F03CF80346304A1360AF
:10D390002F4B1B6800221A702D4B1B6889225A7074
:10D3A0002F4B9A6A2E4B93F932301946284B1B6843
:10D3B00001FB02F25A60254B9B68254A1268114610
:10D3C000184612F033F804F051B8234B1B680021C3
:10D3D000184612F016F80346204A13601F4B1B68CC
:10D3E0007A6812781A701D4B1B6801225A701B4B09
:10D3F0001B681B4A527F9A70184B1B687A68927898
:10D40000DA70164B1B6807221A71144B1B68144AFA
:10D41000926A9A60114B1B6801225A710F4B1B686C
:10D4200000221A730D4B1B6800229A730A4B1B686B
:10D430000A4A12681146184611F0F8FF04F016B8AF
:10D44000F4500020EC500020F0500020486E0020E6
:10D45000505100200D510020406E00204851002006
:10D4600038500020585100207B689B68974A93628F
:10D47000974B9B680021184611F0C3FF0346954A5D
:10D480001360944B1B6800221A70924B1B68892210
:10D490005A708E4B9A6A8D4B93F9323019468D4BE8
:10D4A0001B6801FB02F25A60894B9B68894A12682B
:10D4B0001146184611F0BAFF7B689B681B16DAB25A
:10D4C000854B83F805227B689B681B14DAB2824B7C
:10D4D00083F806227B689B681B12DAB27E4B83F8C6
:10D4E00007227B689B68DAB27B4B83F80822002115
:10D4F00040F20520F8F7F8F9002140F20620F8F78D
:10D50000F3F9002140F20720F8F7EEF901214FF47A
:10D510000270F8F7E9F903F0A9BF7B689B681A4627
:10D520006A4BDA626A4B9B680021184611F069FF6A
:10D530000346684A1360674B1B6800221A70654BEC
:10D540001B688A225A70614BDA6A624B1B685A6008
:10D550005F4B9B685F4A12681146184611F066FFE0
:10D5600003F084BF5D4B1B680021184611F049FF92
:10D5700003465B4A13605A4B1B687A6812781A702C
:10D58000574B1B6801225A70554B1B684F4A527FFC
:10D590009A70534B1B687A689278DA70504B1B680C
:10D5A0000A221A71494BDA6A4D4B1B689A604C4B40
:10D5B0001B6801225A714A4B1B6800221A73484BA0
:10D5C0001B6800229A73454B1B68454A1268114636
:10D5D000184611F02BFF03F049BF7B689B681A4681
:10D5E0003A4BDA623A4B9B680021184611F009FF6A
:10D5F0000346384A1360374B1B6800221A70354BBC
:10D600001B688A225A70314BDA6A324B1B685A60A7
:10D610002F4B9B682F4A12681146184611F006FFDF
:10D620007B689B681B16DAB22B4B83F809227B6858
:10D630009B681B14DAB2284B83F80A227B689B682C
:10D640001B12DAB2244B83F80B227B689B68DAB298
:10D65000214B83F80C22002140F20920F8F744F90D
:10D66000002140F20A20F8F73FF9002140F20B2098
:10D67000F8F73AF901214FF40370F8F735F903F0A0
:10D68000F5BE7B689B689AB2104B1A86104B9B685C
:10D690000021184611F0B5FE03460E4A13600D4BEB
:10D6A0001B6800221A700B4B1B688C225A70074BA8
:10D6B0001A8E084B1B685A60054B9B68054A126816
:10D6C0001146184611F0B2FE03F0D0BE38500020CB
:10D6D000486E00205051002058510020406E00201C
:10D6E000485100207B4B1B680021184611F089FE31
:10D6F0000346794A1360784B1B687A6812781A706F
:10D70000754B1B6801225A70734B1B68734A527F1A
:10D710009A70714B1B687A689278DA706E4B1B684E
:10D720000D221A716D4B1A8E6B4B1B689A606A4BF7
:10D730001B6801225A71684B1B6800221A73664BE2
:10D740001B6800229A73634B1B68634A1268114678
:10D75000184611F06BFE03F089BE7B689B689AB295
:10D760005E4B1A865E4B9B680021184611F049FEFD
:10D7700003465C4A13605B4B1B6800221A70594BCE
:10D780001B688C225A70554B1A8E564B1B685A6078
:10D79000534B9B68534A12681146184611F046FED7
:10D7A0007B689B681B12DAB24F4B83F80D227B68B3
:10D7B0009B68DAB24C4B83F80E22002140F20D2018
:10D7C000F8F792F8012140F20E20F8F78DF803F0F7
:10D7D0004DBE7B689B685BB2B3F1FF3F05D07B68B1
:10D7E0009B685BB2012B43F032867B689B685AB220
:10D7F0003A4B93F932309A4203F02986374B93F92A
:10D800003230DBB25B42DBB25AB2344B83F83220A7
:10D81000324B9B6A5B42314A9362314B9B680021D9
:10D82000184611F0EEFD03462E4A13602D4B1B687F
:10D8300000221A702B4B1B688D225A70274B93F9CC
:10D840003220284B1B685A60254B9B68254A12687A
:10D850001146184611F0EAFD03F0F9BD1D4B1B6897
:10D860000021184611F0CDFD03461B4A13601A4BE8
:10D870001B687A6812781A70174B1B6801225A705D
:10D88000154B1B68154A527F9A70134B1B687A68B8
:10D890009278DA70104B1B6810221A710F4B93F9B3
:10D8A00032200D4B1B689A600B4B1B6801225A718A
:10D8B000094B1B6800221A73074B1B6800229A73DE
:10D8C000044B1B68044A12681146184611F0AEFD5D
:10D8D00003F0CCBD406E002048510020385000209D
:10D8E000486E002050510020585100207B689B68F2
:10D8F0005BB2B3F1FF3F05D07B689B685BB2012B45
:10D9000043F0A7857B689B685AB28E4B93F93230FF
:10D910009A4203F09E858B4B93F93230DBB25B4227
:10D92000DBB25AB2874B83F83220864B9B6A5B424C
:10D93000844A9362844B9B680021184611F061FD74
:10D940000346824A1360814B1B6800221A707F4B8A
:10D950001B688D225A707B4B93F932207B4B1B68DE
:10D960005A60794B9B68794A12681146184611F043
:10D970005DFD744B93F93230DAB2754B83F80F22A8
:10D98000012140F20F20F7F7AFFF03F062BD714BAA
:10D990001B680021184611F034FD03466E4A1360DF
:10D9A0006D4B1B687A6812781A706B4B1B680122EA
:10D9B0005A70694B1B68634A527F9A70664B1B68AA
:10D9C0007A689278DA70644B1B6812221A71604B85
:10D9D00093F810321A065E4B93F811321B041A4367
:10D9E0005B4B93F812321B021A43594B93F81332D4
:10D9F0001946594B1B680A439A60574B1B68012212
:10DA00005A71554B1B6800221A73534B1B68002236
:10DA10009A73504B1B68504A12681146184611F011
:10DA200005FD03F023BD7B685B79002B10D1484BCB
:10DA3000802283F81022464B002283F81122444BA7
:10DA4000002283F81222424B002283F813221AE0AC
:10DA50007B689B681B16DAB23D4B83F810227B680B
:10DA60009B681B14DAB23A4B83F811227B689B68DF
:10DA70001B12DAB2364B83F812227B689B68DAB24B
:10DA8000334B83F8132200214FF40470F7F72CFF77
:10DA9000002140F21120F7F727FF002140F2122069
:10DAA000F7F722FF012140F21320F7F71DFF264B65
:10DAB0001B690021184611F0A4FC0346234A136099
:10DAC000224B1B6800221A70204B1B68D3225A700D
:10DAD0001E4B1B6800225A601B4B1B691B4A1268B5
:10DAE0001146184611F0A2FC1C4B1B7843F00203B0
:10DAF000DAB21A4B1A7003F0B9BC7B689B689AB211
:10DB0000104B9A86104B9B680021184611F079FC47
:10DB100003460E4A13600D4B1B6800221A700B4B14
:10DB20001B688B225A70074B9A8E084B1B685A60F1
:10DB3000054B9B68054A12681146184611F076FCA1
:10DB400003F094BC38500020486E00205051002053
:10DB500058510020406E0020485100200D510020F7
:10DB60007B685B79002B3AD1844B1B6800211846F7
:10DB700011F047FC0346824A1360814B1B687A68A8
:10DB800012781A707E4B1B6801225A707C4B1B68FE
:10DB90007C4A527F9A707A4B1B687A689278DA7066
:10DBA000774B1B6815221A71764B9A8E744B1B6843
:10DBB0009A60734B1B6801225A71714B1B680022DB
:10DBC0001A736F4B1B6800229A736C4B1B686C4A6C
:10DBD00012681146184611F029FC03F047BC7B6817
:10DBE0009B68012B41D1654B1B680021184611F041
:10DBF00008FC0346624A1360614B1B687A6812781E
:10DC00001A705F4B1B6801225A705D4B1B685D4A9E
:10DC1000527F9A705A4B1B687A689278DA70584B28
:10DC20001B6815221A71584B93F814321A02564B7E
:10DC300093F815321946524B1B680A439A60504BB1
:10DC40001B6801225A714E4B1B6800221A734C4B01
:10DC50001B6800229A73494B1B68494A1268114697
:10DC6000184611F0E3FB03F001BC7B689B68022BB4
:10DC70003FD1424B1B680021184611F0C2FB0346FE
:10DC80003F4A13603E4B1B687A6812781A703C4B0F
:10DC90001B6801225A703A4B1B683A4A527F9A70AD
:10DCA000374B1B687A689278DA70354B1B681522FF
:10DCB0001A71344BD3ED207A314B1B68FDEEE77AB5
:10DCC00017EE902A9A602E4B1B6801225A712C4B3A
:10DCD0001B6800221A732A4B1B6800229A73274B79
:10DCE0001B68274A12681146184611F09FFB03F083
:10DCF000BDBB7B689B68032B3BD1204B1B6800217D
:10DD0000184611F07EFB03461D4A13601C4B1B682E
:10DD10007A6812781A701A4B1B6801225A70184BD5
:10DD20001B68184A527F9A70154B1B687A68927864
:10DD3000DA70134B1B6815221A71124BB3F93C2091
:10DD40000F4B1B689A600E4B1B6801225A710C4BDB
:10DD50001B6800221A730A4B1B6800229A73074B38
:10DD60001B68074A12681146184611F05FFB03F062
:10DD70007DBB0E2004F01CFD03F078BB406E00203C
:10DD80004851002038500020585100207B689B6883
:10DD90009AB2A34B9A86A34B9B680021184611F0B8
:10DDA00030FB0346A04A13609F4B1B6800221A7089
:10DDB0009D4B1B688B225A70994B9A8E9A4B1B680D
:10DDC0005A60984B9B68984A12681146184611F0A1
:10DDD0002DFB934B9B8E1B0A9BB2DAB2934B83F8BD
:10DDE00014228F4B9B8EDAB2904B83F815220021C0
:10DDF0004FF40570F7F778FD012140F21520F7F791
:10DE000073FD03F033BB7B689B689BB21A465200DC
:10DE100013445B009AB2824B9A86824B9B68002126
:10DE2000184611F0EEFA03467F4A13607E4B1B68DA
:10DE300000221A707C4B1B688B225A70784B9A8E8A
:10DE4000794B1B685A60774B9B68774A126811467A
:10DE5000184611F0EBFA03F009BB754B1B68002163
:10DE6000184611F0CEFA0346724A1360714B1B68D4
:10DE70007A6812781A706F4B1B6801225A706D4BCA
:10DE80001B68674A527F9A706A4B1B687A6892785F
:10DE9000DA70684B1B6818221A71614B9B8E654AB9
:10DEA0001268654981FB0301DB17CB1A9360614B54
:10DEB0001B6801225A715F4B1B6800221A735D4B6D
:10DEC0001B6800229A735A4B1B685A4A1268114603
:10DED000184611F0ABFA03F0C9BA7B689B689BB295
:10DEE0001A46520013445B009AB24D4B9A864D4B32
:10DEF0009B680021184611F084FA03464A4A1360D1
:10DF0000494B1B6800221A70474B1B688B225A70C2
:10DF1000434B9A8E444B1B685A60424B9B68424A63
:10DF200012681146184611F081FA3D4B9B8E1B0A70
:10DF30009BB2DAB23D4B83F81422394B9B8EDAB296
:10DF40003A4B83F8152200214FF40570F7F7CCFC0B
:10DF5000012140F21520F7F7C7FC03F087BA7B6870
:10DF60009B689AB22E4BDA862E4B9B68002118468E
:10DF700011F047FA03462C4A13602B4B1B68002212
:10DF80001A70294B1B688E225A70254BDA8E264B4D
:10DF90001B685A60234B9B68234A12681146184637
:10DFA00011F044FA03F062BA214B1B6800211846B5
:10DFB00011F027FA03461F4A13601E4B1B687A684C
:10DFC00012781A701B4B1B6801225A70194B1B6880
:10DFD000134A527F9A70174B1B687A689278DA70EE
:10DFE000144B1B681B221A710D4BDA8E114B1B68E8
:10DFF0009A60104B1B6801225A710E4B1B6800225D
:10E000001A730C4B1B6800229A73094B1B68094A50
:10E0100012681146184611F009FA03F027BA00BF3A
:10E0200038500020486E00205051002058510020E8
:10E03000406E002048510020ABAAAA2A7B689B684A
:10E040009AB2A34BDA86A34B9B680021184611F0C5
:10E05000D8F90346A04A13609F4B1B6800221A7030
:10E060009D4B1B688E225A70994BDA8E9A4B1B6817
:10E070005A60984B9B68984A12681146184611F0EE
:10E08000D5F97B689B681B12DAB2944B83F8162291
:10E090007B689B68DAB2914B83F81722002140F22B
:10E0A0001620F7F721FC012140F21720F7F71CFC9E
:10E0B00003F0DCB97B681B7B002B55D07B689B7B16
:10E0C000002B51D07B685B7B142B02D0282B25D0F2
:10E0D0006EE0804B9B680021184611F092F90346D0
:10E0E0007D4A13607C4B1B6800221A707A4B1B68B8
:10E0F00090225A70784B1B687A6892685A607B68E5
:10E10000B3F91020744B1B689A60724B9B68724A7B
:10E1100012681146184611F089F924E06D4B9B688E
:10E120000021184611F06DF903466B4A13606A4BE3
:10E130001B6800221A70684B1B6891225A70664B4C
:10E140001B687A6892685A607B68B3F91020624B4A
:10E150001B689A605F4B9B685F4A126811461846BD
:10E1600011F064F900BF23E05A4B9B680021184668
:10E1700011F047F90346584A1360574B1B680022B9
:10E180001A70554B1B688F225A707B689A68504BE7
:10E1900093F932301946504B1B6801FB02F25A606A
:10E1A0004C4B9B684C4A12681146184611F03EF9D8
:10E1B0004B4B00221A7003F059B94A4B1B680021DF
:10E1C000184611F01EF90346474A1360464B1B6878
:10E1D0007A6812781A70444B1B6801225A70424BBD
:10E1E0001B683B4A527F9A703F4B1B687A68927853
:10E1F000DA703D4B1B681E221A71354BD3ED157A30
:10E200009FED3A7A67EE877AFDEEE77A17EE901A7D
:10E210002F4B93F932301A46334B1B6801FB02F245
:10E220009A60314B1B6801225A712F4B1B680022E8
:10E230001A732D4B1B6800229A732A4B1B682A4ABB
:10E2400012681146184611F0F1F803F00FB9254B8A
:10E250001B680021184611F0D4F80346224A1360C7
:10E26000214B1B687A6812781A701F4B1B680122B9
:10E270005A701D4B1B68164A527F9A701A4B1B68C6
:10E280007A689278DA70184B1B681F221A71104B4B
:10E290009A6B0F4B93F932301946134B1B6801FBF5
:10E2A00002F29A60104B1B6801225A710E4B1B68D8
:10E2B00000221A730C4B1B6800229A73094B1B68CF
:10E2C000094A12681146184611F0B0F803F0CEB8AA
:10E2D00038500020486E0020505100205851002036
:10E2E0002A510020406E0020485100200000C84202
:10E2F0007B681B7B002B55D07B689B7B002B51D010
:10E300007B685B7B142B02D0282B25D06EE08D4BD5
:10E310009B680021184611F074F803468A4A13607E
:10E32000894B1B6800221A70874B1B6893225A7016
:10E33000854B1B687A6892685A607B68B3F9102035
:10E34000814B1B689A607F4B9B687F4A126811461D
:10E35000184611F06BF824E07A4B9B6800211846B0
:10E3600011F04FF80346784A1360774B1B68002280
:10E370001A70754B1B6894225A70734B1B687A682D
:10E3800092685A607B68B3F910206F4B1B689A60E3
:10E390006C4B9B686C4A12681146184611F046F89F
:10E3A00000BF23E0674B9B680021184611F029F855
:10E3B0000346654A1360644B1B6800221A70624B67
:10E3C0001B6892225A707B689A68604B93F93230CE
:10E3D00019465D4B1B6801FB02F25A60594B9B6862
:10E3E000594A12681146184611F020F8584B00227D
:10E3F0001A7003F03BB8534B9B680021184611F08C
:10E4000000F80346504A13604F4B1B6800221A70F5
:10E410004D4B1B6895225A707B689A684B4B93F959
:10E4200032301946484B1B6801FB02F25A60454BDB
:10E430009B68454A12681146184610F0F7FF7B6842
:10E440009B681AB2414B9A87414B00221A7003F025
:10E450000DB8404B1B680021184610F0D2FF034650
:10E460003D4A13603C4B1B687A6812781A703A4B2D
:10E470001B6801225A70384B1B68344A527F9A70CD
:10E48000354B1B687A689278DA70334B1B6822220E
:10E490001A712E4BB3F93C301A462C4B93F932309B
:10E4A00019462D4B1B6801FB02F29A602A4B1B6830
:10E4B00001225A71284B1B6800221A73264B1B68D5
:10E4C00000229A73234B1B68234A12681146184690
:10E4D00010F0ACFF02F0CABF7B689B689BB21A4683
:10E4E000520013445B009BB21AB2184B9A87154B2B
:10E4F0009B680021184610F084FF0346124A1360FF
:10E50000114B1B6800221A700F4B1B6895225A7022
:10E510000E4BB3F93C301A460C4B93F93230194686
:10E52000094B1B6801FB02F25A60064B9B68064AC6
:10E5300012681146184610F079FF054B00221A7038
:10E5400002F094BF486E0020505100203850002047
:10E550002A510020406E0020485100206E4B1B685D
:10E560000021184610F04DFF03466C4A13606B4BB8
:10E570001B687A6812781A70684B1B6801225A70FF
:10E58000664B1B68664A527F9A70644B1B687A68B8
:10E590009278DA70614B1B6824221A71604BB3F9D0
:10E5A0003C30604A82FB0312DB17D21A5C4B93F9B2
:10E5B00032301946594B1B6801FB02F29A60574BE7
:10E5C0001B6801225A71554B1B6800221A73534B6A
:10E5D0001B6800229A73504B1B68504A1268114600
:10E5E000184610F023FF02F041BF7B685B79002BD7
:10E5F00040F09A80484B1B680021184610F001FF3C
:10E600000346464A1360454B1B687A6812781A70B5
:10E61000424B1B6801225A70404B1B68404A527F94
:10E620009A703E4B1B687A689278DA703B4B1B6895
:10E6300025221A71394B1B6801225A71374B1B680E
:10E6400000221A73354B1B6800229A73344B93F8DF
:10E6500050300B2B56D801A252F823F08DE6020859
:10E6600097E60208A1E60208ABE60208B5E6020852
:10E67000BFE60208C9E60208D3E60208DDE60208A2
:10E68000E7E60208F1E60208FBE60208234B1B68F6
:10E6900000229A6036E0214B1B6801229A6031E02B
:10E6A0001E4B1B6800229A602CE01C4B1B68022248
:10E6B0009A6027E0194B1B6803229A6022E0174BEF
:10E6C0001B6804229A601DE0144B1B6805229A60A7
:10E6D00018E0124B1B6806229A6013E00F4B1B6870
:10E6E00008229A600EE00D4B1B6808229A6009E030
:10E6F0000A4B1B6808229A6004E0084B1B6807223B
:10E700009A6000BF044B1B68044A12681146184601
:10E7100010F08CFE02F09FBE406E00204851002099
:10E7200038500020ABAAAA2A7B689B68012B40F0D6
:10E7300001819D4B93F85130002B37D09B4B1B68C8
:10E740000021184610F05DFE0346994A1360984B6D
:10E750001B687A6812781A70954B1B6801225A70F0
:10E76000934B1B68904A527F9A70914B1B687A6852
:10E770009278DA708E4B1B6825221A718C4B1B68BD
:10E7800001229A608A4B1B6801225A71884B1B68D0
:10E7900000221A73864B1B6800229A73834B1B68F6
:10E7A000834A12681146184610F040FE7E4B93F8DB
:10E7B0005230002B37D07D4B1B680021184610F0DB
:10E7C00020FE03467A4A1360794B1B687A681278F8
:10E7D0001A70774B1B6801225A70754B1B68724A7E
:10E7E000527F9A70724B1B687A689278DA70704B1D
:10E7F0001B6825221A716E4B1B6802229A606C4BB3
:10E800001B6801225A716A4B1B6800221A73684BFD
:10E810001B6800229A73654B1B68654A1268114693
:10E82000184610F003FE604B93F85330002B37D09E
:10E830005E4B1B680021184610F0E3FD03465C4A5E
:10E8400013605B4B1B687A6812781A70584B1B6810
:10E8500001225A70564B1B68534A527F9A70544B90
:10E860001B687A689278DA70514B1B6825221A71FE
:10E870004F4B1B6803229A604D4B1B6801225A7153
:10E880004B4B1B6800221A73494B1B6800229A737A
:10E89000464B1B68464A12681146184610F0C6FDE2
:10E8A000414B93F85120404B93F852301343DAB266
:10E8B0003D4B93F853301343DBB2002B42F0CB8532
:10E8C0003A4B1B680021184610F09BFD0346384A5E
:10E8D0001360374B1B687A6812781A70344B1B68C8
:10E8E00001225A70324B1B682F4A527F9A70304B6C
:10E8F0001B687A689278DA702D4B1B6825221A7192
:10E900002B4B1B6800229A60294B1B6801225A710D
:10E91000274B1B6800221A73254B1B6800229A7331
:10E92000224B1B68224A12681146184610F07EFDE1
:10E9300002F091BD0E2003F03BFF02F08CBD1A4B9C
:10E9400093F85120184B93F852301343DAB2164B18
:10E9500093F853301343DBB2002B04D0122003F0A2
:10E9600027FF02F083BD134B9B680021184610F06F
:10E9700048FD0346104A13600F4B1B6800221A70B3
:10E980000D4B1B6897225A700B4B1B687A68926874
:10E990005A60084B9B68084A12681146184610F0E6
:10E9A00045FD02F063BD00BF38500020406E0020DE
:10E9B00048510020486E0020505100208D4B93F8A4
:10E9C00051208C4B93F852301343DAB2894B93F8B1
:10E9D00053301343DBB2002B04D0122003F0E8FEC7
:10E9E00002F03BBD844B9B680021184610F009FDE6
:10E9F0000346824A1360814B1B6800221A707F4BCA
:10EA00001B6898225A707C4B9B687C4A126811469E
:10EA1000184610F00BFD7B685B79002B02F01D851A
:10EA20007B689B68764A934242F01785724B5B681D
:10EA30000021184610F0E5FC0346704A13606F4B46
:10EA40001B6800221A706D4B1B682F225A706A4B8C
:10EA50005B686A4A12681146184610F0E7FC02F03B
:10EA6000FCBC102003F0A4FE02F000BD654B1B6847
:10EA70000021184610F0C5FC0346634A1360624B40
:10EA80001B687A6812781A705F4B1B6801225A70F3
:10EA90005D4B1B68574A527F9A705B4B1B687A68C4
:10EAA0009278DA70584B1B6829221A71514BD3EDBA
:10EAB000217AB2EE047A67EE877AFCEEE77A524B5F
:10EAC0001B6817EE902A9A604F4B1B6801225A71FF
:10EAD0004D4B1B6800221A734B4B1B6800229A7324
:10EAE000484B1B68484A12681146184610F09EFCB5
:10EAF00002F0BCBC434B1B680021184610F081FC9F
:10EB00000346414A1360404B1B687A6812781A70BA
:10EB10003D4B1B6801225A703B4B1B68354A527FA4
:10EB20009A70394B1B687A689278DA70364B1B689A
:10EB30002A221A712F4BD3ED1D7A9FED347A67EE9E
:10EB4000877AFCEEE77A304B1B6817EE902A9A60C2
:10EB50002D4B1B6801225A712B4B1B6800221A7324
:10EB6000294B1B6800229A73264B1B68264A1268A1
:10EB70001146184610F05AFC02F078BC214B1B6875
:10EB80000021184610F03DFC03461F4A13601E4B3F
:10EB90001B687A6812781A701B4B1B6801225A7026
:10EBA000194B1B68134A527F9A70174B1B687A687F
:10EBB0009278DA70144B1B682B221A710D4B1A7C59
:10EBC000114B1B689A60104B1B6801225A710E4B47
:10EBD0001B6800221A730C4B1B6800229A73094BA6
:10EBE0001B68094A12681146184610F01FFC02F013
:10EBF0003DBC00BF38500020486E0020505100201E
:10EC000053455452406E00204851002000007A4481
:10EC10008D4B1B680021184610F0F3FB03468B4A0E
:10EC200013608A4B1B687A6812781A70874B1B68CE
:10EC300001225A70854B1B68854A527F9A70834B1C
:10EC40001B687A689278DA70804B1B682C221A71E4
:10EC50007B685B79002B1DD17D4BDA687B4B1B6891
:10EC60009A607B4B1B7A1B0219B2794B5B7A1AB202
:10EC7000764B1B680A4312B21A82744B1B6801223E
:10EC80005A71724B1B6800221A73704B1B68012269
:10EC90009A7381E07B689B68032B5FD801A252F8CE
:10ECA00023F000BFB5EC0208D9EC0208FDEC020825
:10ECB00021ED0208664B1A7A644B1B689A60634B1D
:10ECC0001B6801225A71614B1B6800221A735F4B4B
:10ECD0001B6800229A735FE05D4B5A7A5B4B1B689E
:10ECE0009A605A4B1B6801225A71584B1B680022CC
:10ECF0001A73564B1B6800229A734DE0544BDA6826
:10ED0000524B1B689A60514B1B6801225A714F4B42
:10ED10001B6800221A734D4B1B6800229A733BE05C
:10ED20004B4BDA68494B1B689A60494B1B7A1B02B4
:10ED300019B2474B5B7A1AB2444B1B680A4312B2B2
:10ED40001A82424B1B6801225A71404B1B680022F9
:10ED50001A733E4B1B6801229A731DE03C4BDA6824
:10ED60003A4B1B689A603A4B1B7A1B0219B2384B1C
:10ED70005B7A1AB2354B1B680A4312B21A82334BC4
:10ED80001B6801225A71314B1B6800221A732F4BEA
:10ED90001B6801229A7300BF2B4B1B682B4A126819
:10EDA0001146184610F042FB02F060BB264B1B6870
:10EDB0000021184610F025FB0346244A1360234B1C
:10EDC0001B687A6812781A70204B1B6801225A70EF
:10EDD0001E4B1B681E4A527F9A701C4B1B687A6838
:10EDE0009278DA70194B1B682D221A71184B9A69A8
:10EDF000164B1B689A60154B1B6801225A71134B06
:10EE00001B6801221A73124B5A69124B13441A0CD5
:10EE10000E4B1B68D2B25A730C4B1B6801229A73BB
:10EE20000B4B5B699BB2A3F534539AB2074B1B683B
:10EE300012B21A82044B1B68044A12681146184623
:10EE400010F0F4FA02F012BB406E0020485100208E
:10EE50003850002000D3CEFE7F4B1B68002118469F
:10EE600010F0CFFA03467D4A13607C4B1B687A682A
:10EE700012781A70794B1B6801225A70774B1B6805
:10EE8000774A527F9A70754B1B687A689278DA706D
:10EE9000724B1B682E221A71714BD3ED227AB2EE9F
:10EEA000047A67EE877A6D4B1B68FDEEE77A17EE02
:10EEB000902A9A60694B1B6801225A71674B1B6844
:10EEC00000221A73654B1B6800229A73624B1B6801
:10EED000624A12681146184610F0A8FA02F0C6BA43
:10EEE0005D4B1B680021184610F08BFA03465B4A05
:10EEF00013605A4B1B687A6812781A70574B1B685C
:10EF000001225A70554B1B68554A527F9A70534BD9
:10EF10001B687A689278DA70504B1B682F221A713E
:10EF20004F4BD3ED237AB2EE047A67EE877A4B4BE0
:10EF30001B68FDEEE77A17EE902A9A60474B1B6834
:10EF400001225A71454B1B6800221A73434B1B6800
:10EF500000229A73404B1B68404A126811461846BB
:10EF600010F064FA02F082BA3B4B1B68002118468D
:10EF700010F047FA0346394A1360384B1B687A6829
:10EF800012781A70354B1B6801225A70334B1B687C
:10EF9000334A527F9A70314B1B687A689278DA70E4
:10EFA0002E4B1B6830221A712D4B93F890202B4B5F
:10EFB0001B689A60294B1B6801225A71274B1B68FA
:10EFC00000221A73254B1B6800229A73224B1B6880
:10EFD000224A12681146184610F028FA02F046BA82
:10EFE0001D4B1B680021184610F00BFA03461B4A04
:10EFF00013601A4B1B687A6812781A70174B1B68DB
:10F0000001225A70154B1B68154A527F9A70134B98
:10F010001B687A689278DA70104B1B6831221A717B
:10F020000F4B93F891200D4B1B689A600B4B1B689C
:10F0300001225A71094B1B6800221A73074B1B6887
:10F0400000229A73044B1B68044A12681146184642
:10F0500010F0ECF902F00ABA406E0020485100208E
:10F0600038500020A44B1B680021184610F0C9F945
:10F070000346A24A1360A14B1B687A6812781A7083
:10F080009E4B1B6801225A709C4B1B689C4A527F06
:10F090009A709A4B1B687A689278DA70974B1B6863
:10F0A00032221A71964BD3F894301846F1F7F4F9DE
:10F0B0008DA3D3E90023F1F747FA02460B46104629
:10F0C00019468BA3D3E90023F1F73EFA02460B461B
:10F0D0008A490C6810461946F1F7E6FC0346A3601E
:10F0E000864B1B6801225A71844B1B6800221A73DD
:10F0F000824B1B6800229A737F4B1B687F4A126801
:10F100001146184610F092F902F0B0B97A4B1B681C
:10F110000021184610F075F90346784A1360774BC2
:10F120001B687A6812781A70744B1B6801225A7037
:10F13000724B1B68724A527F9A70704B1B687A68D8
:10F140009278DA706D4B1B6833221A716C4BD3F8CE
:10F1500098301846F1F7A0F963A3D3E90023F1F73B
:10F16000F3F902460B461046194661A3D3E9002382
:10F17000F1F7EAF902460B4660490C681046194659
:10F18000F1F792FC0346A3605C4B1B6801225A71A5
:10F190005A4B1B6800221A73584B1B6800229A7343
:10F1A000554B1B68554A12681146184610F03EF937
:10F1B00002F05CB9504B1B680021184610F021F991
:10F1C00003464E4A13604D4B1B687A6812781A70DA
:10F1D0004A4B1B6801225A70484B1B68484A527FB1
:10F1E0009A70464B1B687A689278DA70434B1B68BA
:10F1F00034221A71424BD3F89C301846F1F74CF97F
:10F2000039A3D3E90023F1F79FF902460B461046D4
:10F21000194637A3D3E90023F1F796F902460B46C6
:10F2200036490C6810461946F1F73EFC0346A360C8
:10F23000324B1B6801225A71304B1B6800221A7333
:10F240002E4B1B6800229A732B4B1B682B4A1268AB
:10F250001146184610F0EAF802F008B9264B1B6870
:10F260000021184610F0CDF80346244A1360234BC2
:10F270001B687A6812781A70204B1B6801225A703A
:10F280001E4B1B681E4A527F9A701C4B1B687A6883
:10F290009278DA70194B1B6835221A71184BD3ED2E
:10F2A000287AB2EE047A67EE877A144B1B68FDEE7B
:10F2B000E77A17EE902A9A60104B1B6801225A7168
:10F2C0000E4B1B6800221A730C4B1B6800229A73AA
:10F2D000094B1B68094A12681146184610F0A6F837
:10F2E00002F0C4B8AFF300809A9999999999234094
:10F2F000000000000088C340406E002048510020FC
:10F30000385000208E4B1B680021184610F079F809
:10F3100003468C4A13608B4B1B687A6812781A700C
:10F32000884B1B6801225A70864B1B68864A527FA5
:10F330009A70844B1B687A689278DA70814B1B68EC
:10F3400036221A71804BD3ED297AB2EE047A67EE39
:10F35000877A7C4B1B68FDEEE77A17EE902A9A605D
:10F36000784B1B6801225A71764B1B6800221A7376
:10F37000744B1B6800229A73714B1B68714A1268A8
:10F380001146184610F052F802F070B86C4B1B682A
:10F390000021184610F035F803466A4A1360694B9D
:10F3A0001B687A6812781A70664B1B6801225A70C3
:10F3B000644B1B68644A527F9A70624B1B687A6880
:10F3C0009278DA705F4B1B6837221A715E4BD3ED6F
:10F3D0002A7AB2EE047A67EE877A5A4B1B68FDEE02
:10F3E000E77A17EE902A9A60564B1B6801225A71F1
:10F3F000544B1B6800221A73524B1B6800229A73ED
:10F400004F4B1B684F4A12681146184610F00EF811
:10F4100002F02CB87B689B68DAB24B4B83F8AC20C7
:10F420004A4B1B69002118460FF0EBFF0346484A80
:10F430001360474B1B6800221A70454B1B68CA2299
:10F440005A70414B93F8AC20414B1B685A603F4BBC
:10F450001B693F4A1268114618460FF0E7FF02F099
:10F4600005B8374B1B68002118460FF0CAFF03464A
:10F47000344A1360334B1B687A6812781A70314B28
:10F480001B6801225A702F4B1B682F4A527F9A70BB
:10F490002C4B1B687A689278DA702A4B1B683922E9
:10F4A0001A71294B93F8AC20264B1B689A60254BA8
:10F4B0001B6801225A71234B1B6800221A73214BCF
:10F4C0001B6800229A731E4B1B681E4A1268114665
:10F4D00018460FF0ABFF01F0C9BF7B689B68DAB23A
:10F4E000194B83F8AC20194B1B69002118460FF00B
:10F4F00088FF0346164A1360154B1B6800221A70DA
:10F50000134B1B68CA225A700F4B93F8AC20104B58
:10F510001B685A600D4B1B690D4A1268114618464C
:10F520000FF084FF7B689B68DAB20A4B83F80023F4
:10F5300001214FF44070F6F7D7F901F097BF00BFF3
:10F54000406E00204851002038500020486E0020B6
:10F5500050510020585100208D4B1B680021184647
:10F560000FF04FFF03468B4A13608A4B1B687A6883
:10F5700012781A70874B1B6801225A70854B1B68E2
:10F58000854A527F9A70834B1B687A689278DA704A
:10F59000804B1B683B221A71804B93F801237D4BF3
:10F5A0001B689A607B4B1B6801225A71794B1B6860
:10F5B00000221A73774B1B6800229A73744B1B68E6
:10F5C000744A1268114618460FF030FF01F04EBF22
:10F5D0007B689B68DAB2704B83F8AD20704B1B6977
:10F5E000002118460FF00DFF03466E4A13606D4B65
:10F5F0001B6800221A706B4B1B68CB225A70664B3B
:10F6000093F8AD20674B1B685A60654B1B69654AD0
:10F610001268114618460FF009FF7B689B68DAB242
:10F620005E4B83F80123012140F20130F6F75CF9CB
:10F6300001F01CBF564B1B68002118460FF0E1FE7D
:10F640000346544A1360534B1B687A6812781A7049
:10F65000504B1B6801225A704E4B1B684E4A527F1A
:10F660009A704C4B1B687A689278DA70494B1B6829
:10F670003D221A71484B93F84420464B1B689A6010
:10F68000444B1B6801225A71424B1B6800221A73BB
:10F69000404B1B6800229A733D4B1B683D4A126821
:10F6A000114618460FF0C2FE01F0E0BE7B689B6871
:10F6B000DAB2394B83F84420394B5B680021184695
:10F6C0000FF09FFE0346374A1360364B1B6800223B
:10F6D0001A70314B93F84430002B04D0314B1B6827
:10F6E00013225A7003E02F4B1B6814225A702C4BC4
:10F6F0005B682C4A1268114618460FF097FE7B682B
:10F700009B68DAB2254B83F8802101214FF4C07049
:10F71000F6F7EAF801F0AABE1D4B1B680021184657
:10F720000FF06FFE03461B4A13601A4B1B687A6882
:10F7300012781A70174B1B6801225A70154B1B6800
:10F74000154A527F9A70134B1B687A689278DA7068
:10F75000104B1B683F221A710F4B1A7F0D4B1B6811
:10F760009A600C4B1B6801225A710A4B1B680022DD
:10F770001A73084B1B6800229A73054B1B68054AD5
:10F780001268114618460FF051FE01F06FBE00BF1F
:10F79000406E002048510020385000205851002071
:10F7A000486E0020505100208B4B1B6800211846EA
:10F7B0000FF027FE0346894A1360884B1B687A685E
:10F7C00012781A70854B1B6801225A70834B1B6894
:10F7D000834A527F9A70814B1B687A689278DA70FC
:10F7E0007E4B1B6840221A717D4BD3ED207A9FED32
:10F7F0007D7A67EE877A794B1B68FDEEE77A17EE24
:10F80000902A9A60754B1B6801225A71734B1B68D2
:10F8100000221A73714B1B6800229A736E4B1B688F
:10F820006E4A1268114618460FF000FE01F01EBE27
:10F83000694B1B68002118460FF0E3FD0346674A39
:10F840001360664B1B687A6812781A70634B1B68EA
:10F8500001225A70614B1B68614A527F9A705F4B5C
:10F860001B687A689278DA705C4B1B6841221A71C7
:10F870005D4B1A68594B1B689A60584B1B680122F4
:10F880005A71564B1B6800221A73544B1B68002296
:10F890009A73514B1B68514A1268114618460FF073
:10F8A000C5FD01F0E3BD4C4B1B68002118460FF06D
:10F8B000A8FD0346494A1360494B93F8AE300C2B20
:10F8C0005DD801A252F823F0FDF8020807F90208FA
:10F8D00011F902081BF9020825F902082FF902089C
:10F8E00039F9020843F902084DF9020857F90208EC
:10F8F00061F902086BF9020875F90208374B1B68B9
:10F9000000229A603BE0354B1B6801229A6036E08A
:10F91000324B1B6802229A6031E0304B1B68032295
:10F920009A602CE02D4B1B6804229A6027E02B4B39
:10F930001B6805229A6022E0284B1B6806229A6009
:10F940001DE0264B1B6807229A6018E0234B1B68BA
:10F9500008229A6013E0214B1B6809229A600EE08E
:10F960001E4B1B680A229A6009E01C4B1B680B2285
:10F970009A6004E0194B1B680C229A6000BF174B79
:10F980001B687A6812781A70144B1B6801225A702F
:10F99000124B1B68124A527F9A70104B1B687A6890
:10F9A0009278DA700D4B1B6842221A710B4B1B6860
:10F9B00001225A71094B1B6800221A73074B1B68FE
:10F9C00000229A73044B1B68044A126811461846B9
:10F9D0000FF02CFD01F04ABD406E00204851002080
:10F9E000385000200000C84208510020964B1B6888
:10F9F000002118460FF005FD0346944A1360934B0F
:10FA00001B687A6812781A70904B1B6801225A7032
:10FA10008E4B1B688E4A527F9A708C4B1B687A689B
:10FA20009278DA70894B1B6843221A71894B1A78D5
:10FA3000864B1B689A60854B1B6801225A71834B69
:10FA40001B6800221A73814B1B6800229A737E4B3D
:10FA50001B687E4A1268114618460FF0E7FC01F059
:10FA600005BD794B1B68002118460FF0CAFC034600
:10FA7000764A1360754B1B687A6812781A70734B5C
:10FA80001B6801225A70714B1B68714A527F9A7031
:10FA90006E4B1B687A689278DA706C4B1B68442254
:10FAA0001A716D4B1A78694B1B689A60674B1B681B
:10FAB00001225A71654B1B6800221A73634B1B6845
:10FAC00000229A73604B1B68604A12681146184600
:10FAD0000FF0ACFC01F0CABC5B4B1B680021184660
:10FAE0000FF08FFC0346594A1360584B1B687A6825
:10FAF00012781A70554B1B6801225A70534B1B68C1
:10FB0000534A527F9A70514B1B687A689278DA7028
:10FB10004E4B1B6845221A71504B1A784B4B1B6891
:10FB20009A604A4B1B6801225A71484B1B6800229D
:10FB30001A73464B1B6800229A73434B1B68434A57
:10FB40001268114618460FF071FC01F08FBC3E4B55
:10FB50001B68002118460FF054FC03463B4A136013
:10FB60003A4B1B687A6812781A70384B1B6801226E
:10FB70005A70364B1B68364A527F9A70334B1B685B
:10FB80007A689278DA70314B1B6846221A71344BCE
:10FB900093F814321A02324B93F8153219462B4B54
:10FBA0001B680A439A60294B1B6801225A71274B34
:10FBB0001B6800221A73254B1B6800229A73224B84
:10FBC0001B68224A1268114618460FF02FFC01F0FC
:10FBD0004DBC1D4B1B68002118460FF012FC03465C
:10FBE0001A4A1360194B1B687A6812781A70174BFF
:10FBF0001B6801225A70154B1B68154A527F9A7078
:10FC0000124B1B687A689278DA70104B1B68472297
:10FC10001A710F4B1A7A0D4B1B689A600B4B1B68BD
:10FC200001225A71094B1B6800221A73074B1B688B
:10FC300000229A73044B1B68044A12681146184646
:10FC40000FF0F4FB01F012BC406E00204851002080
:10FC5000385000200D5100200E5100200C51002082
:10FC6000585100207D4B1B68002118460FF0C9FB3E
:10FC700003467B4A13607A4B1B687A6812781A70C5
:10FC8000774B1B6801225A70754B1B68754A527F6F
:10FC90009A70734B1B687A689278DA70704B1B68A5
:10FCA00048221A716F4B5A7A6D4B1B689A606C4BE5
:10FCB0001B6801225A716A4B1B6800221A73684B39
:10FCC0001B6800229A73654B1B68654A12681146CF
:10FCD00018460FF0ABFB01F0C9BB604B1B6800215D
:10FCE00018460FF08EFB03465D4A13605C4B1B68A1
:10FCF0007A6812781A705A4B1B6801225A70584B56
:10FD00001B68584A527F9A70554B1B687A689278E4
:10FD1000DA70534B1B6849221A71524BDA68504B08
:10FD20001B689A604E4B1B6801225A714C4B1B6832
:10FD300000221A734A4B1B6800229A73474B1B68B8
:10FD4000474A1268114618460FF070FB01F08EBB4F
:10FD5000424B1B68002118460FF053FB0346404AF4
:10FD600013603F4B1B687A6812781A703C4B1B6813
:10FD700001225A703A4B1B683A4A527F9A70384BAC
:10FD80001B687A689278DA70354B1B684A221A71C0
:10FD9000344BDA68324B1B689A60324B1B7A1B0279
:10FDA00019B2304B5B7A1AB22D4B1B680A4312B260
:10FDB0001A822B4B1B6801225A71294B1B680022A7
:10FDC0001A73274B1B6801229A73244B1B68244A21
:10FDD0001268114618460FF029FB01F047BB224B71
:10FDE0009B68002118460FF00CFB03461F4A136066
:10FDF0001E4B1B6800221A701C4B1B68A0225A70F5
:10FE00001A4B1B687A6892685A60174B9B68174AAE
:10FE10001268114618460FF009FB01F027BB124B80
:10FE20009B68002118460FF0ECFA03460F4A136056
:10FE30000E4B1B6800221A700C4B1B68A6225A70CE
:10FE40000A4B1B6800225A60074B9B68074A1268DE
:10FE5000114618460FF0EAFA01F008BB406E002088
:10FE60004851002038500020486E0020505100209A
:10FE7000A34B1B68002118460FF0C3FA0346A14AA2
:10FE80001360A04B1B687A6812781A709D4B1B6830
:10FE900001225A709B4B1B689B4A527F9A70994B68
:10FEA0001B687A689278DA70964B1B684D221A713B
:10FEB000954B93ED157ADFED956AC7EE267AFDEE48
:10FEC000E77A17EE901A904B93F932301A468D4B21
:10FED0001B6801FB02F29A608A4B1B6801225A716F
:10FEE000884B1B6800221A73864B1B6800229A738A
:10FEF000834B1B68834A1268114618460FF096FA26
:10FF000001F0B4BA7B689B68DAB2814B83F819229E
:10FF1000012140F21920F5F7E7FC7E4B1B69002117
:10FF200018460FF06EFA03467B4A13607A4B1B6843
:10FF300000221A70784B1B68D3225A70764B1B68CC
:10FF400000225A60734B1B69734A126811461846A7
:10FF50000FF06CFA714B1B7843F00403DAB26F4B6D
:10FF60001A706B4B93F81932002B41F07882664B74
:10FF7000002283F8702001F072BA634B93F851208D
:10FF8000614B93F852301343DAB25F4B93F853301E
:10FF90001343DBB2002B04D0122002F009FC01F065
:10FFA00065BA5C4B9B68002118460FF02AFA03469D
:10FFB000594A1360584B1B6800221A70564B1B6835
:10FFC00099225A70544B1B687A6892685A60514B58
:10FFD0009B68514A1268114618460FF027FA01F043
:10FFE00045BA4C4B9B68002118460FF00AFA0346AD
:10FFF000494A1360484B1B6800221A707B689B6853
:020000040803EF
:10000000002B04D0444B1B6852225A7003E0424B31
:100010001B6853225A70404B1B687A6892685A607A
:100020003C4B9B683C4A1268114618460FF0FEF99B
:1000300001F01CBA3A4BFF221A70012238494FF4E2
:100040004060F5F7A1FC334B1B69002118460FF007
:10005000D8F90346304A13602F4B1B6800221A70F0
:100060002D4B1B68D3225A702B4B1B6800225A6001
:10007000284B1B69284A1268114618460FF0D6F91A
:10008000264B1B7843F04003DAB2244B1A7001F080
:10009000EDB9204B9B68002118460FF0B2F90346DA
:1000A0001D4A13601C4B1B6800221A701A4B1B68F8
:1000B00040225A70184B1B687A6892685A60154B38
:1000C0009B68154A1268114618460FF0AFF901F007
:1000D000CDB9104B9B68002118460FF092F90346EA
:1000E0000D4A13600C4B1B6800221A707B689B68DA
:1000F000012B17D1084B1B6841225A7016E000BF34
:10010000406E002048510020385000200000B443C9
:1001100058510020486E0020505100200D51002001
:10012000F4500020964B1B6842225A70954B9B68F6
:10013000934A1268114618460FF078F901F096B903
:10014000904B9B68002118460FF05BF903468C4AE0
:1001500013608B4B1B6800221A70894B1B6843226B
:100160005A70874B1B687A6892685A60854B9B6807
:10017000834A1268114618460FF058F901F076B913
:10018000804B9B68002118460FF03BF903467C4AE0
:1001900013607B4B1B6800221A70794B1B6844224A
:1001A0005A70774B1B687A6892685A60754B9B68E7
:1001B000734A1268114618460FF038F901F056B923
:1001C000704B9B68002118460FF01BF903466C4AE0
:1001D00013606B4B1B6800221A70694B1B68452229
:1001E0005A70674B1B687A6892685A60654B9B68C7
:1001F000634A1268114618460FF018F901F036B933
:10020000604B9B68002118460FF0FBF803465C4AE0
:1002100013605B4B1B6800221A70594B1B68462207
:100220005A70574B1B687A6892685A60554B9B68A6
:10023000534A1268114618460FF0F8F801F016B943
:10024000504B9B68002118460FF0DBF803464C4AE0
:1002500013604B4B1B6800221A70494B1B684722E6
:100260005A70474B1B687A6892685A60454B9B6886
:10027000434A1268114618460FF0D8F801F0F6B854
:10028000404B9B68002118460FF0BBF803463C4AE0
:1002900013603B4B1B6800221A70394B1B684822C5
:1002A0005A70374B1B687A6892685A60354B9B6866
:1002B000334A1268114618460FF0B8F801F0D6B864
:1002C000304B9B68002118460FF09BF803462C4AE0
:1002D00013602B4B1B6800221A70294B1B684922A4
:1002E0005A70274B1B687A6892685A60254B9B6846
:1002F000234A1268114618460FF098F801F0B6B874
:10030000204B9B68002118460FF07BF803461C4ADF
:1003100013601B4B1B6800221A70194B1B684A2282
:100320005A70174B1B687A6892685A60154B9B6825
:10033000134A1268114618460FF078F801F096B883
:10034000104B9B68002118460FF05BF803460C4ADF
:1003500013600B4B1B6800221A70094B1B684B2261
:100360005A70074B1B687A6892685A60054B9B6805
:10037000034A1268114618460FF058F801F076B893
:1003800050510020486E00209C4B9B68002118466D
:100390000FF037F803469A4A1360994B1B68002206
:1003A0001A70974B1B6854225A70954B1B687A68D9
:1003B00092685A607B68B3F91020914B1B689A6071
:1003C0008E4B9B688E4A1268114618460FF02EF825
:1003D00001F04CB87B689B68002B41F04280874B52
:1003E0005B68002118460FF00CF80346844A13603E
:1003F000834B1B6800221A70814B1B6816225A70AF
:100400007E4B5B687E4A1268114618460FF00EF864
:100410007A4B9B68002118460EF0F3FF0346784A9A
:100420001360774B1B6800221A70754B1B685522AE
:100430005A70734B1B687A6892685A607B68B3F98C
:1004400010206F4B1B689A606C4B9B686C4A12685B
:10045000114618460EF0EAFF01F003B87B689B686E
:10046000012B33D1654B9B68002118460EF0C9FF64
:100470000346634A1360624B1B6800221A70604B8C
:100480001B6856225A705D4B9B685D4A1268114684
:1004900018460EF0CBFF594B5B68002118460EF052
:1004A000B0FF0346564A1360554B1B6800221A7072
:1004B000534B1B6816225A70504B5B68504A1268A7
:1004C000114618460EF0B2FF00F0D0BF4B4B9B68B0
:1004D000002118460EF095FF0346494A1360484B29
:1004E0001B6800221A70464B1B6857225A70434BF8
:1004F0009B68434A1268114618460EF097FF3F4B1F
:100500005B68002118460EF07CFF03463C4A1360EE
:100510003B4B1B6800221A70394B1B6817225A701C
:10052000364B5B68364A1268114618460EF07EFF5D
:1005300000F09CBF314B9B68002118460EF061FF14
:1005400003462F4A13602E4B1B6800221A702C4B57
:100550001B687C225A702A4B1B687A6892685A6022
:10056000264B9B68264A1268114618460EF05EFF1D
:1005700000F07CBF214B9B68002118460EF041FF24
:1005800003461F4A13601E4B1B6800221A707B68CB
:100590009B68012B04D11A4B1B687D225A7003E023
:1005A000174B1B687E225A70144B9B68144A1268C2
:1005B000114618460EF03AFF00F058BF0F4B9B68EB
:1005C000002118460EF01DFF03460D4A13600C4B28
:1005D0001B6800221A700A4B1B687F225A70084B56
:1005E0001B687A6892685A60044B9B68044A1268D8
:1005F000114618460EF01AFF00F038BF486E002072
:1006000050510020A44B9B68002118460EF0F9FEC3
:100610000346A24A1360A14B1B6800221A709F4B2D
:100620001B6880225A709D4B1B687A6892685A60DA
:10063000994B9B68994A1268114618460EF0F6FECF
:1006400000F014BF944B9B68002118460EF0D9FEB1
:100650000346924A1360914B1B6800221A708F4B1D
:100660001B6881225A708D4B1B687A6892685A60A9
:10067000894B9B68894A1268114618460EF0D6FECF
:1006800000F0F4BE864B042283F8812001218120F2
:10069000F5F72AF9834B1B68002118460EF0B1FECE
:1006A0000346814A1360804B1B68804A1A607D4B69
:1006B0001B687D4A1268114618460EF0B7FE64208A
:1006C0000EF033FD11F02DFE00F0D0BEF5F700FA6C
:1006D000744B1B68002118460EF093FE0346724AC5
:1006E0001360714B1B68724A1A606E4B1B686E4A2E
:1006F0001268114618460EF099FE00F0B7BE7B68EE
:100700009B68012B33D1644B9B68002118460EF087
:1007100078FE0346614A1360604B1B6800221A7022
:100720005E4B1B6858225A705B4B9B685B4A126891
:10073000114618460EF07AFE574B5B6800211846AA
:100740000EF05FFE0346554A1360544B1B680022AF
:100750001A70524B1B6816225A704F4B5B684F4AF7
:100760001268114618460EF061FE00F07FBE4A4B3B
:100770009B68002118460EF044FE0346474A13606A
:10078000464B1B6800221A70444B1B6859225A7052
:10079000414B9B68414A1268114618460EF046FECE
:1007A0003D4B5B68002118460EF02BFE03463B4A8A
:1007B00013603A4B1B6800221A70384B1B681722D3
:1007C0005A70354B5B68354A1268114618460EF070
:1007D0002DFE00F04BBE304BDB68002118460EF0BA
:1007E00010FE03462D4A13602C4B1B6800221A7022
:1007F0002A4B1B68C3225A70284B1B687A68926880
:100800005A60254BDB68254A1268114618460EF0DF
:100810000DFE00F02BBE204BDB68002118460EF0C9
:10082000F0FD03461D4A13601C4B1B6800221A7022
:100830001A4B1B68C4225A70184B1B687A6892685E
:100840005A60154BDB68154A1268114618460EF0BF
:10085000EDFD00F00BBE104BDB68002118460EF0DA
:10086000D0FD03460D4A13600C4B1B6800221A7022
:100870000A4B1B68C5225A70084B1B687A6892683D
:100880005A60054BDB68054A1268114618460EF09F
:10089000CDFD00F0EBBD00BF486E002050510020A0
:1008A000585100205C6E002054510020D4CD040823
:1008B000E0CD04087F4BDB68002118460EF0A1FD57
:1008C00003467D4A13607C4B1B6800221A707A4BEA
:1008D0001B68C6225A70784B1B687A6892685A6007
:1008E000744BDB68744A1268114618460EF09EFD80
:1008F00000F0BCBD6F4BDB68002118460EF081FD97
:1009000003466D4A13606C4B1B6800221A706A4BD9
:100910001B68C7225A70684B1B687A6892685A60D5
:10092000644BDB68644A1268114618460EF07EFD7F
:1009300000F09CBD5F4B9B68002118460EF061FDE6
:1009400003465D4A13605C4B1B6800221A705A4BC9
:100950001B6882225A70584B1B687A6892685A60EA
:10096000544B9B68544A1268114618460EF05EFDBF
:1009700000F07CBD4F4B9B68002118460EF041FDF6
:1009800003464D4A13604C4B1B6800221A704A4BB9
:100990001B6883225A70484B1B687A6892685A60B9
:1009A000444B9B68444A1268114618460EF03EFDBF
:1009B00000F05CBD3F4B9B68002118460EF021FD06
:1009C00003463D4A13603C4B1B6800221A703A4BA9
:1009D0001B6884225A70384B1B687A6892685A6088
:1009E000344B9B68344A1268114618460EF01EFDBF
:1009F00000F03CBD2F4B9B68002118460EF001FD16
:100A000003462D4A13602C4B1B6800221A702A4B98
:100A10001B6885225A70284B1B687A6892685A6056
:100A2000244B9B68244A1268114618460EF0FEFCBF
:100A300000F01CBD1F4B9B68002118460EF0E1FC26
:100A400003461D4A13601C4B1B6800221A701A4B88
:100A50001B6886225A70184B1B687A6892685A6025
:100A6000144B9B68144A1268114618460EF0DEFCBF
:100A700000F0FCBC0F4B9B68002118460EF0C1FC37
:100A800003460D4A13600C4B1B6800221A700A4B78
:100A90001B6887225A70084B1B687A6892685A60F4
:100AA000044B9B68044A1268114618460EF0BEFCBF
:100AB00000F0DCBC486E002050510020904BFF221B
:100AC0001A7001228E494FF44060F4F75DFF012255
:100AD0008B494FF44160F4F757FF0122884940F6F3
:100AE0001140F4F751FF0122854940F61240F4F716
:100AF0004BFF0122824940F61340F4F745FF0122E3
:100B00007F4940F61440F4F73FFF01227C4940F64C
:100B10001540F4F739FF0122794940F61640F4F701
:100B200033FF0122764940F61740F4F72DFF754B4D
:100B30001B68002118460EF064FC0346724A1360DD
:100B4000714B1B68714A1A606E4B1B686E4A1268C3
:100B5000114618460EF06AFC6A4B1B6800211846C5
:100B60000EF04FFC0346684A1360674B1B68684AE7
:100B70001A60644B1B68644A1268114618460EF0EE
:100B800055FC64200EF0D1FA11F0CBFB00F06EBCE6
:100B9000604B1B68002118460EF033FC03465E4A8A
:100BA00013605D4B1B687A6812781A705A4B1B6889
:100BB00001225A70584B1B68584A527F9A70564B04
:100BC0001B687A689278DA70534B1B68B9221A71E5
:100BD000524B5A68504B1B689A60504B1B781B0253
:100BE00019B24E4B5B781AB24B4B1B680A4312B2D8
:100BF0001A82494B1B6801225A71474B1B6800221D
:100C00001A73454B1B6801229A73424B1B68424A78
:100C10001268114618460EF009FC00F027BC404B44
:100C20009B68002118460EF0ECFB03463D4A13601A
:100C30003C4B1B6800221A703A4B1B684C225A70BE
:100C4000384B1B687A6892685A60354B9B68354A06
:100C50001268114618460EF0E9FB00F007BC304B55
:100C60009B68002118460EF0CCFB03462D4A13600A
:100C70002C4B1B6800221A707B689B68002B04D0E9
:100C8000284B1B684E225A7003E0264B1B684F22EC
:100C90005A70244B1B687A6892685A60204B9B6894
:100CA000204A1268114618460EF0C0FBDEE31C4BCA
:100CB0009B68002118460EF0A4FB0346194A1360F6
:100CC000184B1B6800221A707B689B68002B04D0AD
:100CD000144B1B6850225A7003E0124B1B685122C0
:100CE0005A70104B1B687A6892685A600C4B9B686C
:100CF0000C4A1268114618460EF098FBB6E300BF86
:100D0000F45000205C6E002054510020FCCD0408FB
:100D100024CE0408406E00204851002038500020A6
:100D2000486E002050510020964B1B680021184649
:100D30000EF067FB0346944A1360934B1B687A6876
:100D400012781A70904B1B6801225A708E4B1B68E8
:100D50008E4A527F9A708C4B1B687A689278DA7050
:100D6000894B1B68BD221A71884BDA6C864B1B6855
:100D70009A60854B1B6801225A71834B1B680022C5
:100D80001A73814B1B6800229A737E4B1B687E4A44
:100D90001268114618460EF049FB67E3794B1B6851
:100DA000002118460EF02DFB0346774A1360764B60
:100DB0001B687A6812781A70734B1B6801225A708C
:100DC000714B1B68714A527F9A706F4B1B687A682F
:100DD0009278DA706C4B1B68BE221A716B4B1B7CCD
:100DE0005AB2694B1B689A60674B1B6801225A71A3
:100DF000654B1B6800221A73634B1B6800229A73B1
:100E0000604B1B68604A1268114618460EF00EFBD4
:100E10002CE35C4B1B68002118460EF0F2FA0346E7
:100E2000594A1360584B1B687A6812781A70564BEF
:100E30001B6801225A70544B1B68544A527F9A70A7
:100E4000514B1B687A689278DA704F4B1B68BF224F
:100E50001A714E4B5A7C4C4B1B689A604A4B1B686C
:100E600001225A71484B1B6800221A73464B1B68BB
:100E700000229A73434B1B68434A12681146184676
:100E80000EF0D4FAF2E23F4B1B68002118460EF038
:100E9000B8FA03463C4A13603B4B1B687A681278E9
:100EA0001A70394B1B6801225A70374B1B68374A3E
:100EB000527F9A70344B1B687A689278DA70324BA2
:100EC0001B68C0221A71304B1B68304A126C9A6042
:100ED0002D4B1B6801225A712B4B1B6800221A7381
:100EE000294B1B6800229A73264B1B68264A1268FE
:100EF000114618460EF09AFAB8E2224B1B68002100
:100F000018460EF07EFA03461F4A13601E4B1B68FC
:100F10007A6812781A701C4B1B6801225A701A4B9F
:100F20001B681A4A527F9A70174B1B687A6892782E
:100F3000DA70154B1B68C1221A71144B93F85820B4
:100F4000114B1B689A60104B1B6801225A710E4BA3
:100F50001B6800221A730C4B1B6800229A73094B02
:100F60001B68094A1268114618460EF05FFA7DE2C6
:100F70007B689B68012B0BD0044B012283F8612016
:100F80000AE000BF406E0020485100203850002089
:100F9000A64B002283F86120A54B9B6800211846D0
:100FA0000EF02FFA0346A34A1360A24B1B680022DF
:100FB0001A70A04B1B6897225A709E4B1B687A6868
:100FC00092685A609A4B9B689A4A12681146184672
:100FD0000EF02CFA964B1B69002118460EF011FA00
:100FE0000346944A1360934B1B6800221A70914B7E
:100FF0001B68D2225A708F4B1B6800225A608C4BA0
:101000001B698C4A1268114618460EF00FFA8A4B7B
:1010100003221A70894B1B68002118460EF0F1F963
:101020000346874A1360864B1B68864A1A60834BC7
:101030001B68834A1268114618460EF0F7F915E24C
:10104000814B1B68002118460EF0DBF903467F4AEE
:1010500013607E4B1B687A6812781A707B4B1B6892
:1010600001225A70794B1B68704A527F9A70774BF5
:101070001B687A689278DA70744B1B68C3221A7105
:101080006A4BD3ED177A9FED727A67EE877A6F4BD2
:101090001B68FDEEE77A17EE902A9A606B4B1B688F
:1010A00001225A71694B1B6800221A73674B1B6837
:1010B00000229A73644B1B68644A126811461846F2
:1010C0000EF0B4F9D2E1594B93F86030002B00F0E8
:1010D000C980604B1B6803F1006101F5C0217B688A
:1010E0009B681BB21BB2DA179846914642464B46A4
:1010F000012011F025FD574B1B680233554A136040
:10110000544B1B68B3F5347F72D30023FB601AE0A5
:10111000504B1B6803F1006101F5C0214E4AFB688A
:1011200013441B78DBB200221C46154622462B4690
:10113000002011F005FD474B1B680133454A136041
:10114000FB680133FB60FB680B2BE1D9384B1B6953
:10115000002118460EF055F90346364A1360354B08
:101160001B6800221A70334B1B68D9225A70314B0E
:101170001B6800225A602E4B1B692E4A12681146CA
:1011800018460EF053F9334B00221A60274B002209
:1011900083F86020314B012283F81A22012140F2AA
:1011A0001A20F4F7A1FB224B1B69002118460EF010
:1011B00028F903461F4A13601E4B1B6800221A7051
:1011C0001C4B1B68D3225A701A4B1B6800225A60B2
:1011D000174B1B69174A1268114618460EF026F97C
:1011E0001F4B1B7863F07F03DAB21D4B1A703DE191
:1011F0000F4B1B69002118460EF003F903460D4AF8
:1012000013600C4B1B6800221A700A4B1B68D82213
:101210005A70084B1B6800225A60054B1B69054A2F
:101220001268114618460EF001F91FE138500020EF
:10123000486E0020505100200E5100205C6E0020AE
:101240005451002030CE0408406E00204851002048
:101250000000C842245100203C05002058510020C5
:101260000D5100209B4B1B69002118460EF0C9F858
:101270000346994A1360984B1B6800221A70964BDC
:101280001B68CF225A70944B1B6800225A60914B06
:101290001B69914A1268114618460EF0C7F8E5E03E
:1012A0008C4B9B68002118460EF0ABF803468A4A27
:1012B0001360894B1B6800221A70874B1B684D22F4
:1012C0005A70854B1B687A6892685A60814B9B689C
:1012D000814A1268114618460EF0A8F8C6E07B68ED
:1012E0009B68DAB27D4B1A707A4B1B690021184655
:1012F0000EF087F80346784A1360774B1B6800228C
:101300001A70754B1B68D2225A70734B1B680022EF
:101310005A60704B1B69704A1268114618460EF0ED
:1013200085F86F4B04221A70A0E07B689B681A4610
:101330006C4B13446C4A93422AD27B689B681A46D2
:101340006A4B1A606A4B1B68002B00F08C80614B63
:101350001B69002118460EF054F803465E4A1360DC
:101360005D4B1B6800221A705B4B1B68D2225A70BF
:10137000594B1B6800225A60564B1B69564A12682B
:10138000114618460EF052F8554B05221A706AE0C5
:10139000112001F00DFA66E07B689B681A46544BF9
:1013A0001A60524B1B68002B5FD04A4B1B6900210F
:1013B00018460EF026F80346474A1360464B1B6852
:1013C00000221A70444B1B68D2225A70424B1B6891
:1013D00000225A603F4B1B693F4A1268114618466B
:1013E0000EF024F83E4B05221A703EE07B689B68A5
:1013F000002B04D03F4B012283F8592003E03D4BE2
:10140000002283F85920334B9B68002118460DF0C9
:10141000F8FF0346304A13602F4B1B6800221A70F6
:101420002D4B1B68A8225A70324B93F859202A4B37
:101430001B685A60274B9B68274A1268114618465A
:101440000DF0F4FF12E000BF10E000BF0EE000BF9F
:101450000CE000BF0AE000BF08E000BF06E000BFEC
:1014600004E000BF02E000BF00E000BF7B681B7922
:10147000412B42D07B681B79422B3ED07B681B7985
:10148000432B3AD07B681B79442B36D07B681B7981
:10149000452B32D07B681A79164B9A777B681B797B
:1014A000012B2AD07B681B79022B26D07B681B7905
:1014B000C22B22D07B681B79C62B1ED07B681B7980
:1014C000C72B1AD07B681B79C82B16D0044B00227F
:1014D0001A7012E0486E002050510020E8500020A1
:1014E0000E51002000D3CEFE80969800EC500020D4
:1014F000F05000203850002000BF1037BD46BDE836
:10150000B08300BF90B585B000AF254B1968254C5E
:101510003B46002218460DF0C7FF3B4693E8070004
:1015200084E807001F4B1B68202B35D11D4B5B68DF
:101530001D4A13601C4B1B681B78013B032B23D8EF
:1015400001A252F823F000BF5915030865150308DE
:10155000711503087D150308134B1B68184600F02E
:1015600025F811E0104B1B68184600F0CDFA0BE08F
:101570000D4B1B68184600F0CDFF05E00A4B1B68B9
:10158000184601F0F1F800BF054B1B68064A1268C7
:10159000114618460DF0FCFF00BF1437BD4690BD44
:1015A000486E00202C5100204C51002080B582B0A4
:1015B00000AF78607B685B78043B292B00F2968251
:1015C00001A252F823F000BF71160308ED1A0308B8
:1015D000ED1A0308ED1A0308ED1A0308ED1A0308C3
:1015E000ED1A0308ED1A0308ED1A0308ED1A0308B3
:1015F000ED1A0308ED1A030881160308891603087B
:10160000E51A0308ED1A0308ED1A030891160308FA
:10161000ED1A0308ED1A03089D160308B516030812
:10162000CD160308E5160308FD1603081517030871
:101630002D170308451703085D1703088D170308C6
:10164000DD1703082B1803087B180308E1180308AB
:10165000ED1A03083D190308ED1A03082B1A0308B5
:10166000ED1A0308691A0308ED1A0308A71A0308FC
:10167000954B1B7843F00203DAB2934B1A7035E2B4
:101680000E2001F095F831E2102001F091F82DE2E2
:101690007B685B68DAB28D4B1A7727E27B685B6800
:1016A000DAB28B4B83F88121012140F28110F4F7EB
:1016B0001BF91BE27B685B68DAB2854B83F88221F9
:1016C00001214FF4C170F4F70FF90FE27B685B68FA
:1016D000DAB27F4B83F88321012140F28310F4F7C3
:1016E00003F903E27B685B68DAB2794B83F8842103
:1016F00001214FF4C270F4F7F7F8F7E17B685B68FB
:10170000DAB2734B83F88521012140F28510F4F79A
:10171000EBF8EBE17B685B68DAB26D4B83F886210E
:1017200001214FF4C370F4F7DFF8DFE17B685B68F9
:10173000DAB2674B83F88721012140F28710F4F772
:10174000D3F8D3E17B685B68DAB2614B83F8882118
:1017500001214FF4C470F4F7C7F8C7E17B685B68F8
:101760001B12DAB25A4B83F889217B685B68DAB2C4
:10177000574B83F88A21002140F28910F4F7B4F81E
:1017800001214FF4C570F4F7AFF8AFE1514B9B68FE
:10179000002118460DF035FE03464F4A13604E4BAC
:1017A0001B6800221A704C4B1B688F225A707B6892
:1017B0005A68464B93F932301946474B1B6801FB78
:1017C00002F25A60434B9B68434A1268114618461E
:1017D0000DF02CFE414B01221A7087E13D4B9B68B6
:1017E000002118460DF00DFE03463B4A13603A4BAC
:1017F0001B6800221A70384B1B6891225A70364BB6
:101800001B687A6852685A60334B1B687A68926822
:101810009A60304B9B68304A1268114618460DF0AA
:1018200005FE2E4B01221A7060E12A4B9B680021B5
:1018300018460DF0E6FD0346274A1360264B1B6849
:1018400000221A70244B1B6892225A707B685A68D7
:101850001E4B93F9323019461F4B1B6801FB02F2F5
:101860005A601C4B9B681C4A1268114618460DF0C2
:10187000DDFD1A4B01221A7038E1164B9B680021DE
:1018800018460DF0BEFD0346134A1360124B1B6849
:1018900000221A70104B1B6894225A700E4B1B6862
:1018A0007A6852685A600C4B1B687A6892689A6032
:1018B000084B9B68084A1268114618460DF0B6FDA1
:1018C000064B01221A7011E12951002038500020E6
:1018D00058510020486E0020505100202A5100200D
:1018E000844B5B68002118460DF08BFD0346824A4D
:1018F0001360814B1B6800221A707F4B1B682622E5
:101900005A707E4BD3ED157A9FED7D7A67EE877A1C
:10191000FDEEE77A17EE901A784B93F932301A46BB
:10192000754B1B6801FB02F25A60724B5B68724A8E
:101930001268114618460DF079FDD7E06D4B5B68D3
:10194000002118460DF05DFD03466B4A13606A4B9B
:101950001B6800221A70684B1B6828225A70674B5C
:1019600093F850300B2B57D801A252F823F000BF48
:10197000A1190308AB190308B5190308BF19030817
:10198000C9190308D3190308DD190308E719030867
:10199000F1190308FB190308051A03080F1A0308B5
:1019A000554B1B6800225A6036E0534B1B680122DE
:1019B0005A6031E0504B1B6800225A602CE04E4BBD
:1019C0001B6802225A6027E04B4B1B6803225A60B7
:1019D00022E0494B1B6804225A601DE0464B1B68FD
:1019E00005225A6018E0444B1B6806225A6013E037
:1019F000414B1B6808225A600EE03F4B1B680822CF
:101A00005A6009E03C4B1B6808225A6004E03A4BDC
:101A10001B6807225A6000BF364B5B68364A126863
:101A2000114618460DF002FD60E0324B5B68002164
:101A300018460DF0E6FC03462F4A13602E4B1B6838
:101A400000221A702C4B1B682A225A702D4B1A68E0
:101A5000294B1B685A60274B5B68274A126811465E
:101A600018460DF0E3FC41E0224B9B68002118462C
:101A70000DF0C7FC0346204A13601F4B1B68002271
:101A80001A701D4B1B68A1225A701B4B1B687A6889
:101A900052685A60174B9B68174A126811461846DD
:101AA0000DF0C4FC22E0134B9B68002118460DF09A
:101AB000A8FC0346104A13600F4B1B6800221A70E3
:101AC0000D4B1B68A2225A700B4B1B687A68526838
:101AD0005A60084B9B68084A1268114618460DF078
:101AE000A5FC03E0112000F063FE00BF00BF083733
:101AF000BD4680BD486E0020505100203850002067
:101B00000000C8420851002080B586B000AF786060
:101B100000237B6100233B617B685B78043BA12B46
:101B200000F2E68401A252F823F000BFB51D0308BD
:101B3000F1240308F1240308F1240308F124030825
:101B4000F1240308F1240308F1240308F124030815
:101B5000F1240308F1240308F1240308F124030805
:101B6000F1240308F1240308F1240308F1240308F5
:101B7000F1240308F1240308F1240308F1240308E5
:101B8000F1240308F1240308F1240308F1240308D5
:101B9000F1240308F1240308F1240308F1240308C5
:101BA000F1240308F1240308F1240308F1240308B5
:101BB000F1240308F1240308F1240308F1240308A5
:101BC000F1240308F1240308F1240308F124030895
:101BD000F1240308F1240308F1240308F124030885
:101BE000F1240308F1240308F1240308F124030875
:101BF000F1240308F1240308F1240308F124030865
:101C0000F1240308F1240308F1240308F124030854
:101C1000F1240308F1240308F1240308F124030844
:101C2000F1240308F1240308F1240308F124030834
:101C3000F1240308F1240308F1240308F124030824
:101C4000F1240308F1240308F1240308F124030814
:101C5000F1240308F1240308F1240308F124030804
:101C6000F1240308F1240308F1240308F1240308F4
:101C7000F1240308F1240308F1240308F1240308E4
:101C8000F1240308C51D0308E11D0308BF1F030855
:101C9000DB1F0308E51F0308ED1F0308FD1F0308F2
:101CA000AD2103080D20030829200308452003085F
:101CB0006B200308732003087B200308B12003086E
:101CC000B9200308C120030861200308C9200308C4
:101CD000D1200308E9200308012103081321030888
:101CE000592103085921030871210308832103089E
:101CF000832103089B210308C1220308C92203088A
:101D0000E922030809230308C5230308F124030873
:101D1000F1240308F1240308F1240308F124030843
:101D2000F1240308F1240308F1240308F124030833
:101D3000F1240308F1240308F1240308F124030823
:101D4000F1240308F1240308F1240308F124030813
:101D5000F1240308F1240308F1240308F124030803
:101D6000F1240308F1240308F1240308F1240308F3
:101D7000F1240308F1240308F1240308F1240308E3
:101D8000F1240308F1240308252303082D23030865
:101D90003B2303084323030871230308F1240308AA
:101DA000F1240308F1240308D12303085324030872
:101DB0009B240308B34B1B7843F00403DAB2B14B06
:101DC0001A7095E37B685B6807EE903AB8EEE77AA5
:101DD000DFEDAD6AC7EE267AAC4BC3ED157A87E32B
:101DE0007B685B6807EE903AB8EEE77ADFEDA66AAB
:101DF000C7EE267AC7ED037AA44B93F87030002B18
:101E000000F06F83D7ED037AF0EEE77A9FED9E7ACC
:101E1000F4EEC77AF1EE10FA61D89D4B1B78002BD7
:101E20005DD09A4B5B6EDAB29A4B1A70974B5B6E31
:101E30001B0ADAB2974B5A70944B5B6E1B0CDAB2EA
:101E4000944B9A70914B5B6E1B0EDBB203F07F03D9
:101E5000DAB2904BDA708F4BFF221A718D4BFF2252
:101E60005A718C4BFF229A718A4BFF22DA71874B91
:101E7000B3F86230B3F57F7F11D1844BB3F8623091
:101E800003F580639BB2042282491846F3F77CFD78
:101E9000042281494FF48060F3F776FD14E07B4B18
:101EA000B3F86230B3F5806F03D3784B0022A3F808
:101EB0006220764BB3F8623003F580639BB2082250
:101EC00074491846F3F760FD704BB3F86230043381
:101ED0009AB26E4BA3F862206D4B00221A70D7EDB8
:101EE000037AF0EEE77A9FED6D7AF4EEC77AF1EEC1
:101EF00010FA00DAF5E26A4B1B78002B00F0F18251
:101F0000624BDB6EDAB2674B1A70604BDB6E1B0AFA
:101F1000DAB2644B5A705D4BDB6E1B0CDAB2614B6C
:101F20009A705A4BDB6E1B0EDBB203F07F03DAB202
:101F30005C4BDA705B4BFF221A715A4BFF225A71CD
:101F4000584BFF229A71574BFF22DA714F4BB3F86F
:101F50006830B3F57F7F11D14C4BB3F8683003F58F
:101F600000639BB204224F491846F3F70DFD04228B
:101F70004D494FF40060F3F707FD14E0434BB3F80D
:101F80006830B3F5806F03D3404B0022A3F868207C
:101F90003E4BB3F8683003F500639BB20822414919
:101FA0001846F3F7F1FC394BB3F8683004339AB2B2
:101FB000364BA3F868203A4B00221A7091E27B68F6
:101FC0005B6807EE903AB8EEE77ADFED2F6AC7EE6E
:101FD000267A2E4BC3ED177A8AE27B685B682B4A20
:101FE000136485E2192000F0E3FB81E27B685B6803
:101FF000264A5366264B01221A7079E27B685B6899
:10200000224AD366264B01221A7071E27B685B6814
:1020100007EE903AB8EEE77ADFED246AC7EE267A4B
:102020001A4BC3ED1D7A63E27B685B6807EE903A5A
:10203000B8EEE77ADFED1D6AC7EE267A134BC3EDE3
:102040001E7A55E27B685B6807EE903AB8EEE77A55
:10205000DFED166AC7EE267A0C4BC3ED1F7A47E216
:102060007B685B68094A936342E2152000F0A0FB9D
:102070003EE2142000F09CFB3AE2132000F098FBB3
:1020800036E200BF295100200000C842385000202D
:1020900058550020F8500020FC5000200000A042BD
:1020A00059550020005100200451002000007A44BE
:1020B000122000F07DFB1BE2162000F079FB17E2F6
:1020C000172000F075FB13E2182000F071FB0FE2FF
:1020D0007B685B689AB29D4B9A869D4B1B6823F088
:1020E00020039B4A136003E27B685B681AB2974B3C
:1020F0009A87974B1B6823F02003954A1360F7E1FA
:102100007B685B689AB2914B9A86062000F050FB80
:10211000EEE17B685B681AB28C4B9A878D4B1B692A
:10212000002118460DF06DF903468B4A13608A4B67
:102130001B6800221A70884B1B68DB225A70864B82
:102140001B6800225A60834B1B69834A1268114640
:1021500018460DF06BF9CBE17B685B689AB27B4B5C
:102160001A867B4B1B6823F04003794A1360BFE15A
:102170007B685B689AB2754B1A86072000F018FBE3
:10218000B6E17B685B689AB2704BDA86704B1B686D
:1021900023F080036E4A1360AAE17B685B689AB201
:1021A0006A4BDA86082000F003FBA1E17B685B68DC
:1021B000DAB2664B83F85020664B1B690021184643
:1021C0000DF01FF90346644A1360634B1B6800223D
:1021D0001A70614B1B68CC225A705C4B93F85020EC
:1021E0005D4B1B685A605B4B1B695B4A126811466A
:1021F00018460DF01BF9594B1B78002B5ED0534B42
:1022000093F85030002B06D0002BC0F26C81083BB5
:10221000032B00F26881524B1B68002118460DF019
:10222000F0F803464F4A13604E4B1B6801221A70A8
:102230004C4B1B6800225A704A4B1B68434A527F22
:102240009A70484B1B68FE22DA70464B1B682722A7
:102250001A71444B1B6801225A71424B1B68424A57
:102260009A60404B1B6800221A733E4B1B68002289
:102270009A733B4B1B683B4A1268114618460DF097
:10228000D5F8344B5B68002118460DF0BAF80346C8
:10229000314A1360304B1B6800221A702E4B1B68AA
:1022A0002F225A702B4B5B682B4A12681146184636
:1022B0000DF0BCF8294B00221A7000E000BF12E1BB
:1022C000112000F075FA13E17B685B68DAB21F4BEE
:1022D00083F890201D4B93F89030002B00F005817F
:1022E000042000F065FA00E17B685B68DAB2174B06
:1022F00083F89120154B93F89130002B00F0F78074
:10230000032000F055FAF2E07B685B6807EE903A34
:10231000B8EEE77ADFED156AC7EE267A0B4BC3ED10
:10232000207AE5E0052000F043FAE1E0084B1B6865
:1023300023F01003064A1360DAE0092000F038FAAF
:10234000D6E00A2000F034FAD2E000BF3850002076
:1023500008510020486E0020505100202A510020D2
:10236000406E002048510020534554520000C8429E
:10237000614B1B69002118460DF043F803465F4A84
:1023800013605E4B1B6800221A705C4B1B68D622E0
:102390005A705A4B1B6800225A60574B1B69574AA8
:1023A0001268114618460DF041F8554B1B6823F48E
:1023B0008073534A1360524B1B6823F40073504AD6
:1023C000136095E07B685B681A464E4BDA648FE0D9
:1023D0007B685B681A464B4B9A644B4B1B68002129
:1023E00018460DF00EF80346484A1360484B1A6829
:1023F000464B1B6812781A70444B1B6801225A70B6
:10240000424B1B683F4A527F9A70414B1A683F4BC0
:102410001B689278DA703D4B1B684B221A71394B5E
:102420009A6C3A4B1B689A60384B1B6801225A71B0
:10243000364B1B6800221A73344B1B6800229A73B8
:10244000314B1B68314A1268114618460CF0EEFFFA
:102450004EE07B685B681A462A4B9A64264B5B68A1
:10246000002118460CF0CDFF0346244A1360234B8D
:102470001B6800221A70214B1B682C225A70214BBA
:102480009A6C1E4B1B685A601B4B5B681B4A126898
:10249000114618460CF0CAFF2AE07B685B681A46B2
:1024A000184B9A64144B5B68002118460CF0A9FF86
:1024B0000346124A1360114B1B6800221A700F4B1F
:1024C0001B682E225A700F4B9A6C0C4B1B685A607B
:1024D000094B5B68094A1268114618460CF0A6FFC2
:1024E00006E000BF04E000BF02E000BF00E000BF64
:1024F00000BF1837BD4680BD486E002050510020F7
:102500000851002038500020406E00204851002023
:102510004451002080B582B000AF78607B685B7862
:10252000042B39D0042BC0F20881C22B00F30581A3
:10253000AE2BC0F20281AE3B142B00F2FE8001A252
:1025400052F823F0A9250308E1250308C52503084F
:10255000FD2503081926030835260308512603081C
:102560006D26030889260308A5260308BD2603084F
:1025700039270308AD260308BD26030839270308B9
:10258000B5260308BD2603083927030839270308A1
:1025900039270308C52603086A4B1B7843F0080354
:1025A000DAB2684B1A70C8E07B685B6807EE903A55
:1025B000B8EEE77AF2EE046AC7EE267A624BC3ED14
:1025C000217ABAE07B685B6807EE903AB8EEE77A6A
:1025D000F2EE046AC7EE267A5B4BC3ED227AACE0DA
:1025E0007B685B6807EE903AB8EEE77AF2EE046A31
:1025F000C7EE267A544BC3ED237A9EE07B685B6876
:1026000007EE903AB8EEE77AF2EE046AC7EE267A61
:102610004D4BC3ED287A90E07B685B6807EE903AFB
:10262000B8EEE77AF2EE046AC7EE267A464BC3EDBF
:10263000297A82E07B685B6807EE903AB8EEE77A29
:10264000F2EE046AC7EE267A3F4BC3ED2A7A74E0B5
:102650007B685B6807EE903AB8EEE77ADFED3B6A9D
:10266000C7EE267A384BC3ED257A66E07B685B6857
:1026700007EE903AB8EEE77ADFED346AC7EE267AD5
:10268000314BC3ED267A58E07B685B6807EE903AE1
:10269000B8EEE77ADFED2D6AC7EE267A2A4BC3ED56
:1026A000277A4AE0002000F083F846E0012000F09D
:1026B0007FF842E0022000F07BF83EE0042000F0CA
:1026C00077F83AE0224B9B68002118460CF099FEFF
:1026D0000346204A13601F4B1B6800221A701D4BD3
:1026E0001B6897225A701C4B1A681A4B1B68926819
:1026F0005A60174B9B68174A1268114618460CF02F
:1027000095FE164B1B68002118460CF07AFE034616
:10271000134A1360124B1B68124A1A600F4B1B6856
:102720000F4A1268114618460CF080FE64200CF027
:10273000FCFC0FF0F6FD00E000BF00BF0837BD460F
:1027400080BD00BF295100203850002000401C46A9
:10275000486E002050510020445100205C6E002043
:102760005451002080CE040880B483B000AF78605C
:102770007B685B78042B02D0D42B08D00EE00A4B88
:102780001B7843F01003DAB2074B1A7006E07B683F
:102790005B68DAB2054B83F8AE2000BF00BF0C3790
:1027A000BD465DF8047B7047295100203850002059
:1027B00080B582B000AF0346FB71FB79192B00F2A4
:1027C000258201A252F823F031280308312803089A
:1027D00031280308312803080B2C03082F2903088C
:1027E0003D2903084B2903085929030867290308D1
:1027F000BB2903080F2A03080F2A03080F2A03081E
:10280000CF2A0308CF2A0308CF2A0308572B03082F
:10281000572B0308572B0308572B0308572B030884
:10282000572B0308572B0308572B0308DF2B0308EC
:102830009A4B93F85330002B54D1994B9B6800214D
:1028400018460CF0DEFD0346964A1360954B1B6854
:1028500000221A70934B1B6897225A70924B1A6889
:10286000904B1B6892685A608D4B9B688D4A12682A
:10287000114618460CF0DAFD894B9B68002118467A
:102880000CF0BFFD0346874A1360864B1B6800228D
:102890001A70844B1B689A225A70824B1B68002264
:1028A0005A607F4B9B687F4A1268114618460CF0AD
:1028B000BDFD7E4B1B68002118460CF0A2FD0346AF
:1028C0007B4A13607A4B1B687A4A1A60774B1B6805
:1028D000774A1268114618460CF0A8FD6F4B01228A
:1028E00083F85320FB79002B06D1734B1B6843F010
:1028F0000103714A136089E1FB79012B06D16E4B0C
:102900001B6843F002036C4A13607FE1FB79022BE2
:1029100006D1694B1B6843F00403674A136075E1F5
:10292000654B1B6843F00803634A13606EE1624B1A
:102930001B6843F01003604A136067E15E4B1B683D
:1029400043F020035C4A136060E15B4B1B6843F07B
:102950004003594A136059E1574B1B6843F0800309
:10296000554A136052E14E4B1B69002118460CF08A
:1029700048FD03464B4A13604A4B1B6800221A70FD
:10298000484B1B68D5225A70464B1B6800225A6080
:10299000434B1B69434A1268114618460CF046FD2A
:1029A000454B1B6843F48073434A1360424B1B68DA
:1029B00023F40073404A136028E1394B1B6900215E
:1029C00018460CF01EFD0346364A1360354B1B6853
:1029D00000221A70334B1B68D5225A70314B1B688A
:1029E00000225A602E4B1B692E4A12681146184667
:1029F0000CF01CFD304B1B6843F400732E4A13602F
:102A00002D4B1B6823F480732B4A1360FEE0244B8C
:102A10001B69002118460CF0F4FC0346214A1360A0
:102A2000204B1B6800221A701E4B1B68D0225A7064
:102A30001C4B1B6800225A60194B1B69194A12680B
:102A4000114618460CF0F2FC184B1B680021184682
:102A50000CF0D7FC0346164A1360154B1B68174A47
:102A60001A60124B1B68124A1268114618460CF085
:102A7000DDFCFB790B2B06D10F4B1B6843F4806305
:102A80000D4A1360C2E0FB790C2B19D10A4B1B686D
:102A900043F40063084A1360B8E000BF38500020D8
:102AA000486E002050510020445100205C6E0020F0
:102AB000545100208CCE040808510020A4CE0408F4
:102AC000544B1B6843F48053524A13609EE0524BB0
:102AD0001B69002118460CF094FC03464F4A136012
:102AE0004E4B1B6800221A704C4B1B68CE225A704A
:102AF0004A4B1B6800225A60474B1B69474A1268C1
:102B0000114618460CF092FCFB790E2B03D1444B76
:102B100001221A7009E0FB790F2B03D1404B0522EB
:102B20001A7002E03E4B03221A703E4B1B680021D4
:102B300018460CF066FC03463B4A13603A4B1B6890
:102B40003A4A1A60374B1B68374A126811461846D2
:102B50000CF06CFC5AE0304B1B69002118460CF05D
:102B600050FC03462D4A13602C4B1B6800221A7040
:102B70002A4B1B68CF225A70284B1B6800225A60D0
:102B8000254B1B69254A1268114618460CF04EFC6D
:102B9000FB79162B03D1224B04221A7009E0FB7932
:102BA000182B03D11E4B06221A7002E01C4B022286
:102BB0001A701C4B1B68002118460CF022FC0346BF
:102BC000194A1360184B1B68194A1A60154B1B6889
:102BD000154A1268114618460CF028FC16E0114BF5
:102BE0001B68002118460CF00CFC03460E4A1360CB
:102BF0000D4B1B680F4A1A600A4B1B680A4A126881
:102C0000114618460CF012FC00E000BF00BF083768
:102C1000BD4680BD08510020486E00205051002064
:102C20000C5100205C6E002054510020E8CE0408B6
:102C300000CF040818CF0408B0B52DED028B9CB06E
:102C400002AF786101237B66002387F842300023BE
:102C500087F86330002387F86230002387F86130FB
:102C6000002387F86030002387F85F30012387F85E
:102C70005E30002387F85D300023BB65002387F8B2
:102C80005730002387F8563000233B654FF0000291
:102C90004FF00003C7E912234FF000037B640023C9
:102CA0003B620023FB61002387F843304FF00003B1
:102CB000FB63002387F83B304FF4B2720021C84811
:102CC00018F0BCFDC748F3F74FFEC748F3F74CFEBA
:102CD000F1F75CFFC24B00225A70C14B0122DA703F
:102CE000BF4B012283F88F20BD4B93F88F20BC4B44
:102CF00083F88E20BA4B012283F83021B84B012291
:102D000083F88020B64B012283F88C20B44B01223B
:102D100083F88D20B54B1B68002118460CF071FB21
:102D20000346B34A1360B24B1B6802221A70B04BC1
:102D30001B6800225A70AD4B1B68AD4A12681146E1
:102D400018460CF073FB2DE2A84B9968A94C3B4642
:102D5000002218460CF0A8FB3B4693E8070084E8E5
:102D60000700A44B1B68202B40F01C82A14B5B6822
:102D7000A14A1360A04B1B685B78023B3D2B00F21D
:102D8000048201A252F823F0853103088B31030835
:102D90008B3103088B3103088B3103088B31030817
:102DA0008B3103088B3103088B3103088B31030807
:102DB0008B3103088B3103088B3103088B310308F7
:102DC0008B3103088B3103088B3103088B310308E7
:102DD0008B3103088B3103088B3103088B310308D7
:102DE0008B3103088B3103088B3103088B310308C7
:102DF0008B3103088B3103088B3103088B310308B7
:102E00008B3103088B3103088B3103088B310308A6
:102E10008B3103088B3103088B3103088B31030896
:102E20008B3103088B3103088B3103088B31030886
:102E30008B3103088B3103088B3103088B31030876
:102E4000812E03089F2E0308BD2E0308FD2E0308C4
:102E5000332F0308692F03089F2F0308D12F03087E
:102E600005300308153003083131030841310308E8
:102E70004F3103085B3103086731030877310308DA
:102E80005D4B1B685B6807EE903AB8EEE77ADFEDC2
:102E90005B6AC7EE267A524BC3ED407A7AE1564B15
:102EA0001B685B6807EE903AB8EEE77ADFED536A8D
:102EB000C7EE267A4A4BC3ED417A6BE14E4B1B6855
:102EC0005B6807EE903AB8EEE77ADFED4C6AC7EE42
:102ED000267A434BC3ED4B7A414BD3ED4B7AF5EE5B
:102EE000407AF1EE10FA40F052813D4B002283F817
:102EF00030213B4B424AC3F82C2148E13E4B1B6832
:102F00005B6807EE903AB8EEE77ADFED3C6AC7EE11
:102F1000267A334BC3ED4E7A314BD3F83831304AF1
:102F2000C2F844312E4BD3F838312D4AC2F8503113
:102F300030E1314B1B685B6807EE903AB8EEE77AF8
:102F4000DFED2E6AC7EE267A254BC3ED4F7A244B70
:102F5000D3F83C31224AC2F84831214BD3F83C31F6
:102F60001F4AC2F8543115E1234B1B685B6807EE1A
:102F7000903AB8EEE77ADFED216AC7EE267A184B71
:102F8000C3ED4D7A164BD3F83431154AC2F84031AF
:102F9000134BD3F83431124AC2F84C31FAE0164BD5
:102FA0001B685B68B3F1004F00F0F380124B1B68A5
:102FB0005B6807EE903AB8EEE77ADFED106AC7EE8D
:102FC000267A074BC3ED4A7A012387F85630E0E0B2
:102FD000094B1B685B685AB2014B83F82421D9E086
:102FE0005C5500200040014000440140486E002034
:102FF000E4560020D4560020E05600200000C842CD
:1030000000207D48A44B1B685B68DAB2A34B83F8B1
:103010000821BFE0A04B1B685B68B3F5807F54D0EC
:10302000B3F5807F7EDC802B54D0802B7ADC202B84
:1030300048DC002B76DD013B1F2B73D801A252F830
:1030400023F000BF1B3103081131030825310308A9
:10305000073103082531030825310308253103080A
:10306000FD30030825310308253103082531030805
:1030700025310308253103082531030825310308CC
:10308000F3300308253103082531030825310308EF
:1030900025310308253103082531030825310308AC
:1030A000253103082531030825310308253103089C
:1030B000253103082531030825310308253103088C
:1030C000E9300308402B0AD02CE0744B002283F82F
:1030D00090202CE0714B012283F8902027E06F4B69
:1030E000022283F8902022E06C4B032283F8902088
:1030F0001DE06A4B042283F8902018E0674B0522FC
:1031000083F8902013E0654B062283F890200EE0B0
:10311000624B072283F8902009E0604B082283F875
:10312000902004E05D4B002283F8902000BF31E046
:10313000594B1B685B689AB2584BA3F8522029E0A0
:10314000554B1B685B68DAB2544B1A7022E0524B45
:103150001B685B68514A13621CE04F4B1B685B683D
:103160004E4A536216E04C4B1B685B68DAB24B4B1D
:1031700083F828200EE0484B1B685B68DAB2474BA7
:103180001A7107E000237B6604E000BF02E000BF85
:1031900000E000BF424B9B683F4A12681146184648
:1031A0000CF0F6F97B6E002B7FF4CEAD3B4B1B7819
:1031B0001846F1F76FFAF1F7DBFC64200BF0B5FF6E
:1031C000F1F7E4FC3748F1F7E9FF3748F2F70CF87C
:1031D000324B1B78022B10D0022B13DC002B02D0B9
:1031E000012B05D00EE02D4B304AC3F8182109E021
:1031F0002A4B2F4AC3F8182104E0284B2D4AC3F864
:10320000182100BF254B2C4AC3F81C21234B2A4A06
:10321000C3F82021214B4FF07E52C3F80C211F4BE5
:103220004FF07E52C3F810211C4B4FF07E52C3F872
:1032300014211A4B4FF07E52C3F85821174B1F4AE6
:10324000C3F85C21154B1D4AC3F86021134BB3F83A
:1032500052301846F1F7A8FC104BB3F852200F4B30
:10326000A3F850200D4B93F890200C4B83F8E820E6
:103270000A4B002283F8C420084B1B78022B1FD175
:10328000064B4FF4C872C3F8C820044B4FF4CD72FC
:10329000C3F8D4201CE000BFE05600205C5500209D
:1032A000486E0020A0550020A8550020000096423E
:1032B0000000B442000082420000C84200002041E9
:1032C0007F4B0122C3F8C8207D4B0A22C3F8D420CB
:1032D00003F0CAFF04F094FA04F0B6FD7948F1F760
:1032E0008DFD774A764B02F19C0403F1C4050FCDA6
:1032F0000FC40FCD0FC495E8030084E80300704BA2
:1033000093F890206E4B83F8FD206D4B4FF4807244
:10331000C3F8F8206A4B012283F8FC206A48F2F7D0
:1033200083F9674B664AF033F83292E8030083E88A
:103330000300634B1B791846F0F70CFA63496448A5
:10334000F0F734FA01210120F0F7A8FC5F4960484A
:10335000F0F72CFA5D495E48F0F728FA584B93F8DD
:103360002830002B16D1564BD3ED067AF5EEC07AF5
:10337000F1EE10FA06DB524B00221A62504B00228B
:103380005A62D1E04E4B00221A624D4B4FF0FF3291
:103390005A62C9E04A4BD3ED067AF5EEC07AF1EEF7
:1033A00010FA59D5464B1A6A454B5B6A01339A426B
:1033B00000F0BA80424BD3ED067A9FED467AF4EEE8
:1033C000C77AF1EE10FA23D53D4B5B6A01333C4AD4
:1033D0001362414B1B68002118460CF012F803469B
:1033E0003E4A13603D4B1B6802221A703B4B1B6820
:1033F0005F225A70394B1B68314A126A5A60364B49
:103400001B68364A1268114618460CF00FF88BE01C
:103410002B4B1B6A013B2A4A53622F4B1B6800212E
:1034200018460BF0EEFF03462C4A13602B4B1B682B
:1034300002221A70294B1B6860225A70274B1B68A6
:103440001F4A526A5A60244B1B68244A126811466C
:1034500018460BF0EBFF67E0194B1A6A184B5B6AD2
:103460009A4261D0164BD3ED067A9FED1D7AF4EEA9
:10347000C77AF1EE10FA35DD114B5B6A104A136220
:10348000154B1B68002118460BF0BBFF0346134A7F
:103490001360124B1B6802221A70104B1B685F22CC
:1034A0005A700E4B1B68064A126A5A600A4B1B6818
:1034B0000A4A1268114618460BF0B8FF34E000BF04
:1034C0005C550020205600205456002064550020F2
:1034D000745500200000B4C2486E0020E45600205D
:1034E0000000B4426B4B1B6A6A4A53626A4B1B680A
:1034F000002118460BF085FF0346684A1360674BAE
:103500001B6802221A70654B1B6860225A70634B5D
:103510001B68604A526A5A605F4B1B685F4A1268B8
:10352000114618460BF082FF5A4B1B6A594A526AE1
:1035300011461846F0F780FB03F088FB554B5B6D96
:10354000544A1361534B5B6D524AD360514B93ED18
:10355000157A504BD3ED417A37EE677A4D4BD3ED68
:10356000407A77EE677A4B4BC3ED177A4A4B1B686C
:10357000002118460BF045FF0346484A1360474BAD
:103580001B6802221A70454B1B686B225A70414B14
:10359000D3ED177A9FED427A67EE877AB0EE670A2D
:1035A00017F0DAFFF0EE407A3C4B1B68FDEEE77A4D
:1035B00017EE902A5A60384B1B68384A1268114639
:1035C00018460BF033FF05F023FB334B1B6800213B
:1035D00018460BF016FF0346304A13602F4B1B684A
:1035E00002221A702D4B1B685A225A70294BD3EDB8
:1035F000047A9FED2B7A67EE877A284B1B68FDEEE5
:10360000E77A17EE902A5A60234B1B68234A126808
:10361000114618460BF00AFF224B1B881946224818
:10362000F3F740FA214B1B789BB219462048F3F779
:1036300039FA97F85630002B09D0164BD3ED4A7A59
:10364000B0EE670A03F074FB012387F8603097F847
:103650005D30002B0CD1104B9968164C3B46002274
:1036600018460BF021FF3B4693E8070084E807006B
:10367000104B1B68202B41F02386002387F85D3018
:103680000C4B5B680C4A13600B4B1B685B78033B6D
:1036900014E000BF5C550020486E0020E456002076
:1036A0000000C8424A050020004001404C050020AF
:1036B00000440140D4560020E0560020A52B01F222
:1036C000C78501A252F823F0FF51030851520308A5
:1036D0005152030851520308515203085152030832
:1036E0005152030851520308515203085152030822
:1036F0005152030851520308515203085152030812
:103700005152030851520308515203085152030801
:1037100051520308515203085152030851520308F1
:1037200051520308515203085152030851520308E1
:1037300051520308515203085152030851520308D1
:1037400051520308515203085152030851520308C1
:1037500051520308515203085152030851520308B1
:1037600051520308515203085152030851520308A1
:103770005152030851520308515203085152030891
:103780005152030851520308515203085152030881
:103790005152030851520308515203085152030871
:1037A0005152030851520308515203085152030861
:1037B000515203085152030851520308613903085A
:1037C00073390308813903088F3903089F390308C7
:1037D000B1390308C3390308D5390308E7390308A9
:1037E000F93903080B3A03081D3A03082F3A030876
:1037F0005D3A0308713A03087D3A0308893A0308E1
:10380000953A0308A13A0308AD3A0308B93A030808
:10381000E53A0308053B03080F3B0308193B03087F
:10382000233B030851520308515203085152030825
:1038300051520308515203085152030851520308D0
:1038400051520308515203085152030851520308C0
:1038500051520308515203085152030851520308B0
:1038600051520308515203085152030851520308A0
:103870005152030851520308515203085152030890
:103880005152030851520308515203085152030880
:103890005152030851520308515203085152030870
:1038A0005152030851520308515203082D3B03089B
:1038B0003F3B03084F3B03085F3B0308713B030892
:1038C000933B0308F33C0308133D0308333D03080F
:1038D000533D0308733D0308933D0308B33D0308BC
:1038E000D13D03087F3E0308C73E0308333F03086A
:1038F000CF3F0308094003088D400308AD42030889
:10390000B14403087F46030881480308CF4A0308EF
:103910007D4C030851520308134F03089D4F0308C1
:10392000D94F03081F50030851520308515203088E
:103930005152030851520308515203082F500308F3
:10394000915003083951030851520308515203089A
:10395000515203089B51030851520308EF510308C9
:10396000BD4B1B685B68DAB2BC4B83F88F2001F05B
:103970006FBCF1F7FDF8B94B01225A7001F068BC39
:10398000F1F704F9B54B00225A7001F061BCB24B5B
:103990001B685B68B14AC2F8983001F059BCAE4B65
:1039A0001B685B681A46AD4BC3F8C82001F050BCD9
:1039B000A94B1B685B681A46A84BC3F8CC2001F0E2
:1039C00047BCA54B1B685B681A46A44BC3F8D020C4
:1039D00001F03EBCA04B1B685B681A469F4BC3F8C6
:1039E000D42001F035BC9C4B1B685B681A469B4B8E
:1039F000C3F8D82001F02CBC974B1B685B681A46B3
:103A0000964BC3F8DC2001F023BC934B1B685B682A
:103A10001A46924BC3F8E02001F01ABC8E4B1B688B
:103A20005B681A468D4BC3F8E42001F011BC8A4B49
:103A30001B685B6807EE903AF8EEE77ADFED886A7C
:103A400087EEA67AB0EE470AF1F7DAFE834BB3F8B9
:103A500050301846F1F7A8F801F0FABB7E4B1B680E
:103A60005B68DBB201211846F0F718F901F0F0BBF2
:103A70007A4B012283F88D2001F0EABB774B0022BC
:103A800083F88D2001F0E4BB744B012283F8802081
:103A900001F0DEBB714B002283F8802001F0D8BB1F
:103AA0006E4B012283F88C2001F0D2BB6B4B0022BD
:103AB00083F88C2001F0CCBB674B1B689B68DAB2A3
:103AC000684B1A70644B1B685B681A46664B1A6039
:103AD000644B1B78644A126811461846F1F732FEAF
:103AE00001F0B6BB5C4B1B689B68DAB25F4B1A7087
:103AF0005E4B1B785E491846F1F752FE05F0DEFD7D
:103B000001F0A6BB5B4B01221A7001F0A1BB594B1F
:103B100000221A7001F09CBB574B01221A7001F071
:103B200097BB554B00221A7001F092BB4A4B1B68A1
:103B30005B689AB2494BA3F8522001F089BBF1F7B8
:103B4000E9FD464B012283F8EC2001F081BBF1F73F
:103B5000EDFD424B002283F8EC2001F079BB3E4B97
:103B60001B685B681A463D4BC3F8F82001F070BB38
:103B7000394B1B685B68DAB2384B93F92431DBB2FE
:103B800012FB03F3DBB25AB2344B83F8FC2001F092
:103B90005FBB314B1B685B68B3F5807F57D0B3F5D3
:103BA000807F00F39380802B68D0802B00F38E8081
:103BB000202B49DC002B40F38980013B1F2B00F2B6
:103BC000858001A252F823F0C33C0308B93C0308E6
:103BD000CD3C0308AF3C0308CD3C0308CD3C0308B3
:103BE000CD3C0308A53C0308CD3C0308CD3C0308AD
:103BF000CD3C0308CD3C0308CD3C0308CD3C030875
:103C0000CD3C03089B3C0308CD3C0308CD3C030896
:103C1000CD3C0308CD3C0308CD3C0308CD3C030854
:103C2000CD3C0308CD3C0308CD3C0308CD3C030844
:103C3000CD3C0308CD3C0308CD3C0308CD3C030834
:103C4000CD3C0308913C0308402B1CD03EE0034BC5
:103C5000002283F890203EE0E05600205C550020D2
:103C600000247449EC560020F0560020F456002041
:103C7000F8560020D1560020D2560020BE4B01221B
:103C800083F8902027E0BC4B022283F8902022E0AA
:103C9000B94B032283F890201DE0B74B042283F830
:103CA000902018E0B44B052283F8902013E0B24B2B
:103CB000062283F890200EE0AF4B072283F8902075
:103CC00009E0AD4B082283F8902004E0AA4B0022C3
:103CD00083F8902000BFA84B93F89020A64B83F860
:103CE000E820A54B93F89020A34B83F8FD2001F02A
:103CF000AFBAA24B1B685B6807EE903AB8EEE77A62
:103D0000DFED9F6AC7EE267A9B4BC3ED437A01F045
:103D10009FBA9A4B1B685B6807EE903AB8EEE77A59
:103D2000DFED976AC7EE267A934BC3ED447A01F034
:103D30008FBA924B1B685B6807EE903AB8EEE77A51
:103D4000DFED8F6AC7EE267A8B4BC3ED457A01F023
:103D50007FBA8A4B1B685B6807EE903AB8EEE77A49
:103D6000DFED876AC7EE267A834BC3ED467A01F012
:103D70006FBA824B1B685B6807EE903AB8EEE77A41
:103D8000DFED7F6AC7EE267A7B4BC3ED477A01F001
:103D90005FBA7A4B1B685B6807EE903AB8EEE77A39
:103DA000DFED776AC7EE267A734BC3ED487A01F0F0
:103DB0004FBA724B1B685B68DAB26F4B83F808210D
:103DC00003F052FA03F01CFD04F03EF801F040BA93
:103DD000694B93ED177A684BD3ED417A77EE277AEA
:103DE000654BC3ED177A654B1B685B6807EE903A2D
:103DF000B8EEE77ADFED626AC7EE267A5E4BC3ED76
:103E0000417A5D4B93ED177A5B4BD3ED417A77EEB8
:103E1000677A594BC3ED177A5A4B1B680021184635
:103E20000BF0EFFA0346584A1360574B1B68022207
:103E30001A70554B1B686B225A704F4BD3ED177A93
:103E40009FED4F7A67EE877AB0EE670A17F084FB32
:103E5000F0EE407A4C4B1B68FDEEE77A17EE902AA5
:103E60005A60484B1B68484A1268114618460BF0C6
:103E7000DDFA02F0EBFE04F0CBFE01F0E9B93F4BB6
:103E80001B685B68002B08D13B4B002283F8302174
:103E9000394B3E4AC3F82C2111E0374B012283F8FD
:103EA0003021364B1B685B6807EE903AB8EEE77A34
:103EB000DFED336AC7EE267A2F4BC3ED4B7A04F061
:103EC000A7FE01F0C5B92C4B93F80831002B11D097
:103ED0002A4B1B685B6807EE903AB8EEE77ADFED95
:103EE000286AC7EE267A244BC3ED4D7A03F0BCF95D
:103EF00001F0AEB9234B1B68002118460BF081FA84
:103F00000346214A1360204B1B6802221A701E4B85
:103F10001B6877225A701C4B1B6800225A60194B91
:103F20001B68194A1268114618460BF07FFA01F017
:103F30008FB9114B93F80831002B29D00F4B1B6818
:103F40005B6807EE903AB8EEE77ADFED0D6AC7EEF0
:103F5000267A094BC3ED4E7A074BD3F83831064A1F
:103F6000C2F84431044BD3F83831034AC2F8503117
:103F700003F046FC01F06CB95C550020E0560020CF
:103F80000000C842486E0020E456002000207D4812
:103F9000B74B1B68002118460BF033FA0346B54AAD
:103FA0001360B44B1B6802221A70B24B1B68772255
:103FB0005A70B04B1B6800225A60AD4B1B68AD4A6B
:103FC0001268114618460BF031FA01F041B9AA4BBC
:103FD00093F92421A94B1B685B685BB29A4201F0FC
:103FE0002C81A64B1B685B685AB2A34B83F8242133
:103FF000A14B93F9F430DBB25B42DBB25AB29E4B79
:1040000083F8FC2001F019B99B4B93F80831002B81
:104010001DD09A4B1B685B6807EE903AB8EEE77AC2
:10402000DFED976AC7EE267A934BC3ED4F7A924B3A
:10403000D3F83C31904AC2F848318F4BD3F83C3129
:104040008D4AC2F8543103F0FFFE01F001B9884BEC
:104050001B68002118460BF0D4F90346854A13600B
:10406000844B1B6802221A70824B1B6877225A709D
:10407000804B1B6800225A607D4B1B687D4A12688A
:10408000114618460BF0D2F901F0E2B897F861300A
:10409000002B02D0002387F861307A4B1A787A4BD4
:1040A0001B781343DBB2002B40F0D980774B1B7891
:1040B000002B56D0764B1B78002B04D0012387F8B9
:1040C0005D3001F0C5B86C4BDB6C002B24DD6B4B15
:1040D0001B685B6807EE903AF8EEE77ADFED686AF6
:1040E00087EEA67A644BD3ED046A634BD3ED417A35
:1040F00076EEE76A604BD3ED407A76EEE77AB4EE7F
:10410000E77AF1EE10FA2CD5012387F85D30604B89
:1041100001221A7001F09CB8584B1B685B6807EECF
:10412000903AF8EEE77ADFED566A87EEA67A524BC0
:10413000D3ED046A504BD3ED417A76EEE76A4E4BED
:10414000D3ED407A76EEE77AB4EEE77AF1EE10FA44
:1041500007DD012387F85D304D4B01221A7001F015
:1041600077B84C4B00221A704B4B00221A704B4B05
:1041700000221A704A4B00221A704A4B00221A7011
:10418000494B00221A70414B1B78002B13D13B4B3B
:104190001B685B6807EE903AF8EEE77ADFED386A65
:1041A00087EEA67A344BD3ED177A77EE677A324BE7
:1041B000C3ED1A7A1CE0314B1B685B6807EE903A3E
:1041C000F8EEE77ADFED2E6A87EEA67A2A4BD3ED7A
:1041D000046A294BD3ED417A76EEE76A264BD3ED9C
:1041E000407A76EEE77A77EE677A234BC3ED1A7A58
:1041F000224B1B685B6807EE903AF8EEE77ADFED3A
:10420000206A87EEA67A1C4BD3ED177AB4EE677A54
:10421000F1EE10FA1ED0194B1B685B6807EE903A5E
:10422000F8EEE77ADFED166A87EEA67AB0EE470A77
:1042300002F07EFD03F018F803F0E2FA03F004FE4A
:104240000D4BD3ED1A7AF0EEE77A0020B0EE670A54
:1042500004F078F9012387F8603000F0F9BF0123FA
:1042600087F85D300A4B01221A7000F0F1BF00BFE1
:10427000486E0020E45600205C550020E0560020E7
:104280000000C842CA560020CB560020C05600206D
:10429000CC560020C9560020C8560020C756002022
:1042A000C1560020C2560020C356002097F8613046
:1042B000002B02D0002387F86130B94B1A78B94B34
:1042C0001B781343DBB2002B40F0EA80B64B1B781F
:1042D000002B56D0B54B1B78002B04D0012387F858
:1042E0005D3000F0B5BFB24BDB6C002B24DDB14B71
:1042F0001B685B6807EE903AF8EEE77ADFEDAE6A8E
:1043000087EEA67AAA4BD3ED046AA94BD3ED417A86
:1043100076EEE76AA64BD3ED407A76EEE77AB4EE16
:10432000E77AF1EE10FA2CD5012387F85D309F4B28
:1043300001221A7000F08CBF9E4B1B685B6807EE71
:10434000903AF8EEE77ADFED9C6A87EEA67A984B12
:10435000D3ED046A964BD3ED417A76EEE76A944B3F
:10436000D3ED407A76EEE77AB4EEE77AF1EE10FA22
:1043700007DD012387F85D308C4B01221A7000F0B5
:1043800067BF8E4B00221A708D4B00221A708D4B26
:1043900000221A708C4B00221A708C4B00221A706B
:1043A0008B4B00221A70804B1B78002B13D1814B52
:1043B0001B685B6807EE903AF8EEE77ADFED7E6AFD
:1043C00087EEA67A7A4BD3ED177A77EE677A784B39
:1043D000C3ED1A7A1CE0774B1B685B6807EE903AD6
:1043E000F8EEE77ADFED746A87EEA67A704BD3EDCC
:1043F000046A6F4BD3ED417A76EEE76A6C4BD3EDEE
:10440000407A76EEE77A77EE677A694BC3ED1A7AEF
:10441000684B1B685B6807EE903AF8EEE77ADFEDD1
:10442000666A87EEA67A624BD3ED177AB4EE677AA6
:10443000F1EE10FA2FD05F4B1B685B6807EE903AE5
:10444000F8EEE77ADFED5C6A87EEA67AB0EE470A0F
:1044500002F06EFC574B1B689B6807EE903AB8EE73
:10446000E77ADFED556AC7EE267A514BC3ED537AF2
:10447000524B01221A7002F0F7FE03F0C1F903F06B
:10448000E3FC4B4BD3ED1A7AF0EEE77A0020B0EE66
:10449000670A04F057F8012387F8603000F0D8BEAF
:1044A000012387F85D30414B01221A7000F0D0BE25
:1044B00097F86130002B02D0002387F861303A4B27
:1044C0001B78002B40F0BC803C4B00221A703C4B08
:1044D00000221A703B4B00221A703B4B00221A70CC
:1044E0003A4B00221A703A4B00221A70314B1B686B
:1044F0005B6807EE903AF8EEE77ADFED2F6A87EE19
:10450000A67A2B4BD3ED046A294BD3ED417A76EE94
:10451000E76A274BD3ED407A76EEE77A77EE677A53
:10452000234BC3ED1A7A224BD3ED1A7AF5EE407A7B
:10453000F1EE10FA7FD01E4BD3ED1A7AF0EEE77A47
:104540001C4B1B689B681846B0EE670A04F0B2F873
:1045500087ED0F0AD7ED0F7AF5EE407AF1EE10FAFB
:104560003CD11C4B1B68002118460AF04AFF034649
:10457000194A1360184B1B6802221A70164B1B68ED
:1045800069225A70144B1B6800225A60114B1B6839
:10459000114A1268114618460AF048FF4BE000BF66
:1045A000CA560020CB560020C0560020CC56002012
:1045B0005C550020E05600200000C842C95600208B
:1045C000C8560020C7560020C1560020C256002001
:1045D000C3560020486E0020E4560020B74B1B68ED
:1045E0005B6807EE903AF8EEE77ADFEDB56A87EEA2
:1045F000A67AB0EE470A02F09BFBB24AFB6BC2F808
:104600004C31B14B01221A7002F02EFE03F0F8F883
:1046100003F01AFCA94B1B689B681A46A94B5A6702
:10462000A64B1B689B681A46A64B9A67F2F76CFA72
:104630000346A44AD367012387F8603000F008BE20
:10464000A24B1B68002118460AF0DBFE0346A04A75
:1046500013609F4B1B6802221A709D4B1B687722C8
:104660005A709B4B1B6800225A60984B1B68984AF3
:104670001268114618460AF0D9FE00F0E9BD97F815
:104680006130002B02D0002387F86130914B1A78FB
:10469000914B1B781343DBB2002B40F0E3808F4B30
:1046A0001B78002B60D08E4B1B78002B04D001238D
:1046B00087F85D3000F0CCBD824BDB6C002B29DD30
:1046C000804B93ED177A7D4B1B685B6807EE903A41
:1046D000F8EEE76A9FED7A6AC6EE867A37EE277AB9
:1046E000784BD3ED046A774BD3ED417A76EEE76AE7
:1046F000744BD3ED407A76EEE77AB4EEE77AF1EEDA
:1047000010FA31D5012387F85D30754B01221A70FC
:1047100000F09EBD6B4B93ED177A684B1B685B688E
:1047200007EE903AF8EEE76A9FED656AC6EE867A84
:1047300037EE277A634BD3ED046A624BD3ED417AAF
:1047400076EEE76A5F4BD3ED407A76EEE77AB4EE29
:10475000E77AF1EE10FA07DD012387F85D30604B50
:1047600001221A7000F074BD544B1B685B68002B6B
:1047700000F06585544B00221A705A4B00221A70C3
:10478000594B00221A70594B00221A70584B0022C4
:104790001A70584B00221A70504B1B78002B0ED108
:1047A000464B1B685B6807EE903AB8EEE77ADFEDA0
:1047B000446AC7EE267A434BC3ED1A7A21E0414B97
:1047C00093ED177A3F4BD3ED046A3E4BD3ED417A1C
:1047D00076EEE76A3B4BD3ED407A76EEE77A37EE3A
:1047E000677A364B1B685B6807EE903AF8EEE76A2B
:1047F0009FED336AC6EE867A77EE277A314BC3EDAA
:104800001A7A304B93ED177A2C4B1B685B6807EED6
:10481000903AF8EEE76A9FED2A6AC6EE867A77EE5E
:10482000277AB0EE670A02F083FA264BD3ED1A7AA4
:10483000F5EE407AF1EE10FA05D002F015FD02F027
:10484000DFFF03F001FB1F4BD3ED1A7AF0EEE77A9E
:104850000020B0EE670A03F075FE012387F8603090
:1048600000F0EFBC154B1B685B68002B00F0E9847F
:10487000012387F85D301A4B01221A7000F0E1BC69
:1048800097F86130002B02D0002387F86130114B7C
:104890001A78114B1B781343DBB2002B40F00A81CE
:1048A0000E4B1B78002B7FD00D4B1B78002B23D099
:1048B000012387F85D3000F0CBBC00BFE05600203C
:1048C0000000C8425C550020C9560020486E0020F8
:1048D000E4560020CA560020CB560020C0560020C7
:1048E000CC560020C8560020C7560020C1560020D4
:1048F000C2560020C3560020A94BDB6C002B29DDDB
:10490000A74B93ED177AA74B1B685B6807EE903AAD
:10491000F8EEE76A9FEDA46AC6EE867A37EE277A4C
:104920009F4BD3ED046A9E4BD3ED417A76EEE76A56
:104930009B4BD3ED407A76EEE77AB4EEE77AF1EE70
:1049400010FA31D5012387F85D30984B01221A7097
:1049500000F07EBC924B93ED177A924B1B685B681C
:1049600007EE903AF8EEE76A9FED8F6AC6EE867A18
:1049700037EE277A8A4BD3ED046A894BD3ED417A1F
:1049800076EEE76A864BD3ED407A76EEE77AB4EEC0
:10499000E77AF1EE10FA07DD012387F85D30834BEB
:1049A00001221A7000F054BC7E4B1B685B68002B20
:1049B00000F049847E4B00221A707E4B00221A7050
:1049C0007D4B00221A707D4B00221A707C4B002216
:1049D0001A707C4B00221A707B4B1B78002B0ED177
:1049E000704B1B685B6807EE903AB8EEE77ADFED34
:1049F0006E6AC7EE267A6A4BC3ED1A7A21E0684BDD
:104A000093ED177A664BD3ED046A654BD3ED417A8B
:104A100076EEE76A624BD3ED407A76EEE77A37EED0
:104A2000677A604B1B685B6807EE903AF8EEE76ABE
:104A30009FED5D6AC6EE867A77EE277A584BC3ED16
:104A40001A7A574B93ED177A564B1B685B6807EE43
:104A5000903AF8EEE76A9FED546AC6EE867A77EEF2
:104A6000277AB0EE670A02F063F94E4B1B689B6829
:104A700007EE903AB8EEE77ADFED4B6AC7EE267A9A
:104A8000474BC3ED537A4A4B01221A7002F0ECFBFC
:104A900002F0B6FE03F0D8F9414BD3ED1A7AF0EEEE
:104AA000E77A0020B0EE670A03F04CFD012387F897
:104AB0006030CAE33B4B1B685B68002B00F0C5838A
:104AC000012387F85D30394B01221A70BDE397F856
:104AD0006130002B02D0002387F861303A4B1B78FD
:104AE000002B40F0AD80324B00221A70314B002277
:104AF0001A70314B00221A70304B00221A70304B62
:104B000000221A702F4B00221A70264B1B685B681C
:104B100007EE903AB8EEE77ADFED236AC7EE267A21
:104B20001F4BC3ED1A7A1E4BD3ED1A7AF5EE407A7D
:104B3000F1EE10FA00F08080194BD3ED1A7AF0EE06
:104B4000E77A184B1B689B681846B0EE670A03F0BB
:104B5000B1FD87ED0F0AD7ED0F7AF5EE407AF1EE51
:104B600010FA37D1194B1B68002118460AF049FC8E
:104B70000346174A1360164B1B6802221A70144B27
:104B80001B6869225A70124B1B6800225A600F4B37
:104B90001B680F4A1268114618460AF047FC4BE0A2
:104BA0005C550020E05600200000C842CC56002092
:104BB000C9560020C8560020C7560020C156002004
:104BC000C2560020C3560020C0560020486E002068
:104BD000E45600209E4B93ED177A9E4B1B685B6852
:104BE00007EE903AF8EEE76A9FED9B6AC6EE867A8A
:104BF00077EE277AB0EE670A02F09AF8944AFB6BD8
:104C0000C2F84C31954B01221A7002F02DFB02F0D4
:104C1000F7FD03F019F98F4B1B689B681A468C4B04
:104C20005A678C4B1B689B681A46894B9A67F1F749
:104C30006BFF0346864AD367012387F8603007E39A
:104C4000874B1B68002118460AF0DBFB0346854AA8
:104C50001360844B1B6802221A70824B1B687722F8
:104C60005A70804B1B6800225A607D4B1B687D4A3E
:104C70001268114618460AF0D9FBE9E2744BDB785A
:104C80000B2B1DD1764B1B68002118460AF0B9FB8F
:104C90000346744A1360734B1B6802221A70714BEF
:104CA0001B6868225A706F4B1B6800225A606C4B5D
:104CB0001B686C4A1268114618460AF0B7FBC7E237
:104CC000634BDB780A2B1DD1654B1B68002118460E
:104CD0000AF097FB0346634A1360624B1B6802228B
:104CE0001A70604B1B6867225A705E4B1B6800226B
:104CF0005A605B4B1B685B4A1268114618460AF003
:104D000095FBA5E2524B93F83031002B1DD0544B4C
:104D10001B68002118460AF074FB0346514A1360D1
:104D2000504B1B6802221A704E4B1B686A225A7045
:104D30004C4B1B6800225A60494B1B68494A126859
:104D4000114618460AF072FB82E297F86130002B98
:104D500002D0002387F861303D4B93F80831002BD7
:104D600000F0B880404B1B78002B0ED03F4B1B78D7
:104D7000002B0AD13E4B1B78002B06D1012387F86C
:104D80005D303C4B01221A70C2E0384B1B78002B7F
:104D900003D1374B1B78002B0FD02E4B1B685B6861
:104DA00007EE903AF8EEE77AF5EEC07AF1EE10FAF7
:104DB00003D597F95E30002B17DA2C4B1B78002BAC
:104DC00003D12B4B1B78002B16D0224B1B685B6842
:104DD00007EE903AF8EEE77AF5EEC07AF1EE10FAC7
:104DE0000ADB97F95E30002B06DA012387F85D3085
:104DF000204B01221A708BE0154BDB78092B0AD16E
:104E0000134B5B78002B03D0114B0622DA7002E0C3
:104E10000F4B0122DA700F4B1B685B6807EE903A6C
:104E2000F8EEE77AF5EEC07AF1EE10FA03D5FF233B
:104E300087F85E3002E0012387F85E3097F95E3034
:104E4000002B19DD024B6FF00042C3F8982017E0E9
:104E50005C550020E05600200000C842C9560020E2
:104E6000486E0020E4560020C0560020CA5600209C
:104E7000CB560020CC560020A14BA24AC3F8982064
:104E8000A14B00221A70A14B01221A70A04B0022E4
:104E90001A70012387F860309E4B00221A709E4BD7
:104EA00000221A709D4B00221A709D4B1B685B6894
:104EB00007EE903AB8EEE77ADFED9A6AC7EE267A07
:104EC0008F4BC3ED507A02F0CFF902F099FC02F05B
:104ED000BBFFBDE1944B1B68002118460AF091FA14
:104EE0000346924A1360914B1B6802221A708F4B43
:104EF0001B6877225A708D4B1B6800225A608A4BC0
:104F00001B688A4A1268114618460AF08FFA9FE118
:104F10009EE1874B1B78002B15D0794B93F88E3090
:104F2000012B06D1784B01221A70824B01221A7094
:104F300009E0F0F7FBFB724B002283F8EC20704B8A
:104F4000012283F88F206E4BDB780A2B22D16C4B29
:104F500000225A77744B1B68002118460AF051FA58
:104F60000346724A1360714B1B6802221A706F4B22
:104F70001B689C225A706D4B1B6800225A606A4B5A
:104F80001B686A4A1268114618460AF04FFA402018
:104F9000EFF7E2FE012387F8613059E1644B1B789B
:104FA000002B15D0564B93F88E30012B06D1564B63
:104FB00001221A705F4B01221A7009E0F0F7B6FB6C
:104FC0004F4B002283F8EC204D4B012283F88F20B9
:104FD000012387F860303BE1554B1B78002B1AD03A
:104FE000474B93F88E30012B0BD1454BDB78052BCB
:104FF00003D1464B1B78002B0DD0434B01221A7076
:1050000009E0F0F793FB3E4B002283F8EC203C4B89
:10501000012283F88F20012387F8603018E1384B94
:1050200001221A7703F0E2FEEFF7B0FD10E13C4BEE
:105030001B685B6807EE903AB8EEE77ADFED396AF5
:10504000C7EE267AF0EEE77A0120B0EE670A03F0A9
:1050500079FA354B1B68002118460AF0D2F903464D
:10506000324A1360314B1B6802221A702F4B1B68A7
:10507000A3225A70224B5A6F2C4B1B685A602A4B42
:105080001B682A4A1268114618460AF0CFF9DFE079
:10509000234B1B685B6807EE903AF8EEE77A9FEDCA
:1050A000217A87EE878A03F005FFF0EE407A78EEEA
:1050B000677AF0EEE77A0120B0EE670A03F042FA71
:1050C000194B1B68002118460AF09BF90346174A42
:1050D0001360164B1B6802221A70144B1B68A42223
:1050E0005A70074B5A6F114B1B685A600E4B1B6866
:1050F0000E4A1268114618460AF098F9A8E000BF57
:105100005C55002001000080CC560020CA560020CB
:10511000CB560020C9560020C8560020C15600209A
:10512000E05600200000C842486E0020E4560020EF
:10513000C0560020CD560020814B1B685B6807EEEF
:10514000903AB8EEE77ADFED7F6AC7EE267AF0EEA6
:10515000E77A0120B0EE670A03F0F4F97A4B1B6896
:10516000002118460AF04DF90346784A1360774B40
:105170001B6802221A70754B1B68A5225A70744B6B
:105180005A6F724B1B685A606F4B1B686F4A1268EC
:10519000114618460AF04AF95AE06E4B1B78002B6C
:1051A0001DD0694B1B68002118460AF02AF90346F6
:1051B000664A1360654B1B6802221A70634B1B68BA
:1051C00077225A70614B1B6800225A605E4B1B6845
:1051D0005E4A1268114618460AF028F937E05C4B1F
:1051E000DB6A002B33D0012387F843302FE0544B88
:1051F0001B685B68DBB21846EEF7DCFE28E0524B1A
:105200001B68002118460AF0FCF803464F4A136059
:105210004E4B1B6802221A704C4B1B6804225A70BA
:105220004A4B1B6800225A60474B1B68474A12686A
:10523000114618460AF0FAF80AE000BF08E000BF7D
:1052400006E000BF04E000BF02E000BF00E000BFD6
:1052500097F85D30002B0DD13B4B9B68384A1268A4
:10526000114618460AF094F90023BB65002387F81D
:10527000573025E097F85730002B06D1F1F744FC62
:10528000B865012387F857301AE0F1F73DFC024674
:10529000BB6DD31AB3F57A7F12D32B4B9B68284A88
:1052A0001268114618460AF073F90023BB65002303
:1052B00087F85730284B00221A70284B00221A70AA
:1052C0004FF000024FF00003C7E912234FF0000334
:1052D0007B6400233B6564E007F11C0307F12002B7
:1052E0001F4900911F492048EEF74EFB034687F8FF
:1052F0003A3097F83A30002B38D0134B1B68002116
:1053000018460AF07EF80346104A13600F4B1B68DC
:1053100002221A700D4B1B685E225A700B4B1B68E1
:1053200097F83A205A60084B1B68084A12681146E1
:1053300018460AF07BF83B6D013B3B652EE000BF51
:10534000E05600200000C842486E0020E4560020CD
:105350005C550020C0560020CA560020CB560020C5
:10536000645500206C55002074550020674B1B6964
:105370001846EBF791F802460B46D7E91201EAF717
:105380002DFF02460B46C7E91223604BD3ED027A8C
:1053900097ED117A77EE277AC7ED117A3B6D0133DD
:1053A0003B653B6D042B97DD4FF00002584BD7E96E
:1053B0001201EBF7F3F902460B4610461946EBF7DC
:1053C000BBFB0346514A136197ED117AF1EE046A73
:1053D000C7EE267A4D4BC3ED027A03F06BFDF0EE7B
:1053E000407AFDEEE77A17EE903A4A4A82FB0312C2
:1053F0001A441212DB17D31A444AD362434BDB6AB6
:10540000002BB8BF5B42B3F5B47FC0F28D80424B36
:105410001A78424B1B781343DBB2002B00F08480D8
:105420003A4BDB6AB3F5B47F12DB97F95E30012BA0
:1054300021D13A6A354BDB6A03F5B473D31A3B6268
:10544000FA69324BDB6A03F5B473D31AFB6112E0DD
:1054500097F95E30B3F1FF3F0DD12C4BDB6AC3F5FA
:10546000B4723B6A13443B62284BDB6AC3F5B472E7
:10547000FB691344FB613B6A244A1362FB69234ABC
:105480005362224B1B6A214A526A11461846EEF7B4
:10549000D3FB234B1B680021184609F0B2FF0346DB
:1054A000204A13601F4B1B6802221A701D4B1B6899
:1054B0005F225A701B4B1B68144A126A5A60184BC1
:1054C0001B68184A12681146184609F0AFFF144BC2
:1054D0001B680021184609F094FF0346114A136027
:1054E000104B1B6802221A700E4B1B6860225A7008
:1054F0000C4B1B68054A526A5A60094B1B68094AE3
:1055000012681146184609F091FFB8E05C5500207A
:1055100000001440B7600BB6CA560020CB560020DE
:10552000486E0020E456002097F84330002B00F02E
:10553000A6803A6A9C4BDB6AD31A3B62FA699A4BA3
:10554000DB6AD31AFB613B6A974A1362FB69964A8E
:105550005362954B1B6A944A526A11461846EEF7FD
:105560006BFB924B1B680021184609F04AFF03466B
:105570008F4A13608E4B1B6802221A708C4B1B687B
:105580005F225A708A4B1B68874A126A5A60874B9F
:105590001B68874A12681146184609F047FF834B7B
:1055A0001B680021184609F02CFF0346804A13604F
:1055B0007F4B1B6802221A707D4B1B6860225A7059
:1055C0007B4B1B68784A526A5A60784B1B68784A52
:1055D00012681146184609F029FF01F037FB724B9B
:1055E0005B6D714A1361704B1B696F4AD3606E4BE0
:1055F00093ED157A6C4BD3ED417A37EE677A6A4BAF
:10560000D3ED407A77EE677A674BC3ED177A664B36
:10561000DB6D654A5366644BDB6D634A1366634B0F
:105620001B680021184609F0ECFE0346604A13602F
:105630005F4B1B6802221A705D4B1B686B225A700D
:10564000594BD3ED177A9FED5B7A67EE877AB0EE10
:10565000670A15F081FFF0EE407A554B1B68FDEEAE
:10566000E77A17EE902A5A60504B1B68504A12682E
:105670001146184609F0DAFE002387F843304A4BFA
:105680001A6A3B6A9A4257D0474B1A6A3B6A9A4257
:1056900026DA454BDB6C002B22DD434B1B6A0133C2
:1056A000414A1362414B1B680021184609F0A9FECC
:1056B00003463F4A13603E4B1B6802221A703C4B64
:1056C0001B685F225A703A4B1B68374A126A5A604D
:1056D000364B1B68364A12681146184609F0A6FE7A
:1056E000314B1A6A3B6A9A4226DD2F4BDB6C002B4A
:1056F00022DA2D4B1B6A013B2B4A13622B4B1B6892
:105700000021184609F07DFE0346294A1360284B04
:105710001B6802221A70264B1B685F225A70244BAA
:105720001B68214A126A5A60204B1B68204A126883
:105730001146184609F07AFE1B4B5A6AFB699A42D9
:1057400061D0194B5A6AFB699A4226DA164BDB6C18
:10575000002B22DD144B5B6A0133134A5362134B57
:105760001B680021184609F04CFE0346104A1360DE
:105770000F4B1B6802221A700D4B1B6860225A7077
:105780000B4B1B68084A526A5A60084B1B68084A50
:1057900012681146184609F049FE034B5A6AFB6924
:1057A0009A4230DD08E000BF5C550020486E0020C2
:1057B000E45600200000C842AC4BDB6C002B22DA20
:1057C000AA4B5B6A013BA94A5362A94B1B680021A3
:1057D000184609F016FE0346A64A1360A54B1B683F
:1057E00002221A70A34B1B6860225A70A14B1B68DF
:1057F0009E4A526A5A609E4B1B689E4A1268114626
:10580000184609F013FE994B93ED197A974BD3ED97
:10581000046A964BD3ED417A76EEE76A934BD3ED6B
:10582000407A76EEE77A77EE677A904BC3ED1C7A92
:105830008E4B93ED177A8D4BD3ED046A8B4BD3EDE2
:10584000417A76EEE76A894BD3ED407A76EEE77AD5
:1058500077EE677A854BC3ED1B7A97F8633087F84C
:105860004230824B93F88E30012B60D17F4B5B6CC2
:105870007E4A13648048EFF791FC7C4BDB6C7B4ADB
:1058800093647E48EFF7B0FC784B5B78002B47D0F1
:10589000764BD3F89420754B5B6C9A4239D0784B99
:1058A00001221A70774B1B78002B03D1764B1B78A3
:1058B000002B03D0062387F8633055E0734B1B7829
:1058C000002B03D0052387F863304DE0674BDB6C7A
:1058D000002BB8BF5B42654AD2F8A820934203D19F
:1058E000042387F863303FE0604B9B6C83EAE372EC
:1058F000A2EBE3725D4BDB6C002BB8BF5B429A42BC
:1059000003DC032387F863302EE0052387F8633038
:105910002AE05B4B00221A70062387F8633023E0ED
:10592000574B00221A70012387F863301CE04F4B5D
:105930005B78002B12D04D4B93F8EC30002B06D047
:105940004F4B01221A70042387F863300CE04C4B54
:1059500000221A70062387F8633005E0484B0022C6
:105960001A70012387F8633097F8422097F8633064
:105970009A421CD197F86230013387F8623097F869
:105980006230092B13D9394A97F86330D370374BFB
:105990001B781846EFF7A0FD03F028FA3C4B1B7864
:1059A000002B01D003F0EEFB002387F862302F4B71
:1059B000DB78012B0BD0092B55D12C4BD3F894302D
:1059C0002A4AC2F89830334B00221A7067E097F8E1
:1059D0006030002B62D101F039F9244B5B6D234A12
:1059E0001361224B5B6D214AD360204B93ED157AF6
:1059F0001E4BD3ED417A37EE677A1C4BD3ED407ADC
:105A000077EE677A194BC3ED177A194B1B680021A3
:105A1000184609F0F6FC0346164A1360154B1B683E
:105A200002221A70134B1B686B225A700F4BD3ED76
:105A3000177A9FED197A67EE877AB0EE670A15F04C
:105A40008BFDF0EE407A0B4B1B68FDEEE77A17EE0C
:105A5000902A5A60064B1B68064A1268114618467F
:105A600009F0E4FC1AE000BF19E000BF5C5500201B
:105A7000486E0020E4560020A0550020A8550020C4
:105A8000C0560020C8560020C7560020C15600202E
:105A9000D2560020CA5600200000C84200BFA74AC4
:105AA000A749A848EFF7D8FBA749A848EFF77CF922
:105AB0002822A749A74815F0A3FE0346002B3ED095
:105AC000A54B93F8E820A44B93F8C0309A421FD01E
:105AD000A14BDB78012B03D09F4BDB78062B2ED11B
:105AE0009B48EFF78BF99D4B1B78002B01D003F0FF
:105AF0008DFC994A984B02F19C0403F1C4050FCD2B
:105B00000FC40FCD0FC495E8030084E8030016E02E
:105B10008F48EFF773F9914B1B78002B01D003F0FE
:105B200075FC8D4A8C4B02F19C0403F1C4050FCD2A
:105B30000FC40FCD0FC495E8030084E803000822CA
:105B40008749884815F05CFE0346002B0AD084483C
:105B5000EFF76AFD804B804AF033F83292E8030099
:105B600083E803007C4BB3F850207B4BB3F85230F2
:105B70009A4213D0784BB3F852301846EFF714F826
:105B8000754BB3F85220744BA3F85020EEF7FEFF8C
:105B90004FF4FA7009F0C9FAEEF7EAFF6E4B93F88A
:105BA0008E206D4B93F88F309A4225D06A4BDB786C
:105BB000062B03D0684BDB78012B1DD1664B93F885
:105BC0008F301846EEF772FF634B93F88F20624BCD
:105BD00083F88E20604B93F88E30012B0CD101F0AE
:105BE00035F85D4B5B6D5C4A13615B4BD3ED157A09
:105BF000B0EE670A01F09CF8574B5B78002B00F081
:105C0000C18097F86130002B0ED0574B1B78002BCA
:105C10000AD1EEF7BBFF504B00225A70002387F8E1
:105C20006130642009F081FA4B4B93F88E30012BE0
:105C300073D14E4B1B78002B4AD04B4B1B78002B5B
:105C400046D0454B5B7F002B0FD1434B9B7F002BF6
:105C50000BD1474B1B78002B07D197F85D30002BF9
:105C600003D1444B1B78002B14D00A224FF6FF714E
:105C70004FF6FF70EFF7BEFB374B4FF6FF72C3F8DE
:105C8000B820354B4FF6FF72C3F8BC20324B0A22C6
:105C9000C3F8AC20384B1B78002B05D0364B0022C4
:105CA0001A70364B01221A702B4B5B6C2A4AC2F8D1
:105CB0009830294BD3F89420274BD3F898309A4248
:105CC00006D1254BD3F898300133234AC2F89830D7
:105CD000214BD3F89420204BD3F898309A4214D01B
:105CE0001D4BD3F898301846EFF704FA244B0122E5
:105CF0001A701A4B1B78002B01D003F0FBFA164BDD
:105D0000D3F89830144AC2F894301B4B1B78002B00
:105D100010D00020EFF718FA0CE097F85F30002B56
:105D200008D0EFF7F7FC0C4B012283F8EC2000239E
:105D300087F85F30002387F8603038E09455002002
:105D4000905500208C550020995500209855002032
:105D500020560020F85500205C550020D256002027
:105D6000545600204C560020C0560020CC5600202F
:105D7000CD560020C6560020CA560020CB56002023
:105D8000CE56002097F86030002B10D0EEF7F0FED2
:105D9000A64B01225A70002387F86030A34B0622DD
:105DA000DA70002387F86230642009F0BEF99F4B57
:105DB00093F88030002B15D097F85D30002B11D16F
:105DC0009A4B5B7F002B0DD1984B9B7F002B09D109
:105DD000964B1B7F002B05D1954B1B78002B01D1D7
:105DE00000F03AFC934B1B78002B00F0108207F177
:105DF00038031846EEF78EFF3B8F03F08003002B2D
:105E000005D13B8F03F48053002B00F0B2814FF497
:105E10008450EEF7A1FF884B00221A70874B0022B6
:105E20001A70874B1B78002B00F01681804B1B7873
:105E3000002B5DD000F00AFF7C4B5B6D7B4A136149
:105E40007A4B1B69794AD360784B93ED157A774B7F
:105E5000D3ED417A37EE677A744BD3ED407A77EE23
:105E6000677A724BC3ED177A704BDB6D6F4A5366DE
:105E70006E4BDB6D6D4A13666C4B93ED197A6B4B71
:105E8000D3ED046A694BD3ED417A76EEE76A674B4E
:105E9000D3ED407A76EEE77A77EE677A634BC3ED1F
:105EA0001C7A624B93ED177A604BD3ED046A5F4B1B
:105EB000D3ED417A76EEE76A5C4BD3ED407A76EE2D
:105EC000E77A77EE677A594BC3ED1B7A584B00227D
:105ED0001A70564B0622DA70002387F8623002F0FF
:105EE00097FE01F0C1F901F08BFC01F0ADFF68E015
:105EF000544B1A7897F85D301343DBB2002B03D074
:105F0000514B1B78002B20D000F0A0FE474B5B6D5F
:105F1000464A1361454B1B69444AD360434B93ED9A
:105F2000157A424BD3ED417A37EE677A3F4BD3ED8A
:105F3000407A77EE677A3D4BC3ED177A3B4B0622EA
:105F4000DA70002387F8623009E03E4B1B78002BA3
:105F500005D0364B0622DA70002387F86230334BC7
:105F6000DB6D324A5366314BDB6D304A13662F4B83
:105F700093ED197A2D4BD3ED046A2C4BD3ED417A76
:105F800076EEE76A294BD3ED407A76EEE77A77EE44
:105F9000677A264BC3ED1C7A244B93ED177A234B7B
:105FA000D3ED046A214BD3ED417A76EEE76A1F4BBD
:105FB000D3ED407A76EEE77A77EE677A1B4BC3ED46
:105FC0001B7A224B1B680021184609F01AFA034677
:105FD0001F4A13601E4B1B6802221A701C4B1B6861
:105FE0006B225A70114BD3ED177A9FED1A7A67EE38
:105FF000877AB0EE670A15F0AFFAF0EE407A144BEC
:106000001B68FDEEE77A17EE902A5A600F4B1B686B
:106010000F4A12681146184609F008FA084B002288
:106020001A70084B00221A70A3E000BF5C550020D4
:10603000CB560020CF560020C0560020CE56002060
:10604000CC560020C6560020CD560020486E0020B9
:10605000E45600200000C8423F4B93ED177A3E4BB8
:10606000D3ED046A3C4BD3ED417A76EEE76A3A4BC6
:10607000D3ED407A76EEE77A77EE677AF0EEE77A5C
:1060800017EE900AEAF708FA31A3D3E90023EAF7FA
:10609000CDFC0346002B50D000F0D8FD2E4B5B6D9D
:1060A0002D4A13612C4B1B692B4AD3602A4BDB6DA5
:1060B000294A5366284BDB6D274A1366264B93ED1E
:1060C000197A254BD3ED046A234BD3ED417A76EE52
:1060D000E76A214BD3ED407A76EEE77A77EE677A7E
:1060E0001D4BC3ED1C7A1C4B93ED177A1A4BD3ED65
:1060F000046A194BD3ED417A76EEE76A164BD3ED7D
:10610000407A76EEE77A77EE677A134BC3ED1B7A27
:10611000114B0622DA70002387F8623002F066FE27
:106120000E4B00221A700E4B00221A700D4B0022EB
:106130001A70012003F026FD1BE00B4B1B78002B8F
:1061400014D0074B01221A7013E000BFAFF3008098
:10615000EC51B81E85EBA13F5C550020C4560020D1
:10616000C5560020C1560020C3560020B04B012266
:106170001A703B8F03F04003002B0AD0AD4B012275
:106180005A77AD4B00221A70AC4B00221A7002F005
:106190002DFEAB4B1B78002B02D0A94B00221A70AE
:1061A000A84B1B78002B02D0A64B00221A70A64BDE
:1061B0001B78002B02D0A44B00221A70A34B1B7833
:1061C000002B02D0A14B00221A70A14B1B78002B90
:1061D00002D09F4B00221A709E4B1B78002B02D0DE
:1061E0009C4B00221A709C4B1B78002B02D09A4BC0
:1061F00000221A70994B1B78002B02D0974B00227B
:106200001A70974B1B78013BDAB2954B1A70954B7D
:106210001B78002B00F0D381934B1B68002118469C
:1062200009F0EFF80346914A1360904B1B68022275
:106230001A708E4B1B6862225A707E4BD3ED0C7A1B
:106240009FED8B7A67EE877A884B1B68FDEEE77AC5
:1062500017EE902A5A60844B1B68844A12681146D4
:10626000184609F0E3F8804B1B680021184609F036
:10627000C8F803467D4A13607C4B1B6802221A70E3
:106280007A4B1B6863225A706A4BD3ED0D7A9FEDEF
:10629000787A67EE877A754B1B68FDEEE77A17EE22
:1062A000902A5A60704B1B68704A12681146184653
:1062B00009F0BCF86C4B1B680021184609F0A1F8E6
:1062C00003466A4A1360694B1B6802221A70674BC7
:1062D0001B6864225A70574BD3ED0E7A9FED647A97
:1062E00067EE877A614B1B68FDEEE77A17EE902A1E
:1062F0005A605D4B1B685D4A12681146184609F0EA
:1063000095F8594B1B680021184609F07AF80346A6
:10631000564A1360554B1B6802221A70534B1B6878
:1063200078225A70434B93F83C20504B1B685A60BC
:106330004D4B1B684D4A12681146184609F076F815
:10634000494B1B680021184609F05BF80346474A91
:106350001360464B1B6802221A70444B1B6879225B
:106360005A70344B93F83D20404B1B685A603E4BAB
:106370001B683E4A12681146184609F057F83A4B16
:106380001B680021184609F03CF80346374A1360A1
:10639000364B1B6802221A70344B1B687A225A70E3
:1063A000244BDB6C4FF4B47202FB03F31846EAF79C
:1063B00061F804460D461F4B93F8C0301A464FF45F
:1063C0008073134144F6206202FB03F31846EAF798
:1063D00051F815A3D3E90023EAF7B6F802460B46B5
:1063E00020462946EAF7DAF902460B4610461946D6
:1063F000EAF7A2FB07EE100ADFED1E7A67EE277AB6
:106400001A4B1B68FDEEE77A17EE902A5A60164B7E
:106410001B68164A12681146184609F007F8124B15
:106420001B6829E0AFF300800E1478279F5EF63FCB
:10643000C45600205C550020C0560020CE560020D7
:10644000CA560020CB560020C2560020C35600205A
:10645000C7560020C8560020C9560020CD5600203F
:10646000CF560020D0560020486E0020E456002071
:1064700000007A440000C8420021184608F0C1FF1D
:1064800003466C4A13606B4B1B6802221A70694BFF
:106490001B685A225A7002F00DFDF0EE407A9FED13
:1064A000667A67EE877A634B1B68FDEEE77A17EE34
:1064B000902A5A60614B1B685E4A12681146184662
:1064C00008F0B4FF5D4B1B680021184608F099FFE7
:1064D0000346584A1360574B1B6802221A70554BEB
:1064E0001B685B225A70564BD3ED067A9FED527AA9
:1064F00067EE877A4F4B1B68FDEEE77A17EE902A1E
:106500005A604E4B1B684B4A12681146184608F0F9
:106510008DFF4A4B1B680021184608F072FF0346A6
:10652000444A1360434B1B6802221A70414B1B689C
:106530005C225A70424BD3ED027A9FED3F7A67EEB0
:10654000877A3C4B1B68FDEEE77A17EE902A5A607B
:106550003A4B1B68374A12681146184608F066FF26
:10656000364B1B680021184608F04BFF0346314AA2
:106570001360304B1B6802221A702E4B1B685D2281
:106580005A702C4B1B682E4A526C5A602B4B1B685E
:10659000284A12681146184608F048FF294B1B7814
:1065A000002B01D003F018F902F032FB264B002239
:1065B0001A70264B1B8819462548F0F773FA1F4BB3
:1065C0001B680021184608F01CFF0346194A136097
:1065D000184B1B6802221A70164B1B687B225A70DC
:1065E000174B5C6F164BDD6FF0F78EFA0346EB1A14
:1065F0002344134A9367F0F787FA0246104BDB6F88
:10660000D21A0F4B5B6F9A4204D90A4B1B680022C7
:106610005A6004E00A4B9A6F064B1B685A60074B9E
:106620001B68044A12681146184608F0FFFEFDF781
:106630000EB800BFE45600200000C842486E00209B
:106640005C550020D1560020D05600204A0500207D
:10665000004001400000000090B585B000AF00236D
:106660007B6000233B604FF07E53FB604FF07C5318
:10667000BB60A54B93ED4F7AF3EE096AC7EE267A1D
:10668000B7EE007AF4EEC77AF1EE10FA1ED59E4B03
:10669000D3ED4F7AB3EE097AC7EE876A16EE900A09
:1066A000E9F7FAFE92A3D3E90023EAF7BFF903461C
:1066B000002B02D0954BFB6008E0934B93ED4F7A93
:1066C000F3EE096AC7EE267AC7ED037A8E4B93ED97
:1066D0004F7ADFED8F6AC7EE267AB6EE007AF4EED7
:1066E000C77AF1EE10FA1ED5874BD3ED4F7A9FEDA6
:1066F000887AC7EE876A16EE900AE9F7CDFE7EA388
:10670000D3E90023EAF792F90346002B02D0814B2C
:10671000BB6008E07C4B93ED4F7ADFED7D6AC7EEFE
:10672000267AC7ED027A784BD3ED1B7AF0EEE77A42
:1067300017EE900AE9F7B0FE71A3D3E90023EAF758
:1067400093F90346002B6AD06F4BDB78062B66D19A
:106750006D4B93F88C30002B61D06F4B1B78002B66
:1067600040F05682684BDB6E674AC2F88430664B55
:1067700093F8C0301A464FF48073134144F62062F8
:1067800002FB03F307EE903AB8EEE77A5E4BD3EDE7
:10679000217A67EE277A9FED617AC7EE876A16EE57
:1067A000900AE9F779FE02460B4643EC102B14F0F1
:1067B00083FE53EC102B10461946EAF775F9034691
:1067C000514AC2F88830504BD3F894204E4BD3F83E
:1067D000883013444C4AC2F898304B4BD3ED1B7AA7
:1067E000F0EEE77AB6EE007AF4EEC77AF1EE10FA40
:1067F00002D54B4B01221A7000F036FD01F000F873
:1068000001F022FB474B00221A70474B00221A70FE
:10681000464B00221A70464B00221A70F8E13A4BA0
:10682000D3ED1B7AF0EEE77A17EE900AE9F734FE23
:1068300033A3D3E90023EAF717F90346002B22D04C
:10684000314BDB6C002B1EDD2F4BD3ED1B7AF5EEAD
:10685000C07AF1EE10FA16D5364B1B78002B12D108
:10686000354B1B78002B0ED1344B1B78002B0AD1F3
:10687000334B1B78002B06D1324B01221A702D4B63
:1068800001221A70C4E1204BD3ED1B7AF0EEE77AB7
:1068900017EE900AE9F700FE19A3D3E90023EAF7FF
:1068A000E3F80346002B4FD0174BDB6C002B4BDA81
:1068B000154BD3ED1B7AF5EEC07AF1EE10FA43DDFD
:1068C0001C4B1B78002B3FD11B4B1B78002B3BD163
:1068D0001A4B1B78002B37D1194B1B78002B33D167
:1068E000184B01221A70134B01221A7090E100BF5D
:1068F0009A9999999999A93F9A9999999999993FAA
:10690000EC51B81E85EBA13F5C550020CDCC4C3D31
:1069100000004842CDCCCC3CCE5600200000B44311
:10692000C7560020C2560020C3560020C45600207F
:10693000C5560020CC560020CA560020CB56002059
:10694000C8560020C6560020B54BD3ED1B7AF0EE9A
:10695000E77A97ED027AB4EEE77AF1EE10FA13DBFC
:10696000AF4BDB78052B0FD1AE4B1B78002B0BD137
:10697000AD4B1B78002B07D1AC4B1B78002B03D100
:10698000A84B1B78002B04D0A94B1B78002B00F0E0
:106990008980A34BD3F89420A14B5B6CD31A7B6006
:1069A0009F4B93F8C0301A464FF48073134144F65E
:1069B000206202FB03F307EE903AB8EEE77A984BB9
:1069C000D3ED1B7A67EE277A9FED9A7AC7EE876A36
:1069D00016EE900AE9F760FD02460B4643EC102BD9
:1069E00014F06AFD53EC102B10461946EAF75CF8D8
:1069F00003463B603A687B68D31A894AC2F88830FC
:106A0000874BD3F8883083EAE374A4EBE374844BB8
:106A100093F8C0301A464FF48073134144F6206255
:106A200002FB03F31846E9F725FD7BA3D3E9002316
:106A3000E9F78AFD02460B46104619464FF0000260
:106A40007D4BE9F7ABFE02460B4643EC172BB0EE4D
:106A5000470AF0EE670A14F02FFD53EC102B104696
:106A60001946EAF721F803469C42C0F2D1806C4BEC
:106A7000D3F894206A4BD3F888301344684AC2F89C
:106A800098306E4B01221A7000F0BAFE01F0DCF96A
:106A9000674B00221A706A4B00221A70694B012260
:106AA0001A70B5E05E4BD3ED1C7AF0EEE77A97ED05
:106AB000037AB4EEE77AF1EE10FA0FDB584BDB788D
:106AC000052B0BD1574B1B78002B07D1564B1B784E
:106AD000002B03D1554B1B78002B04D05A4B1B784D
:106AE000002B00F088804E4BD3F894204C4B5B6C0D
:106AF000D31A7B604A4B93F8C0301A464FF4807328
:106B0000134144F6206202FB03F307EE903AB8EE1D
:106B1000E77A434BD3ED1C7A67EE277A9FED457AEF
:106B2000C7EE876A16EE900AE9F7B6FC02460B46F6
:106B300043EC102B14F0C0FC53EC102B10461946FC
:106B4000E9F7B2FF03463B603A687B68D31A344AE0
:106B5000C2F88830324BD3F8883083EAE374A4EB70
:106B6000E3742F4B93F8C0301A464FF480731341EF
:106B700044F6206202FB03F31846E9F77BFC26A3E8
:106B8000D3E90023E9F7E0FC02460B46104619461C
:106B90004FF00002284BE9F701FE02460B4643EC9A
:106BA000172BB0EE470AF0EE670A14F085FC53ECA1
:106BB000102B10461946E9F777FF03469C4227DB66
:106BC000174BD3F89420164BD3F888301344144A4B
:106BD000C2F898301A4B01221A7000F011FE01F031
:106BE00033F9194B00221A70144B00221A70154BFE
:106BF00001221A700CE0124B00221A700F4B002277
:106C00001A70114B00221A70094B00221A7000BF33
:106C100000BF1437BD4690BDEC51B81E85EBA13FB7
:106C20005C550020CC560020CA560020CB560020D0
:106C3000C55600200000B44300807640C3560020B3
:106C4000C2560020C1560020C456002080B588B02E
:106C500002AF4FF000024FF00003C7E90223002308
:106C60007B6000233B600120EDF720FF2948EEF711
:106C700095FA294B9B6D284A1364274B9B6D264A36
:106C80005364254B4FF000025A6500237B6120E0DE
:106C90003B463A1D2149009121492248ECF774FEF8
:106CA0000346002B0FD11C4B1B691846E9F7F4FB78
:106CB00002460B46D7E90201E9F790FA02460B4675
:106CC000C7E9022302E07B69013B7B617B690133F9
:106CD0007B617B69092BDBDD4FF00002124BD7E9AA
:106CE0000201E9F75BFD02460B4610461946E9F73B
:106CF00023FF0346084A5365074B0022C3F8882048
:106D0000054B4FF00002C3F8842000BF1837BD4682
:106D100080BD00BFB45500205C55002064550020A4
:106D20006C55002074550020000024400000000035
:106D300080B582B000AF87ED010AA54BDB780B2B45
:106D40004AD00B2B6ADC092B02D00A2B22D065E03B
:106D5000A04B1B680021184608F053FB03469E4ACF
:106D600013609D4B1B6802221A709B4B1B686622A6
:106D70005A70994B1B6800225A60964B1B68964AC2
:106D800012681146184608F051FB914B4FF0000273
:106D90009A664BE28F4B1B680021184608F031FBC6
:106DA00003468D4A13608C4B1B6802221A708A4B73
:106DB0001B6867225A70884B1B6800225A60854BFB
:106DC0001B68854A12681146184608F02FFB804B55
:106DD0004FF000029A6629E27E4B1B68002118469C
:106DE00008F00FFB03467C4A13607B4B1B680222B2
:106DF0001A70794B1B6868225A70774B1B68002207
:106E00005A60744B1B68744A12681146184608F0A1
:106E10000DFB6F4B4FF000029A6607E26C4B93ED4F
:106E20004B7AF0EE006AC7EE267A97ED017AB4EE5F
:106E3000E77AF1EE10FA21DD664B1B680021184657
:106E400008F0DFFA0346644A1360634B1B680222B2
:106E50001A70614B1B686C225A705F4B1B680022D2
:106E60005A605C4B1B685C4A12681146184608F071
:106E7000DDFA574B4FF000029A66D7E1544BD3ED41
:106E80004B7AB1EE677AF0EE006AC7EE267A97ED9C
:106E9000017AB4EEE77AF1EE10FA21D54D4B1B687A
:106EA0000021184608F0ADFA03464B4A13604A4BDE
:106EB0001B6802221A70484B1B686C225A70464BA2
:106EC0001B6800225A60434B1B68434A12681146F4
:106ED000184608F0ABFA3E4B4FF000029A66A5E167
:106EE0003B4BD3ED1A7AF0EEE77AB6EE007AF4EE89
:106EF000C77AF1EE10FA36D5384B01221A70344AAF
:106F00007B68D365324A7B681366324B1B6800216D
:106F1000184608F076FA03462F4A13602E4B1B687A
:106F200002221A702C4B1B686B225A70284BD3ED2F
:106F3000177A9FED2B7A67EE877AB0EE670A14F026
:106F40000BFBF0EE407A244B1B68FDEEE77A17EE60
:106F5000902A5A601F4B1B681F4A12681146184638
:106F600008F064FAF2E01A4B93ED177AD7ED017A44
:106F700077EE677AF5EEC07AF1EE10FA7ADB174B0E
:106F800000221A70124BD3ED4F7A9FED157AC7EE9F
:106F9000876A16EE900AE9F77FFA0BA3D3E900237C
:106FA000E9F744FD0346002B1CD0094BD3ED4F7A83
:106FB000DFED0B6A87EEA67AD7ED017A77EE277AB6
:106FC000034BC3ED187A1EE09A9999999999A93FB4
:106FD0005C550020486E0020E4560020C856002072
:106FE0000000C8427868E9F757FA95A3D3E900236F
:106FF000E9F7F4F802460B4610461946E9F79CFDFE
:107000000346914A1366904BD3ED4F7A9FED8F7AEA
:10701000C7EE876A16EE900AE9F73EFA86A3D3E92F
:107020000023E9F703FD0346002B0ED0864BD3ED7A
:107030004F7ADFED866A87EEA67AD7ED017A77EE92
:10704000277A814BC3ED197A10E07868E9F724FAC2
:1070500079A3D3E90023E9F7C1F802460B461046AD
:107060001946E9F769FD0346774A5366764A7B6815
:10707000D3656BE0764B00221A70734BD3ED4F7AD9
:107080009FED747AC7EE876A16EE900AE9F704FA64
:107090006BA3D3E90023E9F7C9FC0346002B0ED00C
:1070A000694B93ED4F7ADFED6B6AC7EE267A97ED69
:1070B000017A77EE677A644BC3ED187A10E078684E
:1070C000E9F7EAF95EA3D3E90023E9F785F8024678
:1070D0000B4610461946E9F72FFD03465A4A136638
:1070E000594BD3ED4F7A9FED597AC7EE876A16EE6A
:1070F000900AE9F7D1F950A3D3E90023E9F796FC08
:107100000346002B0ED0504B93ED4F7ADFED4F6AC4
:10711000C7EE267A97ED017A77EE677A4A4BC3ED90
:10712000197A10E07868E9F7B7F943A3D3E90023A7
:10713000E9F752F802460B4610461946E9F7FCFCFF
:107140000346414A5366404A7B68D365424B1B68FD
:107150000021184608F055F90346404A13603F4B9A
:107160001B6802221A703D4B1B686B225A70364B0B
:10717000D3ED177A9FED377A67EE877AB0EE670A1C
:1071800014F0EAF9F0EE407A344B1B68FDEEE77A32
:1071900017EE902A5A60304B1B68304A126811462D
:1071A000184608F043F9284B93F8C0301A464FF4BC
:1071B0008073134144F6206202FB03F307EE903A1A
:1071C000B8EEE77A204BD3ED186A1F4BD3ED157A52
:1071D00076EEE76A1C4BD3ED417A76EEA76A1A4B3E
:1071E000D3ED407A76EEA77A67EE277A9FED1C7A88
:1071F000C7EE876A16EE900AE9F74EF902460B468B
:1072000043EC102B14F058F953EC102B1046194690
:10721000E9F74AFC02460C4B9B6D13440A4AC2F83C
:107220009830094B012283F88F2000BF00BF083738
:10723000BD4680BDAFF300809A9999999999993F7D
:107240009A9999999999A93F5C5500200000484363
:10725000C85600200000C842486E0020E4560020B6
:107260000000B4430000000080B500AFB44B93F8B9
:107270000831002B00F03B82B24B1B78002B00F052
:10728000CF80AF4BD3ED507AB0EEE77AAC4BD3ED75
:10729000467AB4EEE77AF1EE10FA3CDDA84B9B7F1C
:1072A00043F00103DAB2A64B9A77A74B1B68002183
:1072B000184608F0A6F80346A44A1360A34B1B68BF
:1072C00002221A70A14B1B6870225A709C4BD3ED9E
:1072D000507A9FED9F7A67EE877AB0EE670A14F0D6
:1072E0003BF9F0EE407A994B1B68FDEEE77A17EE1A
:1072F000902A5A60944B1B68944A126811461846AB
:1073000008F094F8934B1B78002B00F06582924BA9
:1073100001221A7060E28A4B93F8C0301A464FF48B
:107320008073134144F6206202FB03F307EE903AA8
:10733000B8EEE77A824BD3ED507AF0EEE77A67EE5B
:10734000277A9FED867AC7EE876A16EE900AE9F7EC
:10735000A3F802460B4643EC102B14F0ADF853ECA7
:10736000102B10461946E9F7C7FB03461846E9F704
:1073700071F871A3D3E90023E9F7E6F802460B465A
:1073800010461946E9F7B8FB03466D4AC2F8D030FB
:107390006B4BD3F8D03007EE903AB8EE677A684B73
:1073A000D3ED437A67EE277AFCEEE77A17EE902A60
:1073B000634BC3F8CC20624B9B7F23F00103DAB20E
:1073C0005F4B9A77604B1B680021184608F019F84C
:1073D00003465E4A13605D4B1B6802221A705B4BCA
:1073E0001B686E225A70564BD3ED507A9FED587A37
:1073F00067EE877AB0EE670A14F0AEF8F0EE407AE6
:10740000524B1B68FDEEE77A17EE902A5A604E4BFE
:107410001B684E4A12681146184608F007F8DBE16F
:10742000474B93ED4D7A464BD3ED467AB4EEE77A6F
:10743000F1EE10FA3CDD424B9B7F43F00103DAB2E0
:107440003F4B9A77404B1B680021184607F0D9FF45
:1074500003463E4A13603D4B1B6802221A703B4BA9
:107460001B686F225A70364BD3ED4D7A9FED387AF8
:1074700067EE877AB0EE670A14F06EF8F0EE407AA5
:10748000324B1B68FDEEE77A17EE902A5A602E4BBE
:107490001B682E4A12681146184607F0C7FF2D4B8D
:1074A0001B78002B00F098812B4B01221A7093E17E
:1074B0002B4B1B78002B03D12A4B1B78002B53D06E
:1074C0001F4B93F8C0301A464FF48073134144F6B3
:1074D000206202FB03F307EE903AB8EEE77A184B0E
:1074E000D3ED567A67EE277A9FED1C7AC7EE876A4E
:1074F00016EE900AE8F7D0FF02460B4643EC102B3D
:1075000013F0DAFF53EC102B10461946E9F7F4FAA2
:1075100003461846E8F79EFF07A3D3E90023E9F7DF
:1075200013F802460B4610461946E9F7E5FA0346FA
:10753000034AC2F8D03092E00E1478279F5EF63FDF
:107540005C550020CA560020486E0020E4560020FA
:107550000000C842C0560020CC5600200000B443B2
:10756000C8560020C75600209F4B1B78002B3BD0ED
:107570009E4B93F8C0301A464FF48073134144F683
:10758000206202FB03F307EE903AB8EEE77A974BDE
:10759000D3ED537A67EE277A9FED957AC7EE876A27
:1075A00016EE900AE8F778FF02460B4643EC102BE4
:1075B00013F082FF53EC102B10461946E9F79CFAA2
:1075C00003461846E8F746FF85A3D3E90023E8F70A
:1075D000BBFF02460B4610461946E9F78DFA0346F3
:1075E000824AC2F8D0303AE0804B93F8C0301A4655
:1075F0004FF48073134144F6206202FB03F307EE5D
:10760000903AB8EEE77A794BD3ED4D7A67EE277A68
:107610009FED777AC7EE876A16EE900AE8F73CFF8F
:1076200002460B4643EC102B13F046FF53EC102B95
:1076300010461946E9F760FA03461846E8F70AFFCC
:1076400067A3D3E90023E8F77FFF02460B46104605
:107650001946E9F751FA0346644AC2F8D030634B41
:10766000D3F8D03007EE903AB8EE677A5F4BD3ED9F
:10767000437A67EE277AFCEEE77A17EE902A5B4BA7
:10768000C3F8CC205B4B1B680021184607F0B9FEFD
:107690000346594A1360584B1B6802221A70564B16
:1076A0001B686D225A70514BD3ED4D7A9FED537A82
:1076B00067EE877AB0EE670A13F04EFFF0EE407A7D
:1076C0004D4B1B68FDEEE77A17EE902A5A60494B46
:1076D0001B68494A12681146184607F0A7FE434B3B
:1076E0009B7F23F00103DAB2404B9A7774E03F4B63
:1076F00093F8E8301A464FF48073134144F6206241
:1077000002FB03F307EE903AB8EEE77A374BD3ED7E
:10771000467A67EE277A9FED367AC7EE876A16EECD
:10772000900AE8F7B9FE02460B4643EC102B13F023
:10773000C3FE53EC102B10461946E9F7DDF903465A
:107740001846E8F787FE26A3D3E90023E8F7FCFEF6
:1077500002460B4610461946E9F7CEF90346234A7E
:10776000C2F8D030214BD3F8D030204AC2F8CC3008
:10777000204B1B680021184607F043FE03461E4AB3
:1077800013601D4B1B6802221A701B4B1B686D2275
:107790005A70164BD3ED467A9FED187A67EE877ACA
:1077A000B0EE670A13F0D8FEF0EE407A124B1B6879
:1077B000FDEEE77A17EE902A5A600E4B1B680E4AD0
:1077C00012681146184607F031FE084B9B7F23F0E4
:1077D0000103DAB2054B9A7701F008FB00BF80BDC8
:1077E0000E1478279F5EF63FC95600205C55002096
:1077F0000000B443486E0020E45600200000C84258
:1078000080B500AFB04B93F80831002B00F08D82AB
:10781000AE4B1B78002B00F0C580AB4B93ED517A3B
:10782000A94BD3ED477AB4EEE77AF1EE10FA36DDE4
:10783000A54B9B7F43F00203DAB2A34B9A77A44B8C
:107840001B680021184607F0DCFD0346A14A1360BF
:10785000A04B1B6802221A709E4B1B6873225A7041
:10786000994BD3ED517A9FED9C7A67EE877A994BCD
:107870001B68FDEEE77A17EE902A5A60944B1B685E
:10788000944A12681146184607F0D0FD934B1B78B6
:10789000002B00F0BF82924B01221A70BAE28A4B91
:1078A00093F8C0301A464FF48073134144F62062B7
:1078B00002FB03F307EE903AB8EEE77A824BD3ED82
:1078C000517A67EE277A9FED877AC7EE876A16EEC0
:1078D000900AE8F7E1FD02460B4643EC102B13F04B
:1078E000EBFD53EC102B10461946E9F705F903465A
:1078F0001846E8F7AFFD72A3D3E90023E8F724FEAA
:1079000002460B4610461946E9F7F6F803466E4A5A
:10791000C2F8D8306C4BD3F8D83007EE903AB8EEB6
:10792000677A694BD3ED447A67EE277AFCEEE77A03
:1079300017EE902A644BC3F8DC20634B9B7F23F047
:107940000203DAB2604B9A77614B1B68002118463C
:1079500007F057FD03465F4A13605E4B1B68022227
:107960001A705C4B1B6872225A70574BD3ED517AD8
:107970009FED597A67EE877AB0EE670A13F0ECFD57
:10798000F0EE407A534B1B68FDEEE77A17EE902A33
:107990005A604F4B1B684F4A12681146184607F051
:1079A00045FD37E2484B93ED4E7A474BD3ED477A8E
:1079B000B4EEE77AF1EE10FA3CDD434B9B7F43F0E7
:1079C0000203DAB2404B9A77414B1B6800211846FC
:1079D00007F017FD03463F4A13603E4B1B68022227
:1079E0001A703C4B1B6873225A70374BD3ED4E7A9A
:1079F0009FED397A67EE877AB0EE670A13F0ACFD37
:107A0000F0EE407A334B1B68FDEEE77A17EE902AD2
:107A10005A602F4B1B682F4A12681146184607F010
:107A200005FD2E4B1B78002B00F0F4812C4B01221E
:107A30001A70EFE12C4B1B78002B03D12B4B1B78DA
:107A4000002B55D0204B93F8C0301A464FF480736A
:107A5000134144F6206202FB03F307EE903AB8EEBE
:107A6000E77A194BD3ED577A67EE277A9FED1D7AA7
:107A7000C7EE876A16EE900AE8F70EFD02460B463F
:107A800043EC102B13F018FD53EC102B1046194645
:107A9000E9F732F803461846E8F7DCFC08A3D3E917
:107AA0000023E8F751FD02460B4610461946E9F758
:107AB00023F80346044AC2F8D830EEE0AFF3008062
:107AC0006C239EEC66468F3F5C550020CA56002012
:107AD000486E0020E45600200000C842C056002036
:107AE000CC5600200000B443C2560020C3560020EC
:107AF000CD4B1B78002B03D1CC4B1B78002B51D0E6
:107B0000CB4BD3F8B03007EE903AB8EE677AC84B5B
:107B1000D3ED577AB4EEE77AF1EE10FA3BDDC44BC1
:107B200093F8C0301A464FF48073134144F6206234
:107B300002FB03F307EE903AB8EEE77ABC4BD3EDC5
:107B4000577A67EE277A9FEDBB7AC7EE876A16EE03
:107B5000900AE8F7A1FC02460B4643EC102B13F009
:107B6000ABFC53EC102B10461946E8F7C5FF034653
:107B70001846E8F76FFCAAA3D3E90023E8F7E4FC72
:107B800002460B4610461946E8F7B6FF0346A84AD8
:107B9000C2F8D83081E0A64BD3F8B030A44AC2F87E
:107BA000D8307AE0A44B1B78002B3BD0A04B93F845
:107BB000C0301A464FF48073134144F6206202FB32
:107BC00003F307EE903AB8EEE77A994BD3ED547A87
:107BD00067EE277A9FED977AC7EE876A16EE900ACE
:107BE000E8F75AFC02460B4643EC102B13F064FCFA
:107BF00053EC102B10461946E8F77EFF0346184653
:107C0000E8F728FC86A3D3E90023E8F79DFC0246A9
:107C10000B4610461946E8F76FFF0346844AC2F840
:107C2000D8303AE0824B93F8C0301A464FF4807354
:107C3000134144F6206202FB03F307EE903AB8EEDC
:107C4000E77A7B4BD3ED4E7A67EE277A9FED797A10
:107C5000C7EE876A16EE900AE8F71EFC02460B464E
:107C600043EC102B13F028FC53EC102B1046194654
:107C7000E8F742FF03461846E8F7ECFB68A3D3E9B0
:107C80000023E8F761FC02460B4610461946E8F768
:107C900033FF0346664AC2F8D830654BD3F8D83074
:107CA00007EE903AB8EE677A614BD3ED447A67EE0F
:107CB000277AFCEEE77A17EE902A5D4BC3F8DC20BA
:107CC0005E4B1B680021184607F09BFB03465C4A8D
:107CD00013605B4B1B6802221A70594B1B687122A0
:107CE0005A70534BD3ED4E7A9FED567A67EE877AF2
:107CF000B0EE670A13F030FCF0EE407A504B1B6890
:107D0000FDEEE77A17EE902A5A604C4B1B684C4AFE
:107D100012681146184607F089FB454B9B7F23F0FC
:107D20000203DAB2424B9A7774E0414B93F8E830A1
:107D30001A464FF48073134144F6206202FB03F3AA
:107D400007EE903AB8EEE77A394BD3ED477A67EE13
:107D5000277A9FED387AC7EE876A16EE900AE8F721
:107D60009BFB02460B4643EC102B13F0A5FB53EC98
:107D7000102B10461946E8F7BFFE03461846E8F7F1
:107D800069FB27A3D3E90023E8F7DEFB02460B4695
:107D900010461946E8F7B0FE0346254AC2F8D83027
:107DA000234BD3F8D830224AC2F8DC30234B1B686F
:107DB0000021184607F025FB0346214A1360204B9B
:107DC0001B6802221A701E4B1B6871225A70184BD6
:107DD000D3ED477A9FED1B7A67EE877AB0EE670A9C
:107DE00013F0BAFBF0EE407A154B1B68FDEEE77A14
:107DF00017EE902A5A60114B1B68114A12681146FF
:107E0000184607F013FB0A4B9B7F23F00203DAB2FC
:107E1000074B9A7700F0EAFF00BF80BDAFF3008008
:107E20006C239EEC66468F3FC8560020C756002044
:107E30005C5500200000B443C9560020486E002065
:107E4000E45600200000C84280B500AFAC4B93F868
:107E50000831002B00F0EE82AA4B1B78002B00F0BB
:107E6000BE80A74B93ED527AA54BD3ED487AB4EE82
:107E7000E77AF1EE10FA3CDDA14B9B7F43F004035F
:107E8000DAB29F4B9A77A04B1B680021184607F087
:107E9000B8FA03469D4A13609C4B1B6802221A7075
:107EA0009A4B1B6876225A70954BD3ED527A9FED10
:107EB000987A67EE877AB0EE670A13F04DFBF0EE22
:107EC000407A924B1B68FDEEE77A17EE902A5A60D3
:107ED0008D4B1B688D4A12681146184607F0A6FAAA
:107EE0008C4B1B78002B00F01A838B4B01221A70ED
:107EF00015E3834B93F8C0301A464FF48073134157
:107F000044F6206202FB03F307EE903AB8EEE77AFC
:107F10007B4BD3ED527A67EE277A9FED807AC7EEDE
:107F2000876A16EE900AE8F7B7FA02460B4643EC6A
:107F3000102B13F0C1FA53EC102B10461946E8F73A
:107F4000DBFD03461846E8F785FA6BA3D3E9002367
:107F5000E8F7FAFA02460B4610461946E8F7CCFD58
:107F60000346674AC2F8E030654BD3F8E030644A14
:107F7000C2F8E430624B9B7F23F00403DAB2604B1B
:107F80009A77614B1B680021184607F03AFA0346BE
:107F90005E4A13605D4B1B6802221A705B4B1B68C4
:107FA00075225A70564BD3ED527A9FED597A67EE8F
:107FB000877AB0EE670A13F0CFFAF0EE407A534BAF
:107FC0001B68FDEEE77A17EE902A5A604E4B1B684D
:107FD0004E4A12681146184607F028FA9FE2484BAD
:107FE00093ED4F7A464BD3ED487AB4EEE77AF1EE53
:107FF00010FA3CDD424B9B7F43F00403DAB2404B66
:108000009A77414B1B680021184607F0FAF903469E
:108010003E4A13603D4B1B6802221A703B4B1B68A3
:1080200076225A70364BD3ED4F7A9FED397A67EE50
:10803000877AB0EE670A13F08FFAF0EE407A334B8E
:108040001B68FDEEE77A17EE902A5A602E4B1B68EC
:108050002E4A12681146184607F0E8F92D4B1B7896
:10806000002B00F05C822C4B01221A7057E22C4B43
:108070001B78002B58D0224B93F8C0301A464FF48F
:108080008073134144F6206202FB03F307EE903A3B
:10809000B8EEE77A1A4BD3ED4F7A67EE277A17EEF0
:1080A000900AE8F7F9F94FF000021E4BE8F776FB6B
:1080B00002460B4643EC172BB0EE470AF0EE670A78
:1080C00013F0FAF953EC102B10461946E8F714FD9B
:1080D00003461846E8F7BEF907A3D3E90023E8F7FB
:1080E00033FA02460B4610461946E8F705FD0346EB
:1080F000034AC2F8E0303AE16C239EEC66468F3FBB
:108100005C550020CA560020486E0020E45600202E
:108110000000C842C0560020CC5600200000B443E6
:10812000C256002000807640B74B1B78002B49D008
:10813000B64B93F8C0301A464FF48073134144F69F
:10814000206202FB03F307EE903AB8EEE77AAF4BFA
:10815000D3ED4F7A67EE277A17EE900AE8F79CF98D
:108160004FF00002AA4BE8F7EFF902460B46104623
:1081700019464FF00002A74BE8F710FB02460B46EA
:1081800043EC172BB0EE470AF0EE670A13F094F9B0
:1081900053EC102B10461946E8F7AEFC0346184680
:1081A000E8F758F996A3D3E90023E8F7CDF902469A
:1081B0000B4610461946E8F79FFC0346934AC2F85F
:1081C000E030D4E0944B1B78002B03D1934B1B7809
:1081D000002B51D08D4BD3F8B83007EE903AB8EE63
:1081E000677A8A4BD3ED587AB4EEE77AF1EE10FA5B
:1081F0003BDD864B93F8C0301A464FF48073134131
:1082000044F6206202FB03F307EE903AB8EEE77AF9
:108210007E4BD3ED587A67EE277A9FED817AC7EED1
:10822000876A16EE900AE8F737F902460B4643ECE8
:10823000102B13F041F953EC102B10461946E8F7B8
:108240005BFC03461846E8F705F96DA3D3E9002364
:10825000E8F77AF902460B4610461946E8F74CFC57
:1082600003466A4AC2F8E03081E0684BD3F8B83080
:10827000664AC2F8E0307AE06A4B1B78002B3BD0AC
:10828000624B93F8C0301A464FF48073134144F6A2
:10829000206202FB03F307EE903AB8EEE77A5B4BFD
:1082A000D3ED557A67EE277A9FED5D7AC7EE876A40
:1082B00016EE900AE8F7F0F802460B4643EC102B56
:1082C00013F0FAF853EC102B10461946E8F714FC9B
:1082D00003461846E8F7BEF849A3D3E90023E8F7B8
:1082E00033F902460B4610461946E8F705FC0346EB
:1082F000464AC2F8E0303AE0444B93F8C0301A46A0
:108300004FF48073134144F6206202FB03F307EE3F
:10831000903AB8EEE77A3D4BD3ED4F7A67EE277A85
:108320009FED3F7AC7EE876A16EE900AE8F7B4F839
:1083300002460B4643EC102B13F0BEF853EC102B07
:1083400010461946E8F7D8FB03461846E8F782F8C6
:108350002BA3D3E90023E8F7F7F802460B461046B3
:108360001946E8F7C9FB0346284AC2F8E030274B14
:10837000D3F8E03007EE903AB8EE677A234BD3EDAE
:10838000457A67EE277AFCEEE77A17EE902A1F4BC4
:10839000C3F8E420244B1B680021184607F031F88D
:1083A0000346224A1360214B1B6802221A701F4B9E
:1083B0001B6874225A70154BD3ED4F7A9FED1C7ACF
:1083C00067EE877AB0EE670A13F0C6F8F0EE407AEF
:1083D000164B1B68FDEEE77A17EE902A5A60124B97
:1083E0001B68124A12681146184607F01FF8074B1F
:1083F0009B7F23F00403DAB2044B9A778FE000BF2F
:108400006C239EEC66468F3FC35600205C550020CF
:108410000000084000807640C8560020C756002063
:108420000000B443C9560020486E0020E4560020E6
:108430000000C8423E4B93F8E8301A464FF4807370
:10844000134144F6206202FB03F307EE903AB8EEC4
:10845000E77A374BD3ED487A67EE277A9FED357A86
:10846000C7EE876A16EE900AE8F716F802460B4642
:1084700043EC102B13F020F853EC102B1046194648
:10848000E8F73AFB03461846E7F7E4FF26A3D3E9EB
:108490000023E8F759F802460B4610461946E8F75C
:1084A0002BFB0346224AC2F8E030214BD3F8E030E0
:1084B0001F4AC2F8E430204B1B680021184606F022
:1084C000A0FF03461D4A13601C4B1B6802221A7052
:1084D0001A4B1B6874225A70154BD3ED487A9FEDE6
:1084E000187A67EE877AB0EE670A13F035F8F0EE87
:1084F000407A124B1B68FDEEE77A17EE902A5A601D
:108500000D4B1B680D4A12681146184606F08EFF87
:10851000074B9B7F23F00403DAB2054B9A7700F0F8
:1085200065FC00BF80BD00BF6C239EEC66468F3F9C
:108530005C5500200000B443486E0020E456002043
:108540000000C84280B58AB000AF87ED010A03463B
:10855000FB70564BD3F83431BB61544BD3F83831F0
:108560007B61524BD3F83C313B61D7ED066A97ED06
:10857000057AC6EE877AC7ED097AD7ED066A97EDD8
:10858000047AC6EE877AC7ED077A97ED097AD7EDB8
:10859000067A27EE277AF0EE006AC7EE267AC7ED54
:1085A000037A97ED077AD7ED067A27EE277AF0EE71
:1085B000006AC7EE267AC7ED027A97ED017AD7ED09
:1085C000037A37EE677AD7ED027A77EE677AF5EEBF
:1085D000C07AF1EE10FA35D5D7ED017A37EEA77AE9
:1085E00097ED056AD7ED046AC6EE267AF7EE006AC3
:1085F00077EEA66AD7ED057A66EEA77AC7EE276A08
:1086000016EE900AE7F748FF02460B4643EC102BA4
:1086100012F0C8FF53EC102B10461946E8F78CFAFD
:1086200003467B62D7ED056A97ED047AC6EE877A3A
:1086300097ED097A67EE277AC7ED077A4FF00003C6
:108640003B620FE097ED017AD7ED037A37EE677A58
:10865000D7ED027A77EE676A97ED067AC6EE877AEB
:10866000C7ED087A97ED097AD7ED077A37EE277AC2
:10867000D7ED087A77EE277A9FED0D7A67EE877A45
:10868000FCEEE77A17EE902A084B5A67FB78002B2E
:1086900008D1064B5B6F054A9367EEF735FA034640
:1086A000024AD36700BF2837BD4680BD5C55002015
:1086B00000007A442DE9B04F90B000AF87ED010A79
:1086C00038603B6807EE903AF8EE677ADFED5C6A57
:1086D00087EEA67AD7ED016AC6EE877AC7ED0E7AE5
:1086E000584B93ED547A3B6807EE903AF8EE677A70
:1086F00067EE277A9FED527AC7EE876A514B93ED6A
:10870000547A504BD3ED557A37EE277AC6EE877AF6
:10871000C7ED0D7A3B6807EE903AF8EE677ADFED29
:10872000486A87EEA67AD7ED0D7A77EE677AC7EDBD
:108730000C7A4FF00003FB62424BD3ED547A97ED75
:108740000C7A67EE277AC7ED0A7A3E4BD3ED467A6C
:1087500097ED0A7AB4EEE77AF1EE10FA40F3BD81B4
:10876000384BD3F81831BB6297ED0E7AD7ED0A7A01
:10877000B4EEE77AF1EE10FA02DD4FF000033BE2CF
:10878000304B93ED547AD7ED0A6AC6EE877AC7ED7F
:108790000C7A2C4B93ED557AD7ED0A6AC6EE877AA0
:1087A000C7ED0D7A3B6807EE903AF8EE677ADFED99
:1087B000246A87EEA67AD7ED0C7A37EE677AD7ED82
:1087C0000D7A77EE677AC7ED0B7A97ED0A7AD7EDD7
:1087D0000C7A27EE277AF0EE006AC7EE267AC7ED0C
:1087E000097A97ED0A7AD7ED0D7A27EE277AF0EE1F
:1087F000006AC7EE267AC7ED087A97ED0A7AD7EDB8
:108800000B7A67EE277AC7ED057A97ED017AD7EDF7
:10881000097A37EE677AD7ED087A37EE677AD7EDBF
:10882000057A77EE677AC7ED077AD7ED077AF5EE26
:10883000C07AF1EE10FA07DD4FF00003DCE100BF73
:1088400000007A445C550020D7ED0B7AF1EE677A90
:1088500017EE903A1846E7F71FFE04460D46D7ED8F
:108860000B7A67EEA77A17EE900AE7F715FE8046B7
:108870008946E54BD3F850311846E7F70DFE02461E
:108880000B464FF00000E149E7F788FF02460B4630
:1088900092469B46DC4BD3F854311846E7F7FCFD73
:1088A00002460B464FF00000D849E7F777FF024633
:1088B0000B4650465946E7F791FC02460B461046D8
:1088C000194602460B46E7F789FC02460B469246DC
:1088D0009B46D7ED077AF0EEE77A17EE900AE7F7B6
:1088E000DBFD02460B4650465946E7F72DFE024691
:1088F0000B4640464946E7F771FC02460B4643ECFF
:10890000172BB0EE470AF0EE670A12F04BFE53EC5D
:10891000102B20462946E7F761FC02460B46144619
:108920001D46B94BD3F850311846E7F7B5FD02465E
:108930000B464FF00000B549E7F730FF02460B4603
:1089400090469946B04BD3F854311846E7F7A4FD4A
:1089500002460B464FF00000AC49E7F71FFF024606
:108960000B4640464946E7F739FC02460B4620468F
:108970002946E7F713FF02460B4610461946E8F76B
:10898000DBF803463B61D7ED0B7AF1EE677A17EE21
:10899000903A1846E7F780FD04460D46D7ED0B7A6E
:1089A00067EEA77A17EE900AE7F776FD80468946CC
:1089B000954BD3F850311846E7F76EFD02460B464B
:1089C0004FF000009149E7F7E9FE02460B46924658
:1089D0009B468D4BD3F854311846E7F75DFD0246B0
:1089E0000B464FF000008949E7F7D8FE02460B46D8
:1089F00050465946E7F7F2FB02460B461046194629
:108A000002460B46E7F7EAFB02460B4692469B46B8
:108A1000D7ED077AF0EEE77A17EE900AE7F73CFD1C
:108A200002460B4650465946E7F78EFD02460B4676
:108A300040464946E7F7D2FB02460B4643EC172B6C
:108A4000B0EE470AF0EE670A12F0ACFD53EC102BC3
:108A500020462946E7F7C0FB02460B4614461D4652
:108A6000694BD3F850311846E7F716FD02460B461E
:108A70004FF000006549E7F791FE02460B4690462D
:108A80009946614BD3F854311846E7F705FD024685
:108A90000B464FF000005D49E7F780FE02460B46AB
:108AA00040464946E7F79AFB02460B4620462946D0
:108AB000E7F774FE02460B4610461946E8F73CF805
:108AC0000346FB603B69BB6197ED0A7AD7ED067AF6
:108AD00077EE677AC7ED0F7A8DE097ED0E7AD7EDD6
:108AE0000A7AB4EEE77AF1EE10FA02DD4FF00003F5
:108AF00082E097ED0A7AD7ED0C7A27EE277AF0EE2E
:108B0000006AC7EE267AC7ED097A97ED0A7AD7EDA3
:108B10000D7A27EE277AF0EE006AC7EE267AC7EDC7
:108B2000087A97ED017AD7ED097A37EE677AD7EDB3
:108B3000087A77EE677AC7ED077AD7ED077AF5EE10
:108B4000C07AF1EE10FA02DD4FF0000354E0D7EDE9
:108B5000077AF0EEE77A17EE900AE7F79DFC0246F7
:108B60000B46E7F73BFB02460B4614461D46264BD9
:108B7000D3F850311846E7F78FFC02460B464FF00A
:108B800000002249E7F70AFE02460B469046994646
:108B90001D4BD3F854311846E7F77EFC02460B46CE
:108BA0004FF000001949E7F7F9FD02460B46404631
:108BB0004946E7F713FB02460B4620462946E7F7EE
:108BC000EDFD02460B4643EC172BB0EE470AF0EEE4
:108BD000670A12F0E7FC53EC102B10461946E7F732
:108BE000ABFF0346BB6197ED0A7AD7ED067A77EEC5
:108BF000677AC7ED0F7AFB6B07EE903AB0EE670A23
:108C00004037BD46BDE8B08F5C5500200000F03F06
:108C100080B500AF724B93ED047A714BD3ED417A7E
:108C200037EE677A6E4BD3ED407A37EE677A6C4B4E
:108C3000D3ED4B6AB0EE006AC6EE867AB4EEE77A00
:108C4000F1EE10FA44DD664BDB78062B04D1644B61
:108C5000DB78012B00F0BA80614B93ED177A604B03
:108C6000D3ED4B6AB0EE006AC6EE867A77EE677A8D
:108C7000F0EEE77A17EE900AE7F70EFC56A3D3E979
:108C80000023E7F7F1FE0346002B00F09F80544BD2
:108C90000122DA77534B1B680021184606F0B1FB1E
:108CA0000346514A1360504B1B6802221A704E4B08
:108CB0001B689D225A704C4B1B6800225A60494B1E
:108CC0001B68494A12681146184606F0AFFB7DE062
:108CD000434B93ED047A424BD3ED417A37EE677AFA
:108CE0003F4BD3ED407A37EE677A3D4BD3ED4B7A6D
:108CF000F1EE676AB0EE006AC6EE867AB4EEE77A05
:108D0000F1EE10FA42D5364BDB78062B03D1344B0B
:108D1000DB78012B5AD0324B93ED177A304BD3EDE1
:108D20004B6AB0EE006AC6EE867A77EE277AF0EEEE
:108D3000E77A17EE900AE7F7AFFB27A3D3E9002302
:108D4000E7F792FE0346002B40D0254B0122DA774D
:108D5000244B1B680021184606F053FB0346224AA9
:108D60001360214B1B6802221A701F4B1B689E2246
:108D70005A701D4B1B6800225A601A4B1B681A4A16
:108D800012681146184606F051FB1FE0144B0022F2
:108D9000DA77144B1B680021184606F032FB0346B5
:108DA000114A1360104B1B6802221A700E4B1B688D
:108DB0009F225A700C4B1B6800225A60094B1B689B
:108DC000094A12681146184606F030FB00F00EF80A
:108DD00000BF80BDAFF300809A9999999999B93FE6
:108DE0005C550020486E0020E456002080B500AF9E
:108DF0002B4B1B7F002B03D0294B0B22DA702BE06F
:108E0000274B5B7F002B03D0254B0A22DA7023E02F
:108E1000234B9B7F002B03D0214B0922DA701BE0F0
:108E20001F4BDB7F002B0BD01E4B1B78002B13D16D
:108E30001D4B1B78002B0FD1194B0822DA700BE069
:108E4000174B93F88C30002B06D1154BDB78062B93
:108E500002D1134B0722DA70144B1B68002118460D
:108E600006F0CFFA0346124A1360114B1B68022228
:108E70001A700F4B1B6861225A70094BDA780C4B41
:108E80001B685A60094B1B68094A1268114618464C
:108E900006F0CCFA024BDA78014B9A7000BF80BD25
:108EA0005C550020CA560020CB560020486E00209A
:108EB000E456002080B483B000AF0C4B93ED047AED
:108EC0000A4BD3ED417A37EE677A084BD3ED407AFF
:108ED00077EE677AC7ED017A7B6807EE903AB0EEDD
:108EE000670A0C37BD465DF8047B70475C5500206F
:108EF00080B500AFECF702FC00BF80BD80B400AFCE
:108F0000034B01221A7000BFBD465DF8047B704719
:108F1000D056002000000000B0B582B000AF7E4BFC
:108F20001B8801339AB27C4B1A807C4BDB6C184651
:108F3000E7F7A0FA4FF00002794BE7F705FB02468E
:108F40000B4610461946E7F7F7FD06EE900A734BFD
:108F500093F8C0301A464FF48073134144F62062F0
:108F600002FB03F307EE903AF8EEE77A86EEA77A73
:108F700017EE100AE7F790FA65A3D3E90023E7F7A5
:108F80000DFC02460B4610461946E7F7D5FD034691
:108F90007B60644B1B7807EE903AB8EEE77AD7ED2A
:108FA000017A67EE277ADFED606A87EEA67A5A4B80
:108FB0001B8807EE903AF8EEE77A67EE277AC7ED5E
:108FC000007AD7ED007AF0EEE77A9FED587AF4EE6A
:108FD000C77AF1EE10FA3DDB504B93ED047A4F4B1C
:108FE000D3ED037A77EE677A4C4BC3ED057A4B4BA2
:108FF000D3ED057AF0EEE77A17EE900AE7F74CFA30
:1090000004460D46D7ED007AF0EEE77A17EE900AA7
:10901000E7F742FA4FF00002454BE7F795FA0246B0
:109020000B4620462946E7F701FD0346002B06D0F4
:10903000404B1B780133DAB23E4B1A7002E03D4BD5
:1090400000221A70354B1B69344AD360324B002220
:109050001A8009E0D7ED007AF5EE407AF1EE10FAC9
:1090600002D12D4B00221A802C4B93F88D30002B0F
:109070000FD0314B1B78002B0BD1304B1B78002BC2
:1090800007D12F4B1B78002B03D12E4B1B78002BC5
:1090900002D0284B00221A70264B1B780A2B2BD9A2
:1090A0001E4B5B7F002B24D11C4B01225A77264B91
:1090B0001B680021184606F0A4F90346234A1360F2
:1090C000224B1B6802221A70204B1B689B225A708D
:1090D0001E4B1B6800225A601B4B1B681B4A126800
:1090E0001146184606F0A2F9FFF780FE184B012240
:1090F0001A70104B00221A700A4B1B789BB219464B
:109100001448EDF7CFFC00BF0837BD46B0BD00BF27
:109110000E1478279F5EF63F9C5A00205C55002075
:10912000008076404C05002000007A440000E13DBC
:109130000000E03F9E5A0020C8560020C256002082
:10914000C3560020C7560020486E0020E456002079
:10915000CC5600200044014080B400AF074BDB78C0
:109160000B2B05D0064B1B780133DAB2044B1A7077
:1091700000BFBD465DF8047B704700BF5C55002012
:10918000CF560020B0B582B000AF00237B60002333
:109190003B603B684E4A98183B68C3F164014D4BF5
:1091A0001B684D4A12F052FB78603A687B681344A2
:1091B0003B603B68464A1344484A1C46134607CB6B
:1091C00020606160A2601A889B78A281A3733B68CB
:1091D0000F333B603B683E4A9C18414B9B781A46D4
:1091E000404B53F822503E4B9B781A463D4B53F868
:1091F00022301846E7F77CFE03461A4629462046E9
:1092000012F094FB364B9B781A46364B53F82230BB
:109210001846E7F76DFE02463B6813443B603B6827
:109220002B4A1344304A106818603B6804333B6093
:109230003B68274A9C182A4BDB781A46294B53F87F
:109240002250274BDB781A46264B53F8223018461B
:10925000E7F74EFE03461A462946204612F066FB03
:109260001F4BDB781A461F4B53F822301846E7F79E
:109270003FFE02463B6813443B603B685A1C3A6021
:10928000134A0D21D1543B685A1C3A60104A0A21F6
:10929000D1540F4A3B68134400221A70134B1B68C9
:1092A0000021184606F0ADF80346114A1360104B32
:1092B0001B68074A1A600D4B1B680D4A126811465D
:1092C000184606F0B3F800BF0837BD46B0BD00BF72
:1092D000FC56002098B40020B4CF0408BCCF04088A
:1092E0005C55002050050020CCCF04085C6E0020A7
:1092F000E8560020B0B582B000AF00237B600023A9
:109300003B603B68384A98183B68C3F13C01374BD7
:109310001B68374A12F09AFA78603A687B681344FF
:109320003B603B68304A1344324A1C4615460FCD19
:1093300020606160A260E3603B6810333B603B6883
:10934000294A98183B68C3F13C012B4BD3F8943061
:109350002A4A12F07BFA78603A687B6813443B60D3
:109360003B68214A1344264A106818603B6804335E
:109370003B603B681C4A98183B68C3F13C011E4B9C
:10938000D3F898301D4A12F061FA78603A687B6829
:1093900013443B603B685A1C3A60134A0D21D15478
:1093A0003B685A1C3A60104A0A21D1540E4A3B6865
:1093B000134400221A70134B1B680021184606F054
:1093C00020F80346104A13600F4B1B68064A1A60C8
:1093D0000C4B1B680C4A12681146184606F026F81A
:1093E00000BF0837BD46B0BD6057002098B40020CC
:1093F000B4CF0408D4CF04085C550020E8CF04089B
:10940000CCCF04085C6E0020E856002090B587B0F1
:1094100000AF00237B6100237B6000233B600023BF
:109420007B6121E17B69072B6AD801A252F823F006
:1094300051940308679403087D94030893940308E8
:10944000A9940308BF940308D5940308EB94030878
:109450008A4BD3F8A0303B61884BD3F8C830FB600F
:10946000874BBB604CE0854BD3F8A4303B61834B0A
:10947000D3F8CC30FB60834BBB6041E07F4BD3F82B
:10948000A8303B617D4BD3F8D030FB607E4BBB6096
:1094900036E07A4BD3F8AC303B61784BD3F8D4301C
:1094A000FB607A4BBB602BE0744BD3F8B0303B6170
:1094B000724BD3F8D830FB60754BBB6020E06F4B2C
:1094C000D3F8B4303B616D4BD3F8DC30FB60714BAB
:1094D000BB6015E0694BD3F8B8303B61674BD3F8FC
:1094E000E030FB606C4BBB600AE0644BD3F8BC30EF
:1094F0003B61624BD3F8E430FB60684BBB6000BF5C
:1095000000237B6000233B603A69FB689A4200F0CD
:10951000A8807A6913461B019B1A9B003A68134482
:109520005F4A98183B68C3F13C015E4B1B685E4A7A
:1095300012F08CF978603A687B6813443B607A6972
:1095400013461B019B1A9B003A681344544A9C180B
:10955000B868E7F7CDFC03461A46B968204612F012
:10956000E5F9B868E7F7C4FC02463B6813443B6082
:109570007A6913461B019B1A9B003A681344484AB8
:1095800098183B68C3F13C013B69484A12F05EF908
:1095900078603A687B6813443B607A6913461B0124
:1095A0009B1A9B003A6813443D4A1344404A106892
:1095B00018603B6804333B607A6913461B019B1AB1
:1095C0009B003A681344364A98183B68C3F13C0143
:1095D000FB68364A12F03AF978603A687B681344BF
:1095E0003B603A68531C3B602D4879690B461B0170
:1095F0005B1A9B00034413440D221A703A68531CF3
:109600003B60274879690B461B015B1A9B000344AA
:1096100013440A221A7022497A6913461B019B1AC5
:109620009B00CA183B68134400221A70214B1B6828
:109630000021184605F0E5FE03461F4A13601E4B45
:1096400019687A6913461B019B1A9B00144A13443C
:109650000B60184B1B68184A12681146184605F033
:10966000E5FE7B6901337B617B69072B7FF7DAAE0F
:1096700000BF00BF1C37BD4690BD00BF5C55002039
:10968000ECCF0408F8CF040800D0040808D0040880
:1096900010D0040818D0040820D0040828D00408EA
:1096A0009C57002098B40020B4CF0408E8CF0408E9
:1096B000CCCF04085C6E0020E856002080B582B054
:1096C00000AF00237B6000233B603B68384A98185A
:1096D0003B68C3F13C01374B1B68374A12F0B6F8C0
:1096E00078603A687B6813443B603B68304A1344B7
:1096F000324A106818609188927999809A713B6813
:1097000007333B603B685A1C3A60294A2F21D154E9
:109710003B68274A98183B68C3F13C01284B1B78EB
:10972000284A12F093F878603A687B6813443B60EB
:109730003B685A1C3A601E4A2F21D1543B681C4A90
:1097400098183B68C3F13C011F4B1B681F4A12F07D
:109750007DF878603A687B6813443B603B685A1C2C
:109760003A60134A0D21D1543B685A1C3A60104AA2
:109770000A21D1540E4A3B68134400221A70144B3C
:109780001B680021184605F03CFE0346114A136091
:10979000104B1B68064A1A600D4B1B680D4A126875
:1097A0001146184605F042FE00BF0837BD4680BD91
:1097B0007C59002098B40020B4CF040830D00408AD
:1097C000F456002038D00408F856002040D0040891
:1097D0005C6E0020E856002080B582B000AF002308
:1097E0003B6000237B607B68754A98187B68C3F1F7
:1097F0006401744B1B68744A12F028F838607A6868
:109800003B6813447B60714B93F88E30012B0BD176
:109810007B686B4A13446E4A1068186012791A719B
:109820007B6805337B600BE07B68654A13446949BC
:109830001A460B4603CB106051607B6808337B608F
:109840007B685A1C7A605E4A2F21D1547B685C4A3F
:1098500098187B68C3F164015C4BD3ED047A9FEDEB
:109860005E7A67EE877AFDEEE77A17EE903A5B4A0A
:1098700011F0ECFF38607A683B6813447B607B68CA
:109880005A1C7A604E4A2F21D154504B5B6C002BEE
:1098900017DA7B685A1C7A60494A2D21D1547B68BB
:1098A000474A98187B68C3F16401484B5B6C5B4284
:1098B0004A4A11F0CBFF38607A683B6813447B60FA
:1098C0000FE07B683E4A98187B68C3F164013F4B08
:1098D0005B6C424A11F0BAFF38607A683B68134407
:1098E0007B607B685A1C7A60354A2F21D154374BF4
:1098F000D3F89430002B18DA7B685A1C7A60304A0F
:109900002D21D1547B682E4A98187B68C3F16401DD
:109910002E4BD3F894305B42304A11F097FF3860F9
:109920007A683B6813447B6010E07B68244A98188F
:109930007B68C3F16401254BD3F89430274A11F0BA
:1099400085FF38607A683B6813447B607B685A1CEB
:109950007A601B4A2F21D1541C4BDB6C002B3FDA61
:109960007B685A1C7A60164A2D21D1547B68144AB0
:1099700098187B68C3F16401144BDB6C5B42174A97
:1099800011F064FF38607A683B6813447B607B6841
:109990005A1C7A600A4A2F21D1547B68084A9818C9
:1099A0007B68C3F16401094BD3F8A8305B420B4AD2
:1099B00011F04CFF38607A683B6813447B6036E0F6
:1099C000B859002098B40020B4CF04085C5500209A
:1099D00048D0040850D004080000C842E8CF04086A
:1099E0007B68624A98187B68C3F16401604BDB6C4A
:1099F000604A11F02BFF38607A683B6813447B6043
:109A00007B685A1C7A60594A2F21D1547B68574A87
:109A100098187B68C3F16401554BD3F8A830554AB8
:109A200011F014FF38607A683B6813447B607B68F0
:109A30005A1C7A604D4A2F21D1547B684B4A9818A2
:109A40007B68C3F164014A4BD3F8F030494A11F006
:109A5000FDFE38607A683B6813447B607B685A1C63
:109A60007A60424A2F21D1547B68404A98187B681B
:109A7000C3F164013E4BD3ED0D7A9FED3F7A67EE63
:109A8000877AFDEEE77A17EE903A3A4A11F0DEFE59
:109A900038607A683B6813447B607B685A1C7A6044
:109AA000324A2F21D1547B68304A98187B68C3F121
:109AB00064012F4BD3ED0E7A9FED2F7A67EE877AF4
:109AC000FDEEE77A17EE903A2A4A11F0BFFE3860B1
:109AD0007A683B6813447B607B685A1C7A60234A2F
:109AE0002F21D1547B68214A98187B68C3F1640107
:109AF0001F4BD3ED0C7A9FED207A67EE877AFDEE4F
:109B0000E77A17EE903A1B4A11F0A0FE38607A68A7
:109B10003B6813447B607B685A1C7A60134A0D21B2
:109B2000D1547B685A1C7A60104A0A21D1540F4ADA
:109B30007B68134400221A70104B1B6800211846E2
:109B400005F05FFC03460E4A13600D4B1B68074A85
:109B50001A600A4B1B680A4A12681146184605F03B
:109B600065FC00BF0837BD4680BD00BFB859002066
:109B70005C550020E8CF040800007A445C6E0020A9
:109B8000E856002080B584B000AF78600023BB6049
:109B90000023FB607B68002B03D07B68012B37D050
:109BA00099E0FB684D4A9818FB68C3F140014C4BA3
:109BB0001B684C4A11F04AFEB860FA68BB6813444F
:109BC000FB60FB685A1CFA60444A0D21D154FB68C3
:109BD0005A1CFA60414A0A21D154404AFB68134496
:109BE00000221A70404B1B680021184605F009FC42
:109BF00003463E4A13603D4B1B68384A1A603A4B95
:109C00001B683A4A12681146184605F00FFC62E0DC
:109C1000374B1B78002B0BD0FB68364A1344364A6F
:109C20001068186012791A71FB680533FB601BE03D
:109C3000324B1B78002B0BD0FB682E4A1344304A62
:109C40001068186012791A71FB680533FB600BE02D
:109C5000FB68284A13442B491A460B4603CB106075
:109C60005160FB680833FB60FB68224A9818FB6868
:109C7000C3F14001244B9B6F244A11F0E7FDB8600B
:109C8000FA68BB681344FB60FB685A1CFA60194A07
:109C90000D21D154FB685A1CFA60164A0A21D1548E
:109CA000144AFB68134400221A700F4B1B680021F2
:109CB000184605F0A6FB03460C4A13600B4B1B68C5
:109CC0000C4A1A60084B1B68084A1268114618466D
:109CD00005F0ACFB00BF1037BD4680BD1C5A00200C
:109CE00098B40020B4CF04085C6E0020E856002031
:109CF000C85600205C5A00205CD00408C7560020DB
:109D000064D004086CD004085C550020E8CF040837
:109D1000B0B592B002AF78610123FB63ECF7BCF8F9
:109D2000EAF73EFAE9F776FA7548ECF71DFE754852
:109D3000ECF71AFE744B1B680021184605F061FB16
:109D40000346724A1360714B1B6803221A706F4BF3
:109D50001B6800225A706C4B1B686C4A12681146D3
:109D6000184605F063FB5EE0674BD968684C3B46DC
:109D70000022184605F098FB3B4693E8070084E86C
:109D80000700634B1B68202B4DD1614B5B68614A18
:109D90001360604B1B685B78022B38D0022B39DBD9
:109DA000AD2B37DCA92B35DBA93B042B32D801A224
:109DB00052F823F0C99D0308D79D0308E59D0308C9
:109DC000F39D0308019E0308524B1B685B68DAB2DF
:109DD000514B1A701FE04F4B1B685B68DAB24F4B58
:109DE0001A7018E04B4B1B685B68DAB24C4B1A7068
:109DF00011E0484B1B685B689AB24A4B1A800AE034
:109E0000444B1B685B689AB2474B1A8003E00023FF
:109E1000FB6300E000BF3C4BDB683E4A1268114622
:109E2000184605F0B5FBFB6B002B9DD13A4B1B7818
:109E30001846ECF757F93B4B1B8819463048ECF7AE
:109E400031FE394B1B8819462E48ECF72BFE2E4B62
:109E5000D9682F4C3B460022184605F025FB3B46AF
:109E600093E8070084E80700294B1B68202B40F08B
:109E70008380274B5B68274A1360264B1B685B78FF
:109E8000032B53D0032B6FDBC72B6DDCC32B6BDB9A
:109E9000C33B042B68D801A252F823F0B19E0308FB
:109EA000C99E0308D79E0308E59E0308F39E030896
:109EB000184B1B685B68DAB2174B1A70164B1B788D
:109EC0001846ECF70FF94FE0124B1B685B68DAB2EB
:109ED000124B1A7048E00F4B1B685B68DAB2104BEC
:109EE0001A7041E00B4B1B685B689AB20D4B1A80ED
:109EF0003AE0084B1B685B689AB20B4B1A8033E060
:109F00000010004000140040486E0020B85A0020A5
:109F1000A85A0020B45A00208205002083050020A2
:109F2000840500208005002086050020AC4B1B68BE
:109F30000021184605F065FA0346AA4A1360A94BAA
:109F40001B6803221A70A74B1B6804225A70A54B8A
:109F50001B6800225A60A24B1B68A24A1268114675
:109F6000184605F063FA00BF9D4BDB689E4A1268F5
:109F70001146184605F00CFB9C4B1B78002B00F09B
:109F8000258207F138031846ECF7D4F8944B1B6888
:109F90000021184605F035FA0346924A1360914BAA
:109FA0001B6803221A708F4B1B68AE225A70D7EDC4
:109FB0000E7AB2EE047A67EE877A8A4B1B68FDEE62
:109FC000E77A17EE902A5A60854B1B68854A12681B
:109FD0001146184605F02AFA07F130031846ECF747
:109FE000C7F97F4B1B680021184605F00AFA0346A3
:109FF0007C4A13607B4B1B6803221A70794B1B68E9
:10A00000AF225A70D7ED0C7AB2EE047A67EE877AF7
:10A01000744B1B68FDEEE77A17EE902A5A60704B7E
:10A020001B68704A12681146184605F0FFF907F1DF
:10A0300034031846ECF7E4F8694B1B680021184616
:10A0400005F0DFF90346674A1360664B1B6803227D
:10A050001A70644B1B68B0225A70D7ED0D7AB2EEBD
:10A06000047A67EE877A5F4B1B68FDEEE77A17EE9E
:10A07000902A5A605A4B1B685A4A12681146184671
:10A0800005F0D4F95A4B1B7807EE903AB8EEE77A10
:10A09000D7ED0E7AB4EEE77AF1EE10FA1DD5504BFB
:10A0A0001B680021184605F0ACF903464D4A1360C1
:10A0B0004C4B1B6803221A704A4B1B68B7225A701C
:10A0C000484B1B6800225A60454B1B68454A126882
:10A0D0001146184605F0AAF953E0BB6B1846E6F79F
:10A0E000DBF904460D46424B1B781846E6F7C2F9E9
:10A0F00039A3D3E90023E6F727FA02460B462046A8
:10A100002946E6F7B1FC0346002B1DD0344B1B68F3
:10A110000021184605F075F90346324A1360314BA9
:10A120001B6803221A702F4B1B68B8225A702D4BE4
:10A130001B6800225A602A4B1B682A4A1268114683
:10A14000184605F073F91CE0254B1B6800211846E2
:10A1500005F057F90346234A1360224B1B6803227C
:10A160001A70204B1B68B9225A701E4B1B680022C4
:10A170005A601B4B1B681B4A12681146184605F0B3
:10A1800055F91C4B1B7807EE903AB8EEE77AD7EDFD
:10A190000C7AB4EEE77AF1EE10FA2DD5104B1B686D
:10A1A0000021184605F02DF903460E4A13600D4BA9
:10A1B0001B6803221A700B4B1B68BA225A70094B9A
:10A1C0001B6800225A60064B1B68064A126811463B
:10A1D000184605F02BF963E0CDCCCCCCCCCCEC3FD1
:10A1E000486E0020B85A0020B45A00209F5A002020
:10A1F00082050020830500203B6B1846E6F74CF9EA
:10A2000004460D465A4B1B781846E6F733F956A319
:10A21000D3E90023E6F798F902460B462046294683
:10A22000E6F722FC0346002B1DD0524B1B68002191
:10A23000184605F0E6F803464F4A13604E4B1B687C
:10A2400003221A704C4B1B68BB225A704A4B1B6886
:10A2500000225A60474B1B68474A1268114618464D
:10A2600005F0E4F81CE0434B1B680021184605F09C
:10A27000C8F80346404A13603F4B1B6803221A701C
:10A280003D4B1B68BC225A703B4B1B6800225A6036
:10A29000384B1B68384A12681146184605F0C6F854
:10A2A000364B1B7807EE903AB8EEE77AD7ED0D7A89
:10A2B000B4EEE77AF1EE10FA1DD52E4B1B680021A3
:10A2C000184605F09EF803462B4A13602A4B1B687C
:10A2D00003221A70284B1B68BD225A70264B1B683C
:10A2E00000225A60234B1B68234A12681146184605
:10A2F00005F09CF861E07B6B1846E6F7CDF8044664
:10A300000D461E4B1B781846E6F7B4F816A3D3E9A2
:10A310000023E6F719F902460B4620462946E6F7E0
:10A32000A3FB0346002B2BD0124B1B6800211846C1
:10A3300005F067F80346104A13600F4B1B680322B1
:10A340001A700D4B1B68BE225A700B4B1B68002203
:10A350005A60084B1B68084A12681146184605F0F7
:10A3600065F82AE0AFF30080CDCCCCCCCCCCEC3F70
:10A3700083050020486E0020B85A00208405002084
:10A38000B14B1B680021184605F03BF80346AF4A65
:10A390001360AE4B1B6803221A70AC4B1B68BF22C4
:10A3A0005A70AA4B1B6800225A60A74B1B68A74A29
:10A3B00012681146184605F039F8A54B00221A70AC
:10A3C000A44B1B881946A448ECF76CFBA34B1B78E5
:10A3D000002B1FD09C4B1B680021184605F011F87C
:10A3E00003469A4A1360994B1B6803221A70974BD5
:10A3F0001B68B7225A70954B1B6800225A60924B1B
:10A400001B68924A12681146184605F00FF8934BE4
:10A4100000221A70924B1B78002B00F0FE8007F18F
:10A42000200407F1240207F1280107F12C0007F1AD
:10A430001803019307F11C0300932346E9F72CFF4F
:10A44000814B1B680021184604F0DBFF03467F4A5E
:10A4500013607E4B1B6803221A707C4B1B68B12271
:10A460005A70D7ED087AB2EE047A67EE877A774BA6
:10A470001B68FDEEE77A17EE902A5A60724B1B6854
:10A48000724A12681146184604F0D0FF6E4B1B68E2
:10A490000021184604F0B5FF03466C4A13606B4B6D
:10A4A0001B6803221A70694B1B68B2225A70D7EDE1
:10A4B000077AB2EE047A67EE877A644B1B68FDEE8A
:10A4C000E77A17EE902A5A605F4B1B685F4A126862
:10A4D0001146184604F0AAFF5B4B1B680021184682
:10A4E00004F08FFF0346594A1360584B1B68032240
:10A4F0001A70564B1B68B3225A70D7ED067AB2EE2B
:10A50000047A67EE877A514B1B68FDEEE77A17EE07
:10A51000902A5A604C4B1B684C4A126811461846E8
:10A5200004F084FF484B1B680021184604F069FFC3
:10A530000346464A1360454B1B6803221A70434B7F
:10A540001B68B4225A70D7ED0B7A9FED467A67EEFE
:10A55000877A3E4B1B68FDEEE77A17EE902A5A6029
:10A56000394B1B68394A12681146184604F05EFFE1
:10A57000354B1B680021184604F043FF0346334A5D
:10A580001360324B1B6803221A70304B1B68B522D4
:10A590005A70D7ED0A7A9FED337A67EE877A2B4BA4
:10A5A0001B68FDEEE77A17EE902A5A60264B1B686F
:10A5B000264A12681146184604F038FF224B1B68E1
:10A5C0000021184604F01DFF0346204A13601F4B6C
:10A5D0001B6803221A701D4B1B68B6225A70D7EDF8
:10A5E000097A9FED207A67EE877A184B1B68FDEE9B
:10A5F000E77A17EE902A5A60134B1B68134A1268C9
:10A600001146184604F012FF154B00221A70164B23
:10A610001B8819461548ECF745FA154B1B78002B9B
:10A6200037D0094B1B680021184604F0EAFE0346A8
:10A63000064A1360054B1B6803221A70034B1B6804
:10A64000C0225A7016E000BF486E0020B85A0020A1
:10A650009F5A00208005002000100040A05A0020D2
:10A66000A15A002000401C4686050020001400402E
:10A67000A25A0020384B1B6800225A60374B1B68D7
:10A68000354A12681146184604F0D0FE344B0022B9
:10A690001A70344B1B78002B1FD0304B1B680021E5
:10A6A000184604F0AEFE03462B4A13602A4B1B6883
:10A6B00003221A70284B1B68C1225A70264B1B6854
:10A6C00000225A60254B1B68234A1268114618461F
:10A6D00004F0ACFE234B00221A70234B1B78002B96
:10A6E0001FD01E4B1B680021184604F08AFE03464B
:10A6F000194A1360184B1B6803221A70164B1B680B
:10A70000C2225A70144B1B6800225A60134B1B68FC
:10A71000114A12681146184604F088FE124B0022B6
:10A720001A70124B1A88124B1B889A4207D9104B89
:10A730001B88104AA2FB03239B089BB206E00B4B2D
:10A740001B880C4AA2FB03239B089BB2184603F00C
:10A7500033FFFFF77CBB00BFB85A0020486E0020D3
:10A76000A25A0020A35A0020A45A002080050020ED
:10A7700086050020CDCCCCCC80B400AF034B0122A9
:10A780001A7000BFBD465DF8047B70479F5A0020D9
:10A7900080B400AF034B01221A7000BFBD465DF8C4
:10A7A000047B7047A05A002080B400AF034B012205
:10A7B0001A7000BFBD465DF8047B7047A15A0020A7
:10A7C00080B400AF034B01221A7000BFBD465DF894
:10A7D000047B7047A25A002080B400AF034B0122D3
:10A7E0001A7000BFBD465DF8047B7047A45A002074
:10A7F00080B485B000AFF860B9607A60FB68074A42
:10A800001A60BB68064A1A607B6880221A6000BF23
:10A810001437BD465DF8047B704700BFBC5A00206A
:10A82000105B0020B0B5CCB000AF07F58E730022EE
:10A830001A605A609A60DA601A61E8F791FC05F0D4
:10A8400019FF00F025FA07F59873A3F58A73002223
:10A850001A60C44B1B6BC34A43F080031363C14BA4
:10A860001B6B03F0800207F59873A3F58A731A60D7
:10A8700007F59873A3F58A731B6807F59873A3F51A
:10A880008C7300221A60B74B1B6BB64A43F001036E
:10A890001363B44B1B6B03F0010207F59873A3F528
:10A8A0008C731A6007F59873A3F58C731B6807F512
:10A8B0009873A3F58E7300221A60AA4B1B6BA94AEA
:10A8C00043F002031363A74B1B6B03F0020207F56F
:10A8D0009873A3F58E731A6007F59873A3F58E73BA
:10A8E0001B6807F59873A3F5907300221A609D4BBF
:10A8F0001B6B9C4A43F0040313639A4B1B6B03F0DE
:10A90000040207F59873A3F590731A6007F598731E
:10A91000A3F590731B6807F59873A3F59273002253
:10A920001A60904B1B6B8F4A43F0080313638D4BE7
:10A930001B6B03F0080207F59873A3F592731A6076
:10A9400007F59873A3F592731B6807F59873A3F541
:10A95000947300221A60834B1B6B824A43F01003EE
:10A960001363804B1B6B03F0100207F59873A3F57C
:10A9700094731A6007F59873A3F594731B6807F531
:10A980009873A3F5967300221A60764B1B6B754A79
:10A9900043F480031363734B1B6B03F4800207F5CE
:10A9A0009873A3F596731A6007F59873A3F59673D9
:10A9B0001B6807F59873A3F5987300221A60694B1A
:10A9C0001B6B684A43F400131363664B1B6B03F461
:10A9D000001207F59873A3F598731A6007F598733A
:10A9E000A3F598731B68604B00221A605F4B00222E
:10A9F0001A605F4B00221A605E4B00221A605E4BA9
:10AA000000221A605D4B00221A605D4B00221A6022
:10AA10005C4B00221A605C4B00221A605B4B0022E8
:10AA20001A605B4B00221A605A4B00221A605A4B84
:10AA300000221A601023C7F80C311423C7F8103114
:10AA400007F58C73C7F8143107F586730021184693
:10AA500004F07FFC0346514A136007F5867300211A
:10AA6000184604F076FC03464D4A13604023C7F8AD
:10AA7000FC300C23C7F8003107F58473C7F80431A4
:10AA800007F1FC030021184604F063FC0346454A25
:10AA900013601023C7F8EC300C23C7F8F03007F12F
:10AAA000F803C7F8F43007F1EC030021184604F06E
:10AAB00050FC03463B4A53602023C7F8DC300C238C
:10AAC000C7F8E03007F1E803C7F8E43007F1DC032A
:10AAD0000021184604F03DFC0346324A93601023DF
:10AAE000C7F8CC300C23C7F8D03007F1D803C7F82B
:10AAF000D43007F1CC030021184604F02AFC0346A9
:10AB0000284AD3601023C7F8BC300C23C7F8C030E4
:10AB100007F1C803C7F8C43007F1BC030021184689
:10AB200004F017FC03461F4A13610823C7F8AC3032
:10AB30000423C7F8B03007F1B803C7F8B43007F101
:10AB4000AC030021184604F004FC0346164A1360C7
:10AB5000164B07F190041D460FCD0FC495E8070072
:10AB600026E000BF0038024008650020BC650020D8
:10AB70007066002024670020D86700208C680020C1
:10AB800040690020F4690020A86A00205C6B002066
:10AB9000106C0020C46C0020786D0020406E0020F6
:10ABA000446E0020486E00205C6E0020B0D0040887
:10ABB00084E8070007F190030021184604F069FAC1
:10ABC00003462A4A13602A4B07F174041D460FCD31
:10ABD0000FC495E8070084E8070007F1740300211B
:10ABE000184604F056FA0346224A1360224B07F136
:10ABF00058041D460FCD0FC495E8070084E80700F0
:10AC000007F158030021184604F043FA03461B4A93
:10AC100013601B4B07F13C041D460FCD0FC495E894
:10AC2000070084E8070007F13C030021184604F000
:10AC300030FA0346134A136007F59873A3F5887337
:10AC4000114A1C4615460FCD0FC495E8070084E84D
:10AC5000070007F120030021184604F01AFA034602
:10AC60000A4A136004F00EFAFEE700BF2C6E0020C3
:10AC7000CCD00408306E0020E8D00408346E0020E8
:10AC800004D10408386E002020D104083C6E002056
:10AC900080B598B000AF07F130033022002118468C
:10ACA00010F0CCFD07F11C0300221A605A609A6074
:10ACB000DA601A6107F10C0300221A605A609A6088
:10ACC000DA600023BB60314B1B6C304A43F0805389
:10ACD00013642E4B1B6C03F08053BB60BB680023D6
:10ACE0007B602B4B1B682A4A43F480431360284B3C
:10ACF0001B6803F480437B607B6809233B634FF44C
:10AD000080337B6301237B640223BB644FF48003A5
:10AD1000FB640A233B65A8237B650223BB650723ED
:10AD2000FB6507F1300318460CF0A2FB0346002B2D
:10AD300001D000F077F80F23FB6102233B62002370
:10AD40007B624FF4A053BB624FF4A053FB6207F148
:10AD50001C03052118460CF003FE0346002B01D00E
:10AD600000F060F80223FB604FF40073BB6107F151
:10AD70000C0318460CF0F2FF0346002B01D000F044
:10AD800051F800BF6037BD4680BD00BF00380240AB
:10AD90000070004080B582B000AF78607B681B68AF
:10ADA000194A934201D105F087FC7B681B68174A5A
:10ADB000934201D1FFF7E0FC7B681B68144A934281
:10ADC00001D1FFF7F1FC7B681B68124A934201D165
:10ADD000FEF78EF87B681B680F4A934201D1FEF79D
:10ADE0008DF87B681B680D4A934201D1FEF794F8F9
:10ADF0007B681B680A4A934201D1F0F73DFB00BF14
:10AE00000837BD4680BD00BF000C00400010004068
:10AE10000014004000040140004001400044014093
:10AE20000048014080B400AF72B600BFFEE70000EA
:10AE300080B582B000AF00237B60164B5B6C154A77
:10AE400043F480435364134B5B6C03F480437B6097
:10AE50007B6800233B600F4B1B6C0E4A43F0805312
:10AE600013640C4B1B6C03F080533B603B68002267
:10AE70000F216FF0010007F01CFA002205210420C9
:10AE800007F017FA042007F030FA00BF0837BD4674
:10AE900080BD00BF0038024080B58AB000AF786046
:10AEA00007F1140300221A605A609A60DA601A618E
:10AEB0007B681B68334A93425FD100233B61324B6E
:10AEC0005B6C314A43F4807353642F4B5B6C03F427
:10AED00080733B613B690023FB602B4B1B6B2A4A51
:10AEE00043F001031363284B1B6B03F00103FB606A
:10AEF000FB6801237B610323BB610023FB6107F136
:10AF000014031946214808F07DF9214B214A1A60A3
:10AF10001F4B00225A601E4B00229A601C4B0022DD
:10AF2000DA601B4B4FF480621A61194B4FF4805268
:10AF30005A61174B4FF480429A61154B4FF480725F
:10AF4000DA61134B00221A62114B00225A62104838
:10AF500007F0ECF90346002B01D0FFF763FF7B6895
:10AF60000B4A9A630A4A7B689363002205211220E8
:10AF700007F09FF9122007F0B8F900BF2837BD4647
:10AF800080BD00BF002001400038024000000240A8
:10AF9000745D00207064024080B58AB000AF7860B4
:10AFA00007F1140300221A605A609A60DA601A618D
:10AFB0007B681B68294A93424BD100233B61284B95
:10AFC0001B6C274A43F000731364254B1B6C03F082
:10AFD00000733B613B690023FB60214B1B6B204AE4
:10AFE00043F0080313631E4B1B6B03F00803FB6065
:10AFF000FB6803237B610223BB610023FB61002309
:10B000003B6209237B6207F114031946154808F0D7
:10B01000F9F800220521132007F04BF9132007F05F
:10B0200064F900220521142007F043F9142007F0E9
:10B030005CF900220521152007F03BF9152007F0E7
:10B0400054F900220521162007F033F9162007F0E5
:10B050004CF900BF2837BD4680BD00BF00640040EA
:10B0600000380240000C024080B58EB000AF78601E
:10B0700007F1240300221A605A609A60DA601A61AC
:10B080007B681B687E4A934240F0918000233B62BC
:10B090007C4B1B6B7B4A43F002031363794B1B6BA6
:10B0A00003F002033B623B6AC0237B621223BB6254
:10B0B0000023FB6200233B6304237B6307F124032B
:10B0C0001946714808F09EF80023FB616D4B1B6C1C
:10B0D0006C4A43F4001313646A4B1B6C03F40013B3
:10B0E000FB61FB69694B6A4A1A60684B4FF000725A
:10B0F0005A60664B00229A60644B0022DA60634B10
:10B100004FF480621A61614B00225A615F4B00224A
:10B110009A615E4B0022DA615C4B00221A625B4B43
:10B1200000225A62594807F001F90346002B01D06A
:10B13000FFF778FE7B68554A9A63544A7B689363AD
:10B14000544B554A1A60534B4FF000725A60514BA2
:10B1500040229A604F4B0022DA604E4B4FF48062DF
:10B160001A614C4B00225A614A4B00229A61494BAA
:10B170000022DA61474B00221A62464B00225A62D3
:10B18000444807F0D3F80346002B01D0FFF74AFEEE
:10B190007B68404A5A633F4A7B68936300220521DB
:10B1A0001F2007F086F81F2007F09FF832E17B6828
:10B1B0001B683A4A934277D10023BB61314B1B6B2A
:10B1C000304A43F0020313632E4B1B6B03F0020360
:10B1D000BB61BB694FF440637B621223BB620023F7
:10B1E000FB6200233B6304237B6307F124031946BE
:10B1F000254808F007F800237B61224B1B6C214A8D
:10B2000043F4800313641F4B1B6C03F480037B61C6
:10B210007B69234B234A1A60214B4FF060625A60CE
:10B220001F4B00229A601E4B0022DA601C4B4FF429
:10B2300080621A611A4B00225A61194B00229A61EE
:10B24000174B0022DA61164B00221A62144B0022BF
:10B250005A62134807F06AF80346002B01D0FFF743
:10B26000E1FD7B680E4A9A630D4A7B689363002276
:10B270000521212007F01DF8212007F036F8C9E04C
:10B2800000540040003802400004024028600020C2
:10B290008860024088600020A060024000580040A2
:10B2A000E8600020586002407B681B685B4A93425C
:10B2B00040F0B08000233B61594B1B6B584A43F070
:10B2C00004031363564B1B6B03F004033B613B69A0
:10B2D0000023FB60524B1B6B514A43F00103136385
:10B2E0004F4B1B6B03F00103FB60FB684FF40073D3
:10B2F0007B621223BB620023FB6200233B630423B7
:10B300007B6307F124031946464807F07BFF4FF49F
:10B3100080737B621223BB620023FB6200233B63CA
:10B3200004237B6307F1240319463F4807F06AFFB3
:10B330000023BB603A4B1B6C394A43F4000313648F
:10B34000374B1B6C03F40003BB60BB68374B384AB8
:10B350001A60364B4FF0C0625A60344B00229A603C
:10B36000324B0022DA60314B4FF480621A612F4B6E
:10B3700000225A612D4B00229A612C4B0022DA6187
:10B380002A4B00221A62294B00225A62274806F0F3
:10B39000CDFF0346002B01D0FFF744FD7B68234A15
:10B3A0009A63224A7B689363224B234A1A60214B9B
:10B3B0004FF0C0625A601F4B40229A601D4B002222
:10B3C000DA601C4B4FF480621A611A4B00225A61FA
:10B3D000184B00229A61174B0022DA61154B0022AC
:10B3E0001A62144B00225A62124806F09FFF03466D
:10B3F000002B01D0FFF716FD7B680E4A5A630D4AF9
:10B400007B68936300220521482006F052FF482004
:10B4100006F06BFF00BF3837BD4680BD005C0040C2
:10B42000003802400008024000000240486100204D
:10B4300040600240A86100207060024080B58CB07E
:10B4400000AF786007F11C0300221A605A609A600E
:10B45000DA601A617B681B68964A934240F09180DB
:10B460000023BB61944B5B6C934A43F48053536459
:10B47000914B5B6C03F48053BB61BB6900237B6120
:10B480008D4B1B6B8C4A43F0010313638A4B1B6B80
:10B4900003F001037B617B69E023FB6102233B62D4
:10B4A00000237B620023BB620523FB6207F11C03C0
:10B4B0001946824807F0A6FE814B824A1A60804BEB
:10B4C0004FF0C0625A607E4B00229A607C4B002293
:10B4D000DA607B4B4FF480621A61794B00225A612B
:10B4E000774B00229A61764B0022DA61744B00227E
:10B4F0001A62734B00225A62714806F017FF034626
:10B50000002B01D0FFF78EFC7B686D4ADA646C4A31
:10B510007B6893636C4B6D4A1A606B4B4FF0C06253
:10B520005A60694B40229A60674B0022DA60664B92
:10B530004FF480621A61644B00225A61624B002210
:10B540009A61614B0022DA615F4B00221A625E4B06
:10B5500000225A625C4806F0E9FE0346002B01D047
:10B56000FFF760FC7B68584A9A64574A7B6893638C
:10B5700000220521232006F09CFE232006F0B5FEC4
:10B5800093E07B681B68524A934240F08E80002310
:10B590003B61494B1B6C484A43F400431364464BE0
:10B5A0001B6C03F400433B613B690023FB60424B8F
:10B5B0001B6B414A43F0020313633F4B1B6B03F0C9
:10B5C0000203FB60FB683823FB6102233B6200231C
:10B5D0007B620323BB620623FB6207F11C0319464F
:10B5E0003C4807F00FFE3C4B3C4A1A603A4B0022A5
:10B5F0005A60394B00229A60374B0022DA60364B92
:10B600004FF480621A61344B00225A61324B00229F
:10B610009A61314B0022DA612F4B00221A622E4BC5
:10B6200000225A622C4806F081FE0346002B01D00E
:10B63000FFF7F8FB7B68284ADA64274A7B68936344
:10B64000274B284A1A60264B00225A60244B40227E
:10B650009A60234B0022DA60214B4FF480621A611A
:10B660001F4B00225A611E4B00229A611C4B002284
:10B67000DA611B4B00221A62194B00225A621848E9
:10B6800006F054FE0346002B01D0FFF7CBFB7B688E
:10B69000134A9A64124A7B6893630022052133207F
:10B6A00006F007FE332006F020FE00BF3037BD460F
:10B6B00080BD00BF00300140003802400000024061
:10B6C0008863002010640240E86300205864024050
:10B6D000003C00400004024048640020106002402A
:10B6E000A8640020B860024080B582B000AF7860E6
:10B6F0007B681B681D4A934217D11D4B5B6C1C4A2B
:10B7000023F480535364E0211A4807F017FF7B6845
:10B71000DB6C184606F0B8FE7B689B6C184606F09A
:10B72000B3FE232006F0EFFD1BE07B681B68124A86
:10B73000934216D10E4B1B6C0D4A23F40043136445
:10B7400038210E4807F0FAFE7B68DB6C184606F0DD
:10B750009BFE7B689B6C184606F096FE332006F035
:10B76000D2FD00BF0837BD4680BD00BF003001409C
:10B770000038024000000240003C0040000402404B
:10B7800080B586B000AF78607B681B68384A93420A
:10B7900016D100237B61374B1B6C364A43F01003F4
:10B7A0001364344B1B6C03F010037B617B69002234
:10B7B0000521362006F07DFD362006F096FD52E08C
:10B7C0007B681B682C4A934216D100233B61294BAE
:10B7D0001B6C284A43F020031364264B1B6C03F0B8
:10B7E00020033B613B6900220521372006F061FD03
:10B7F000372006F07AFD36E07B681B681F4A9342CB
:10B8000016D10023FB601B4B5B6C1A4A43F4803358
:10B810005364184B5B6C03F48033FB60FB680022BD
:10B820000521182006F045FD182006F05EFD1AE0FF
:10B830007B681B68124A934215D10023BB600D4BF5
:10B840005B6C0C4A43F4003353640A4B5B6C03F4A7
:10B850000033BB60BB6800220521192006F029FDDA
:10B86000192006F042FD00BF1837BD4680BD00BF5D
:10B870000010004000380240001400400040014029
:10B880000044014080B584B000AF78607B681B68DD
:10B890000E4A934215D10023FB600D4B5B6C0C4AA2
:10B8A00043F0020353640A4B5B6C03F00203FB603A
:10B8B000FB68002205212C2006F0FBFC2C2006F062
:10B8C00014FD00BF1037BD4680BD00BF000401401D
:10B8D0000038024080B58CB000AF78600023FB6276
:10B8E0000023BB6200227968322006F0E2FC32209D
:10B8F00006F0FBFC0023FB601F4B1B6C1E4A43F051
:10B90000080313641C4B1B6C03F00803FB60FB680B
:10B9100007F1100207F11403114618460CF0ECF978
:10B920000CF0D6F903465B00FB62FB6A134AA2FBEC
:10B9300003239B0C013BBB62114B124A1A60104B54
:10B9400040F2E732DA600E4ABB6A53600C4B0022C9
:10B950001A610B4B00229A6009480DF053F8034618
:10B96000002B04D106480DF0A9F8034600E001239E
:10B9700018463037BD4680BD0038024083DE1B4389
:10B98000606E0020000C004080B400AFFEE780B481
:10B9900000AFFEE780B400AFFEE780B400AFFEE783
:10B9A00080B400AFFEE780B400AF00BFBD465DF8D5
:10B9B000047B704780B500AF07F016F900BF80BD6B
:10B9C00080B500AF02480AF01FFD00BF80BD00BF78
:10B9D00070AE002080B500AF012007F0C5FE00BFAB
:10B9E00080BD80B500AF022007F0BEFE00BF80BD65
:10B9F00080B500AF042007F0B7FE00BF80BD80B562
:10BA000000AF082007F0B0FE00BF80BD80B500AFDA
:10BA1000102007F0A9FE00BF80BD80B500AF202038
:10BA200007F0A2FE402007F09FFE802007F09CFE5A
:10BA30004FF4807007F098FE4FF4007007F094FE0A
:10BA400000BF80BD80B500AF4FF4806007F08CFE72
:10BA50004FF4006007F088FE4FF4805007F084FE3A
:10BA60004FF4005007F080FE4FF4804007F07CFE5A
:10BA700000BF80BD80B500AF024806F0DDFD00BF0D
:10BA800080BD00BF4864002080B400AF00BFBD4649
:10BA90005DF8047B7047000080B500AF024806F0F7
:10BAA000CBFD00BF80BD00BF4861002080B500AF66
:10BAB000024806F0C1FD00BF80BD00BFE860002065
:10BAC00080B500AF024806F0B7FD00BF80BD00BFE3
:10BAD000A861002080B500AF024806F0ADFD00BFB0
:10BAE00080BD00BF2860002080B500AF024806F08E
:10BAF000A3FD00BF80BD00BF8860002080B500AFFF
:10BB0000024806F099FD00BF80BD00BFA864002078
:10BB100080B500AF024806F08FFD00BF80BD00BFBA
:10BB20008863002080B400AF00BFBD465DF8047B91
:10BB3000704780B400AF00BFBD465DF8047B70471E
:10BB400080B500AF024806F077FD00BF80BD00BFA2
:10BB5000E863002080B500AF024806F06DFD00BF2D
:10BB600080BD00BF745D002080B400AF00BFBD4643
:10BB70005DF8047B704780B400AF00BFBD465DF840
:10BB8000047B704780B400AF00BFBD465DF8047B06
:10BB90007047000080B500AF024804F037FE00BFD8
:10BBA00080BD00BF105D002080B500AF024806F0E8
:10BBB00050F800BF80BD00BFD45D002080B500AF4D
:10BBC000024806F046F800BF80BD00BFD45D0020EB
:10BBD00080B500AF024806F03CF800BF80BD00BF52
:10BBE000D45D002080B500AF024806F032F800BFF7
:10BBF00080BD00BFD45D002080B500AF024806F0D4
:10BC000028F800BF80BD00BF385E002080B500AFBF
:10BC1000024806F01EF800BF80BD00BF385E00205D
:10BC200080B500AF024806F014F800BF80BD00BF29
:10BC3000385E002080B500AF024806F00AF800BF69
:10BC400080BD00BF385E002080B500AF024808F01C
:10BC5000CDFA00BF80BD00BF9C5E002080B500AF64
:10BC6000024808F0C3FA00BF80BD00BF205F00207B
:10BC700080B500AF024808F0B9FA00BF80BD00BF30
:10BC8000A45F002080B500AF02480CF039FB00BF74
:10BC900080BD00BF0862002080B500AF02480CF0F4
:10BCA0002FFB00BF80BD00BF8862002080B500AFC1
:10BCB00002480CF025FB00BF80BD00BF08630020D8
:10BCC00080B500AF02480DF0FDF800BF80BD00BF99
:10BCD000BC65002080B500AF02480DF0F3F800BF4E
:10BCE00080BD00BF7066002080B500AF02480DF037
:10BCF000E9F800BF80BD00BF2467002080B500AF19
:10BD000002480DF0DFF800BF80BD00BF606E00206C
:10BD100080B500AF02480DF0D5F800BF80BD00BF70
:10BD2000D867002080B500AF02480DF0CBF800BF07
:10BD300080BD00BF8C68002080B500AF02480DF0C8
:10BD4000C1F800BF80BD00BFF469002080B500AF1E
:10BD5000074B1B68002B02D005480DF0B3F8054BCC
:10BD60001B68002B02D003480DF0ACF800BF80BD6B
:10BD700008650020A86A002080B500AF02480DF0D9
:10BD8000A1F800BF80BD00BF5C6B002080B500AF94
:10BD900002480DF097F800BF80BD00BF106C002076
:10BDA00080B500AF074B1B68002B02D005480DF093
:10BDB00089F8054B1B68002B02D003480DF082F870
:10BDC00000BF80BD40690020C46C002080B500AF7A
:10BDD00002480DF077F800BF80BD00BF786D0020ED
:10BDE00080B586B000AF7860144A154BD31A7B61DA
:10BDF0007B693B61134B1B68002B02D1114B124A2C
:10BE00001A60104B1A687B6813443A699A4207D249
:10BE10000FF0CCFC03460C221A604FF0FF3309E010
:10BE2000084B1B68FB60074B1A687B681344054A84
:10BE30001360FB6818461837BD4680BD000002201D
:10BE400000040000146F0020D0B4002080B400AFC4
:10BE5000064BD3F88830054A43F47003C2F88830A3
:10BE600000BFBD465DF8047B704700BF00ED00E0F9
:10BE700080B584B000AF78600B46FB704FF407705C
:10BE800004F0B4FBF860FB68002B05D17B6800224E
:10BE9000C3F8BC22022366E07B68FA68C3F8BC22C0
:10BEA0007B681B7C002B19D14FF400730222812187
:10BEB000786804F078FA7B6801221A874FF40073DF
:10BEC00002220121786804F06EFA7B680122A3F84F
:10BED00078217B681022A3F84E2016E0402302222E
:10BEE0008121786804F05FFA7B6801221A87402379
:10BEF00002220121786804F056FA7B680122A3F837
:10BF000078217B681022A3F84E2008230322822187
:10BF1000786804F048FA7B680122A3F84C207B681B
:10BF2000D3F8C0321B689847FB680022C3F814227C
:10BF3000FB680022C3F818227B681B7C002B09D108
:10BF4000FB68D3F804224FF400730121786804F0F1
:10BF500019FB07E0FB68D3F804224023012178682D
:10BF600004F010FB002318461037BD4680BD80B595
:10BF700082B000AF78600B46FB708121786804F0D6
:10BF800038FA7B6800221A870121786804F031FAB8
:10BF90007B680022A3F878218221786804F029FACE
:10BFA0007B680022A3F84C207B680022A3F84E2077
:10BFB0007B68D3F8BC32002B0ED07B68D3F8C0323C
:10BFC0005B6898477B68D3F8BC32184604F01CFBCA
:10BFD0007B680022C3F8BC22002318460837BD4600
:10BFE00080BD000080B586B000AF786039607B68A6
:10BFF000D3F8BC323B6100237B7300237B81002399
:10C00000FB753B69002B01D10323AFE03B681B7834
:10C0100003F06003002B3FD0202B40F09F803B6853
:10C02000DB88002B2ED03B681B785BB2002B16DA26
:10C030007B68D3F8C0329B683A68507839693A68AF
:10C04000D28898473B68DB88072B28BF0723FB81F2
:10C050003B69FA891946786801F019FB85E03B686D
:10C060005A783B6983F800223B68DB88DAB23B6987
:10C0700083F8012239693B68DB881A46786801F049
:10C0800032FB72E07B68D3F8C0329B683A68507824
:10C0900000223968984768E03B685B780B2B52D8E0
:10C0A00001A252F823F000BFD9C0030855C103080C
:10C0B00047C1030847C1030847C1030847C1030834
:10C0C00047C1030847C1030847C1030847C1030824
:10C0D00003C103082DC103087B6893F89C32DBB2CF
:10C0E000032B07D107F10A0302221946786801F0F1
:10C0F000CEFA32E03968786801F058FA0323FB750C
:10C100002BE07B6893F89C32DBB2032B07D107F15D
:10C110000D0301221946786801F0B9FA1DE039686B
:10C12000786801F043FA0323FB7516E07B6893F807
:10C130009C32DBB2032B0FD03968786801F036FAF5
:10C140000323FB7508E03968786801F02FFA0323B0
:10C15000FB7502E000BF08E000BF06E039687868C0
:10C1600001F024FA0323FB7500BFFB7D1846183746
:10C17000BD4680BD80B584B000AF78600B46FB70D3
:10C180007B68D3F8C432FB607B68D3F8BC32002BE9
:10C1900001D103234FE07B68D3F8BC32BB60FA784F
:10C1A000796813469B0013449B000B4418331B68AB
:10C1B000002B29D0FA78796813469B0013449B0022
:10C1C0000B4418331A68F978F8680B46DB005B1AE1
:10C1D0009B00034444331B68B2FBF3F101FB03F300
:10C1E000D31A002B10D1FA78796813469B001344B8
:10C1F0009B000B44183300221A60F97800230022B8
:10C20000786804F09EF915E0BB680022C3F8142298
:10C210007B68D3F8C0321B69002B0BD07B68D3F846
:10C22000C0321B69BA68D2F80802BA6802F5047114
:10C23000FA789847002318461037BD4680BD80B570
:10C2400084B000AF78600B46FB707B68D3F8BC32DB
:10C25000FB607B68D3F8BC32002B01D1032315E0CF
:10C26000FB781946786804F0AEF90246FB68C3F81B
:10C270000C227B68D3F8C032DB68FA68D2F804027B
:10C28000FA6802F5037211469847002318461037E2
:10C29000BD4680BD80B584B000AF78607B68D3F8C0
:10C2A000BC32FB60FB68002B01D103231BE07B68E1
:10C2B000D3F8C032002B15D0FB6893F80032FF2B67
:10C2C00010D07B68D3F8C0329B68FA6892F80002FD
:10C2D000F968FA6892F8012292B29847FB68FF2247
:10C2E00083F80022002318461037BD4680BD0000A9
:10C2F00080B483B000AF78607B6843221A80034B20
:10C3000018460C37BD465DF8047B704714060020C4
:10C3100080B483B000AF78607B6843221A80034BFF
:10C3200018460C37BD465DF8047B7047D0050020E9
:10C3300080B483B000AF78607B6843221A80034BDF
:10C3400018460C37BD465DF8047B70475806002040
:10C3500080B483B000AF78607B680A221A80034BF8
:10C3600018460C37BD465DF8047B70478C050020ED
:10C3700080B483B000AF786039603B68002B01D196
:10C38000032304E07B683A68C3F8C0220023184600
:10C390000C37BD465DF8047B704780B487B000AFB2
:10C3A000F860B9607A60FB68D3F8BC327B617B6966
:10C3B000002B01D1032308E07B69BA68C3F8082287
:10C3C0007B697A68C3F81022002318461C37BD46E3
:10C3D0005DF8047B704780B485B000AF7860396049
:10C3E0007B68D3F8BC32FB60FB68002B01D10323D0
:10C3F00004E0FB683A68C3F80422002318461437A7
:10C40000BD465DF8047B704780B584B000AF7860AE
:10C410007B68D3F8BC32BB600123FB737B68D3F825
:10C42000BC32002B01D103231AE0BB68D3F81432CD
:10C43000002B14D1BB680122C3F81422BB68D3F8C7
:10C4400010227B68DA62BB68D3F80822BB68D3F895
:10C4500010328121786804F074F80023FB73FB7BB1
:10C4600018461037BD4680BD80B584B000AF7860F7
:10C470007B68D3F8BC32FB607B68D3F8BC32002BFE
:10C4800001D1032316E07B681B7C002B09D1FB68DC
:10C49000D3F804224FF400730121786804F072F895
:10C4A00007E0FB68D3F8042240230121786804F0F8
:10C4B00069F8002318461037BD4680BD80B586B0A8
:10C4C00000AFF860B9601346FB71FB68002B01D127
:10C4D00003231FE0FB680022C3F8B822FB68002298
:10C4E000C3F8C022FB680022C3F8CC22BB68002B33
:10C4F00003D0FB68BA68C3F8B422FB68012283F852
:10C500009C22FB68FA791A70F86803F0E5FE03468E
:10C51000FB75FB7D18461837BD4680BD80B584B0DD
:10C5200000AF786039600023FB813B68002B01D1AC
:10C53000032316E07B683A68C3F8B8227B68D3F817
:10C54000B832DB6A002B0BD07B68D3F8B832DB6AD9
:10C5500007F10E021046984702467B68C3F8CC22CA
:10C56000002318461037BD4680BD80B582B000AFAD
:10C570007860786803F0FCFE034618460837BD462D
:10C5800080BD80B483B000AF7860002318460C37BC
:10C59000BD465DF8047B704780B584B000AF78601D
:10C5A0000B46FB700323FB737B68D3F8B832002B78
:10C5B00009D07B68D3F8B8321B68FA7811467868DE
:10C5C00098470346FB73FB7B18461037BD4680BD7A
:10C5D00080B582B000AF78600B46FB707B68D3F803
:10C5E000B832002B07D07B68D3F8B8325B68FA7892
:10C5F000114678689847002318460837BD4680BD25
:10C6000080B584B000AF786039607B6803F2AA23FC
:10C610003968184600F090FF7B680122C3F8942225
:10C620007B68B3F8B0321A467B68C3F898227B68FF
:10C6300093F8AA3203F01F03022B1AD0022B22D840
:10C64000002B02D0012B0AD01DE07B6803F2AA2345
:10C650001946786800F062FA0346FB7320E07B68B5
:10C6600003F2AA231946786800F0C6FA0346FB7362
:10C6700016E07B6803F2AA231946786800F005FBF0
:10C680000346FB730CE07B6893F8AA3223F07F0328
:10C69000DBB21946786803F0CBFE0346FB7300BF9C
:10C6A000FB7B18461037BD4680BD80B586B000AF15
:10C6B000F8600B467A60FB72FB7A002B38D1FB687E
:10C6C00003F5AA733B61FB68D3F89432032B4AD17C
:10C6D0003B699A683B69DB689A4213D93B699A685F
:10C6E0003B69DB68D21A3B699A603B69DA683B694F
:10C6F0009B68934228BF13461A467968F86801F090
:10C700000FF830E0FB6893F89C32DBB2032B0BD1BF
:10C71000FB68D3F8B8321B69002B05D0FB68D3F84F
:10C72000B8321B69F8689847F86801F00AF81AE00F
:10C73000FB6893F89C32DBB2032B14D1FB68D3F86F
:10C74000B8329B69002B0ED0FB68D3F8B8329B69D6
:10C75000FA7A1146F86898470346FB75FB7D002B73
:10C7600001D0FB7D00E0002318461837BD4680BD90
:10C7700080B586B000AFF8600B467A60FB72FB7A3A
:10C78000002B6BD1FB6814333B61FB68D3F8943208
:10C79000022B56D13B699A683B69DB689A4214D9EF
:10C7A0003B699A683B69DB68D21A3B699A603B69CE
:10C7B0009B681A467968F86800F084FF002300221D
:10C7C0000021F86803F0DEFE3BE03B69DA683B6974
:10C7D0009B689A421CD13B695A683B69DB689A4264
:10C7E00016D33B695A68FB68D3F898329A420FD245
:10C7F00000220021F86800F065FFFB680022C3F802
:10C800009822002300220021F86803F0BBFE18E004
:10C81000FB6893F89C32DBB2032B0BD1FB68D3F897
:10C82000B832DB68002B05D0FB68D3F8B832DB6880
:10C83000F86898478021F86803F0FAFDF86800F07E
:10C8400093FFFB6893F8A032012B22D1F868FFF721
:10C8500098FEFB68002283F8A0221AE0FB6893F898
:10C860009C32DBB2032B14D1FB68D3F8B8325B697E
:10C87000002B0ED0FB68D3F8B8325B69FA7A114608
:10C88000F86898470346FB75FB7D002B01D0FB7DC4
:10C8900000E0002318461837BD4680BD80B582B041
:10C8A00000AF78607B68012283F89C227B680022BD
:10C8B000C3F894227B6800225A607B680022C3F888
:10C8C000A4227B68D3F8B832002B01D103232FE0D8
:10C8D0007B68D3F8BC32002B0FD07B68D3F8B8321A
:10C8E0005B68002B09D07B68D3F8B8325B687A6844
:10C8F0005268D2B21146786898474023002200213E
:10C90000786803F050FD7B680122A3F864217B68FE
:10C910004022C3F86021402300228021786803F080
:10C9200042FD7B6801229A847B6840221A620023C0
:10C9300018460837BD4680BD80B483B000AF78602C
:10C940000B46FB707B68FA781A74002318460C3784
:10C95000BD465DF8047B704780B483B000AF78605B
:10C960007B6893F89C32DAB27B6883F89D227B68FF
:10C97000042283F89C22002318460C37BD465DF83C
:10C98000047B704780B483B000AF78607B6893F815
:10C990009C32DBB2042B06D17B6893F89D32DAB26D
:10C9A0007B6883F89C22002318460C37BD465DF84F
:10C9B000047B704780B582B000AF78607B68D3F8A5
:10C9C000B832002B01D1032312E07B6893F89C322C
:10C9D000DBB2032B0BD17B68D3F8B832DB69002BB9
:10C9E00005D07B68D3F8B832DB69786898470023B4
:10C9F00018460837BD4680BD80B582B000AF78606C
:10CA00000B46FB707B68D3F8B832002B01D10323AF
:10CA100014E07B6893F89C32DBB2032B0DD17B686A
:10CA2000D3F8B8321B6A002B07D07B68D3F8B83232
:10CA30001B6AFA7811467868984700231846083729
:10CA4000BD4680BD80B582B000AF78600B46FB70FC
:10CA50007B68D3F8B832002B01D1032314E07B6844
:10CA600093F89C32DBB2032B0DD17B68D3F8B8323C
:10CA70005B6A002B07D07B68D3F8B8325B6AFA7820
:10CA8000114678689847002318460837BD4680BD90
:10CA900080B483B000AF7860002318460C37BD46E1
:10CAA0005DF8047B704780B582B000AF78607B682A
:10CAB000012283F89C227B68D3F8B832002B09D07E
:10CAC0007B68D3F8B8325B687A685268D2B2114694
:10CAD00078689847002318460837BD4680BD80B463
:10CAE00087B000AF78607B687B617B691B787B8255
:10CAF0007B6901337B617B691B783B823B8A1B022C
:10CB00001AB2B7F9123013431BB2FB81FB891846E6
:10CB10001C37BD465DF8047B7047000080B584B0CB
:10CB200000AF786039600023FB733B681B7803F02B
:10CB30006003402B05D0402B53D8002B0BD0202B6B
:10CB40004FD17B68D3F8B8329B68396878689847CA
:10CB50000346FB734AE03B685B78092B3BD801A294
:10CB600052F823F0B9CB0308CDCB0308D7CB030889
:10CB7000C3CB0308D7CB030897CB03088DCB03089F
:10CB8000D7CB0308AFCB0308A1CB0308396878687B
:10CB900000F0DEF924E03968786800F043FB1FE01C
:10CBA0003968786800F082FB0346FB7318E0396847
:10CBB000786800F021FC13E03968786800F052FCD6
:10CBC0000EE03968786800F081FC09E0396878681F
:10CBD00000F090FC04E03968786800F0E7FC00BFE2
:10CBE00004E03968786800F0E1FC00BFFB7B184680
:10CBF0001037BD4680BD00BF80B584B000AF7860FF
:10CC000039600023FB733B681B7803F06003402B03
:10CC100005D0402B2FD8002B01D0202B2BD17B68A7
:10CC200093F89C32DBB2013B022B1DD83B689B88FA
:10CC3000DBB2012B13D87B68D3F8B8329B68396814
:10CC4000786898470346FB733B68DB88002B10D15C
:10CC5000FB7B002B0DD1786800F073FD09E039688B
:10CC6000786800F0A3FC04E03968786800F09EFC66
:10CC700000E000BF04E03968786800F097FC00BF6E
:10CC8000FB7B18461037BD4680BD80B584B000AF31
:10CC9000786039600023FB733B689B88BB733B68FB
:10CCA0001B7803F06003402B07D0402B00F2458136
:10CCB000002B0CD0202B40F040817B68D3F8B83299
:10CCC0009B683968786898470346FB733AE13B688C
:10CCD0005B78032B07D0032B00F32981002B7FD037
:10CCE000012B3CD023E17B6893F89C32DBB2022B12
:10CCF00002D0032B16D02CE0BB7B002B0DD0BB7BCE
:10CD0000802B0AD0BB7B1946786803F091FB802109
:10CD1000786803F08DFB00BF20E03968786800F088
:10CD200045FC1BE03B685B88002B0ED1BB7B002BD6
:10CD30000BD0BB7B802B08D03B68DB88002B04D159
:10CD4000BB7B1946786803F073FB786800F0F9FC48
:10CD500004E03968786800F029FC00BFECE07B68EB
:10CD600093F89C32DBB2022B02D0032B16D030E0BA
:10CD7000BB7B002B0DD0BB7B802B0AD0BB7B194625
:10CD8000786803F055FB8021786803F051FB00BF01
:10CD900025E03968786800F009FC20E03B685B8892
:10CDA000002B1BD1BB7B03F07F03002B04D0BB7B8C
:10CDB0001946786803F05BFB786800F0C2FC7B687A
:10CDC000D3F8B8329B683968786898470346FB7394
:10CDD00004E03968786800F0E9FB00E000BFABE0F0
:10CDE0007B6893F89C32DBB2022B02D0032B32D04B
:10CDF00097E0BB7B002B07D0BB7B802B04D039682E
:10CE0000786800F0D3FB91E097F90E30002B0BDA35
:10CE1000BB7B03F07F0213469B0013449B0010333F
:10CE20007A68134404330BE0BB7B03F07F021346A4
:10CE30009B0013449B0003F5A8737A6813440433E2
:10CE4000BB60BB6800221A60BB6802221946786882
:10CE500000F01DFC6AE097F90E30002B11DABB7B65
:10CE600003F00F02796813469B0013449B000B44A8
:10CE700024331B88002B17D13968786800F096FBA3
:10CE800054E0BB7B03F00F02796813469B00134408
:10CE90009B000B4403F5B2731B88002B04D1396847
:10CEA000786800F083FB41E097F90E30002B0BDA35
:10CEB000BB7B03F07F0213469B0013449B0010339F
:10CEC0007A68134404330BE0BB7B03F07F02134604
:10CED0009B0013449B0003F5A8737A681344043342
:10CEE000BB60BB7B002B02D0BB7B802B03D1BB681C
:10CEF00000221A600EE0BB7B1946786803F0D6FA70
:10CF00000346002B03D0BB6801221A6002E0BB6815
:10CF100000221A60BB6802221946786800F0B7FB4D
:10CF200004E03968786800F041FB00BF04E039682C
:10CF3000786800F03BFB00BF04E03968786800F0D7
:10CF400035FB00BFFB7B18461037BD4680BD000097
:10CF500080B584B000AF7860396000233B81002346
:10CF6000FB600023FB723B685B881B0A9BB2013BA2
:10CF7000062B00F2288101A252F823F099CF030872
:10CF8000B1CF0308F1CF0308C7D10308C7D1030805
:10CF900067D1030893D103087B68D3F8B4321B68C8
:10CFA0007A68127C07F1080110469847F86012E190
:10CFB0007B681B7C002B0DD17B68D3F8B8329B6A51
:10CFC00007F1080210469847F860FB680133022217
:10CFD0001A7000E17B68D3F8B832DB6A07F1080207
:10CFE00010469847F860FB68013302221A70F2E09D
:10CFF0003B685B88DBB2052B00F2AC8001A252F8E3
:10D0000023F000BF1DD0030851D0030885D00308CA
:10D01000B9D00308EDD0030821D103087B68D3F809
:10D02000B4325B68002B0BD07B68D3F8B4325B68FA
:10D030007A68127C07F1080110469847F86091E081
:10D040003968786800F0B2FAFB7A0133FB7289E044
:10D050007B68D3F8B4329B68002B0BD07B68D3F885
:10D06000B4329B687A68127C07F108011046984731
:10D07000F86077E03968786800F098FAFB7A013355
:10D08000FB726FE07B68D3F8B432DB68002B0BD007
:10D090007B68D3F8B432DB687A68127C07F1080148
:10D0A00010469847F8605DE03968786800F07EFACD
:10D0B000FB7A0133FB7255E07B68D3F8B4321B690D
:10D0C000002B0BD07B68D3F8B4321B697A68127CD2
:10D0D00007F1080110469847F86043E0396878681E
:10D0E00000F064FAFB7A0133FB723BE07B68D3F813
:10D0F000B4325B69002B0BD07B68D3F8B4325B6928
:10D100007A68127C07F1080110469847F86029E018
:10D110003968786800F04AFAFB7A0133FB7221E043
:10D120007B68D3F8B4329B69002B0BD07B68D3F8B3
:10D13000B4329B697A68127C07F10801104698475F
:10D14000F8600FE03968786800F030FAFB7A013354
:10D15000FB7207E03968786800F028FAFB7A01333F
:10D16000FB7200BF37E07B681B7C002B09D17B681A
:10D17000D3F8B8325B6B07F1080210469847F860A5
:10D1800029E03968786800F011FAFB7A0133FB7204
:10D1900021E07B681B7C002B0DD17B68D3F8B83273
:10D1A0001B6B07F1080210469847F860FB680133D3
:10D1B00007221A700FE03968786800F0F7F9FB7AF7
:10D1C0000133FB7207E03968786800F0EFF9FB7A09
:10D1D0000133FB7200BFFB7A002B1ED13B68DB885A
:10D1E000002B16D03B89002B0ED03B68DA883B8998
:10D1F000934228BF13469BB23B813B891A46F9688C
:10D20000786800F044FA09E03968786800F0CEF9EF
:10D2100004E0786800F095FA00E000BF1037BD46E2
:10D2200080BD00BF80B584B000AF786039603B68D6
:10D230009B88002B31D13B68DB88002B2DD13B68CC
:10D240005B887F2B29D83B685B88DBB203F07F03C8
:10D25000FB737B6893F89C32DBB2032B04D13968F3
:10D26000786800F0A3F91DE07B68FA7B83F89E22C2
:10D27000FB7B1946786803F045F9786800F061FA9D
:10D28000FB7B002B04D07B68022283F89C2209E000
:10D290007B68012283F89C2204E03968786800F0FA
:10D2A00085F900BF00BF1037BD4680BD80B584B092
:10D2B00000AF786039600023FB733B685B88DAB2AB
:10D2C0004C4B1A704B4B1B78012B05D93968786889
:10D2D00000F06CF9032388E07B6893F89C32DBB2A2
:10D2E000022B02D0032B25D071E0424B1B78002B80
:10D2F0001CD0404B1B781A467B685A603D4B1B780C
:10D3000019467868FFF748F90346FB73FB7B002B4F
:10D3100004D03968786800F049F965E0786800F071
:10D3200010FA7B68032283F89C225DE0786800F0A5
:10D3300008FA59E02F4B1B78002B12D17B68022290
:10D3400083F89C222B4B1B781A467B685A60294B2A
:10D350001B7819467868FFF73BF9786800F0F1F917
:10D3600042E0244B1B781A467B685B689A422AD0BD
:10D370007B685B68DBB219467868FFF729F91D4BBB
:10D380001B781A467B685A601A4B1B7819467868D6
:10D39000FFF702F90346FB73FB7B002B0FD03968C4
:10D3A000786800F003F97B685B68DBB2194678683F
:10D3B000FFF70EF97B68022283F89C2214E078685C
:10D3C00000F0BFF910E0786800F0BBF90CE03968B4
:10D3D000786800F0EBF8074B1B7819467868FFF780
:10D3E000F7F80323FB7300BFFB7B18461037BD46DD
:10D3F00080BD00BF186F002080B582B000AF78609C
:10D4000039603B68DB88012B04D03968786800F00C
:10D41000CDF823E07B6893F89C32DBB2022B02DC70
:10D42000002B03DC15E0032B0BD012E07B680022FD
:10D430009A607B68083301221946786800F027F962
:10D440000CE07B68043301221946786800F01FF96C
:10D4500004E03968786800F0A9F800BF00BF083719
:10D46000BD4680BD80B582B000AF786039607B6812
:10D4700093F89C32DBB2013B022B1ED83B68DB8861
:10D48000022B04D03968786800F090F81AE07B68C5
:10D490000122DA607B68D3F8A432002B05D07B68C8
:10D4A000DB6843F002027B68DA607B680C3302229F
:10D4B0001946786800F0EBF804E03968786800F005
:10D4C00075F800BF00BF0837BD4680BD80B582B08B
:10D4D00000AF786039603B685B88012B06D17B68C0
:10D4E0000122C3F8A422786800F02BF900BF0837A6
:10D4F000BD4680BD80B582B000AF786039607B6882
:10D5000093F89C32DBB2013B022B0BD83B685B8863
:10D51000012B0CD17B680022C3F8A422786800F0AC
:10D5200010F904E03968786800F040F800E000BFC6
:10D5300000BF0837BD4680BD80B584B000AF7860BD
:10D5400039603B68FB60FB681A787B681A70FB687F
:10D550000133FB60FB681A787B685A70FB68013303
:10D56000FB60F868FFF7BBFA03461A467B685A80EF
:10D57000FB680133FB60FB680133FB60F868FFF771
:10D58000AEFA03461A467B689A80FB680133FB605B
:10D59000FB680133FB60F868FFF7A1FA03461A46FF
:10D5A0007B68DA8000BF1037BD4680BD80B582B091
:10D5B00000AF786039608021786802F039FF00217F
:10D5C000786802F035FF00BF0837BD4680BD80B5E2
:10D5D00086B000AFF860B9607A600023FB75FB6825
:10D5E000002B36D0FB683B61386900F036F8034603
:10D5F00001339BB25B009AB27B681A80FB7DBA68EC
:10D6000013447A6812781A70FB7D0133FB75FB7D39
:10D61000BA68134403221A70FB7D0133FB7513E0D3
:10D62000FB7DBA6813443A6912781A703B6901337A
:10D630003B61FB7D0133FB75FB7DBA68134400221F
:10D640001A70FB7D0133FB753B691B78002BE7D11A
:10D6500000E000BF1837BD4680BD80B485B000AF84
:10D6600078600023FB737B68BB6005E0FB7B0133C4
:10D67000FB73BB680133BB60BB681B78002BF5D123
:10D68000FB7B18461437BD465DF8047B704780B5B8
:10D6900084B000AFF860B9607A60FB680222C3F81A
:10D6A0009422FB687A689A61FB687A68DA617B6821
:10D6B000BA680021F86802F044FF002318461037CA
:10D6C000BD4680BD80B584B000AFF860B9607A60B7
:10D6D0007B68BA680021F86802F033FF002318461F
:10D6E0001037BD4680BD80B584B000AFF860B9602A
:10D6F0007A60FB680322C3F89422FB687A68C3F857
:10D700005821FB687A68C3F85C217B68BA680021FD
:10D71000F86802F037FF002318461037BD4680BD79
:10D7200080B584B000AFF860B9607A607B68BA6891
:10D730000021F86802F026FF002318461037BD4686
:10D7400080BD80B582B000AF78607B680422C3F8EA
:10D750009422002300220021786802F0F2FE0023C8
:10D7600018460837BD4680BD80B582B000AF7860EE
:10D770007B680522C3F894220023002200217868E8
:10D7800002F000FF002318460837BD4680BD80B474
:10D7900083B000AF78607B6803F108027B685A6051
:10D7A0007B684FF0FF329A607B6803F108027B6868
:10D7B000DA607B6803F108027B681A617B680022EB
:10D7C0001A6000BF0C37BD465DF8047B704780B41B
:10D7D00083B000AF78607B6800221A6100BF0C370D
:10D7E000BD465DF8047B704780B485B000AF7860BB
:10D7F00039607B685B68FB603B68FA685A60FB686D
:10D800009A683B689A60FB689B683A685A60FB6854
:10D810003A689A603B687A681A617B681B685A1C90
:10D820007B681A6000BF1437BD465DF8047B704703
:10D8300080B485B000AF786039603B681B68BB601E
:10D84000BB68B3F1FF3F03D17B681B69FB600CE051
:10D850007B680833FB6002E0FB685B68FB60FB6889
:10D860005B681B68BA689A42F6D2FB685A683B68E4
:10D870005A603B685B683A689A603B68FA689A60ED
:10D88000FB683A685A603B687A681A617B681B6873
:10D890005A1C7B681A6000BF1437BD465DF8047BD4
:10D8A000704780B485B000AF78607B681B69FB600F
:10D8B0007B685B687A6892689A607B689B687A6824
:10D8C00052685A60FB685B687A689A4203D17B6849
:10D8D0009A68FB685A607B6800221A61FB681B68C3
:10D8E0005A1EFB681A60FB681B6818461437BD4651
:10D8F0005DF8047B7047000080B584B000AF7860AD
:10D9000039607B68FB60FB68002B0AD14FF0500345
:10D9100083F31188BFF36F8FBFF34F8FBB6000BFDE
:10D92000FEE701F077FFFB681A68FB68DB6BF968BC
:10D93000096C01FB03F31A44FB689A60FB68002240
:10D940009A63FB681A68FB685A60FB681A68FB6890
:10D95000DB6B013BF968096C01FB03F31A44FB68BC
:10D96000DA60FB68FF2283F84420FB68FF2283F81B
:10D9700045203B68002B14D1FB681B69002B1AD093
:10D98000FB681033184601F08DF80346002B12D0C7
:10D990000C4B4FF080521A60BFF34F8FBFF36F8F65
:10D9A00009E0FB6810331846FFF7F1FEFB682433EB
:10D9B0001846FFF7ECFE01F05DFF01231846103713
:10D9C000BD4680BD04ED00E080B58AB002AFF860CE
:10D9D000B9601346FB71FB68002B0AD14FF050036E
:10D9E00083F31188BFF36F8FBFF34F8F3B6100BF8D
:10D9F000FEE7FB68BA6802FB03F3FB61FB6948338F
:10DA0000184602F029F8B861BB69002B11D0BB6938
:10DA10007B617B6948337B61BB69002283F84620C8
:10DA2000FA79BB69009313467A69B968F86800F01F
:10DA300005F8BB6918462037BD4680BD80B584B067
:10DA400000AFF860B9607A60FB70BB68002B03D14F
:10DA5000BB69BA691A6002E0BB697A681A60BB697F
:10DA6000FA68DA63BB69BA681A640121B869FFF71A
:10DA700043FF00BF1037BD4680BD000080B58EB0AB
:10DA800000AFF860B9607A603B6000237B63FB689D
:10DA90003B633B6B002B0AD14FF0500383F311889B
:10DAA000BFF36F8FBFF34F8FBB6200BFFEE7BB6852
:10DAB000002B03D13B6B1B6C002B01D1012300E039
:10DAC0000023002B0AD14FF0500383F31188BFF3DA
:10DAD0006F8FBFF34F8F7B6200BFFEE73B68022B67
:10DAE00003D13B6BDB6B012B01D1012300E0002351
:10DAF000002B0AD14FF0500383F31188BFF36F8FCF
:10DB0000BFF34F8F3B6200BFFEE701F087F903468A
:10DB1000002B02D17B68002B01D1012300E0002300
:10DB2000002B0AD14FF0500383F31188BFF36F8F9E
:10DB3000BFF34F8FFB6100BFFEE701F06BFE3B6B55
:10DB40009A6B3B6BDB6B9A4202D33B68022B29D169
:10DB50003A68B968386B00F08BFAF8623B6B5B6A25
:10DB6000002B10D03B6B2433184600F09BFF03467C
:10DB7000002B13D03F4B4FF080521A60BFF34F8FF2
:10DB8000BFF36F8F0AE0FB6A002B07D0394B4FF0D1
:10DB900080521A60BFF34F8FBFF36F8F01F06AFEA0
:10DBA000012363E07B68002B03D101F063FE0023B7
:10DBB0005CE07B6B002B06D107F11403184600F0E4
:10DBC000D3FF01237B6301F055FE00F089FD01F0D6
:10DBD00021FE3B6B93F844305BB2B3F1FF3F03D1BE
:10DBE0003B6B002283F844203B6B93F845305BB2DB
:10DBF000B3F1FF3F03D13B6B002283F8452001F0D6
:10DC000039FE3A1D07F114031146184600F0C2FF11
:10DC10000346002B24D1386B00F022FB0346002B77
:10DC200018D03B6B10337A681146184600F016FF87
:10DC3000386B00F0ADFA00F061FD0346002B7FF475
:10DC40007CAF0C4B4FF080521A60BFF34F8FBFF385
:10DC50006F8F72E7386B00F09BFA00F04FFD6CE7B6
:10DC6000386B00F095FA00F049FD0023184638376C
:10DC7000BD4680BD04ED00E080B590B000AFF86017
:10DC8000B9607A603B60FB68BB63BB6B002B0AD159
:10DC90004FF0500383F31188BFF36F8FBFF34F8FA3
:10DCA000BB6200BFFEE7BB68002B03D1BB6B1B6CE4
:10DCB000002B01D1012300E00023002B0AD14FF0FB
:10DCC000500383F31188BFF36F8FBFF34F8F7B62D5
:10DCD00000BFFEE73B68022B03D1BB6BDB6B012B64
:10DCE00001D1012300E00023002B0AD14FF05003A3
:10DCF00083F31188BFF36F8FBFF34F8F3B6200BF79
:10DD0000FEE701F069FEEFF311824FF0500383F359
:10DD10001188BFF36F8FBFF34F8FFA61BB61FB694F
:10DD20007B63BB6B9A6BBB6BDB6B9A4202D33B682A
:10DD3000022B2FD1BB6B93F8453087F83330BB6B88
:10DD40009B6BFB623A68B968B86B00F091F997F980
:10DD50003330B3F1FF3F12D1BB6B5B6A002B16D09F
:10DD6000BB6B2433184600F09DFE0346002B0ED0FB
:10DD70007B68002B0BD07B6801221A6007E097F8C4
:10DD800033300133DBB25AB2BB6B83F84520012339
:10DD9000FB6301E00023FB637B6B7B617B6983F3A7
:10DDA000118800BFFB6B18464037BD4680BD0000A0
:10DDB00080B58CB000AFF860B9607A600023FB6278
:10DDC000FB68BB62BB6A002B0AD14FF0500383F3A0
:10DDD0001188BFF36F8FBFF34F8F3B6200BFFEE729
:10DDE000BB68002B03D1BB6A1B6C002B01D1012344
:10DDF00000E00023002B0AD14FF0500383F3118879
:10DE0000BFF36F8FBFF34F8FFB6100BFFEE701F0E1
:10DE100005F80346002B02D17B68002B01D10123BA
:10DE200000E00023002B0AD14FF0500383F3118848
:10DE3000BFF36F8FBFF34F8FBB6100BFFEE701F0F1
:10DE4000E9FCBB6A9B6B7B627B6A002B1FD0B968C5
:10DE5000B86A00F077F97B6A5A1EBB6A9A63BB6A9C
:10DE60001B69002B0FD0BB6A1033184600F01AFE56
:10DE70000346002B07D03D4B4FF080521A60BFF392
:10DE80004F8FBFF36F8F01F0F5FC012369E07B68D2
:10DE9000002B03D101F0EEFC002362E0FB6A002BB3
:10DEA00006D107F11003184600F05EFE0123FB6265
:10DEB00001F0E0FC00F014FC01F0ACFCBB6A93F84C
:10DEC00044305BB2B3F1FF3F03D1BB6A002283F859
:10DED0004420BB6A93F845305BB2B3F1FF3F03D1F6
:10DEE000BB6A002283F8452001F0C4FC3A1D07F10B
:10DEF00010031146184600F04DFE0346002B23D1B7
:10DF0000B86A00F097F90346002B17D0BB6A243398
:10DF10007A681146184600F0A1FDB86A00F038F999
:10DF200000F0ECFB0346002B89D1104B4FF08052E0
:10DF30001A60BFF34F8FBFF36F8F80E7B86A00F0AE
:10DF400027F900F0DBFB7AE7B86A00F021F900F06E
:10DF5000D5FBB86A00F06EF90346002B3FF46FAFB3
:10DF6000002318463037BD4680BD00BF04ED00E0F9
:10DF700080B58EB000AFF860B9607A60FB683B6333
:10DF80003B6B002B0AD14FF0500383F31188BFF392
:10DF90006F8FBFF34F8F3B6200BFFEE7BB68002B64
:10DFA00003D13B6B1B6C002B01D1012300E000234C
:10DFB000002B0AD14FF0500383F31188BFF36F8F0A
:10DFC000BFF34F8FFB6100BFFEE701F005FDEFF3EC
:10DFD00011824FF0500383F31188BFF36F8FBFF3AB
:10DFE0004F8FBA617B61BB69FB623B6B9B6BBB6212
:10DFF000BB6A002B2FD03B6B93F8443087F8273057
:10E00000B968386B00F09EF8BB6A5A1E3B6B9A6386
:10E0100097F92730B3F1FF3F12D13B6B1B69002BFF
:10E0200016D03B6B1033184600F03CFD0346002B26
:10E030000ED07B68002B0BD07B6801221A6007E0B2
:10E0400097F827300133DBB25AB23B6B83F8442098
:10E0500001237B6301E000237B63FB6A3B613B6937
:10E0600083F3118800BF7B6B18463837BD4680BDEF
:10E0700080B586B000AFF860B9607A6000237B613C
:10E08000FB689B6B3B61FB681B6C002B0DD1FB6835
:10E090001B68002B4DD1FB689B68184600F0DCFE26
:10E0A0007861FB6800229A6043E07B68002B19D1FD
:10E0B000FB685868FB681B6C1A46B9680DF0B0FB2A
:10E0C000FB685A68FB681B6C1A44FB685A60FB6863
:10E0D0005A68FB689B689A422BD3FB681A68FB68F6
:10E0E0005A6026E0FB68D868FB681B6C1A46B96862
:10E0F0000DF096FBFB68DA68FB681B6C5B421A4408
:10E10000FB68DA60FB68DA68FB681B689A4207D232
:10E11000FB689A68FB681B6C5B421A44FB68DA6018
:10E120007B68022B05D13B69002B02D03B69013B88
:10E130003B613B695A1CFB689A637B691846183738
:10E14000BD4680BD80B582B000AF786039607B6825
:10E150001B6C002B18D07B68DA687B681B6C1A4438
:10E160007B68DA607B68DA687B689B689A4203D3D5
:10E170007B681A687B68DA607B68D9687B681B6C8F
:10E180001A4638680DF04CFB00BF0837BD4680BD0D
:10E1900080B584B000AF786001F03CFB7B6893F8F9
:10E1A0004530FB7311E07B685B6A002B12D07B6803
:10E1B0002433184600F076FC0346002B01D000F013
:10E1C0004BFDFB7B013BDBB2FB7397F90F30002B60
:10E1D000E9DC00E000BF7B68FF2283F8452001F006
:10E1E00049FB01F017FB7B6893F84430BB7311E0E7
:10E1F0007B681B69002B12D07B681033184600F037
:10E2000051FC0346002B01D000F026FDBB7B013BF7
:10E21000DBB2BB7397F90E30002BE9DC00E000BFE6
:10E220007B68FF2283F8442001F024FB00BF1037F5
:10E23000BD4680BD80B584B000AF786001F0EAFAD9
:10E240007B689B6B002B02D10123FB6001E0002364
:10E25000FB6001F00FFBFB6818461037BD4680BD20
:10E2600080B584B000AF786001F0D4FA7B689A6B17
:10E270007B68DB6B9A4202D10123FB6001E0002343
:10E28000FB6001F0F7FAFB6818461037BD4680BD09
:10E2900080B58EB004AFF860B9607A603B607B6B8C
:10E2A000002B0AD14FF0500383F31188BFF36F8F17
:10E2B000BFF34F8F3B6200BFFEE7BB6B002B0AD161
:10E2C0004FF0500383F31188BFF36F8FBFF34F8F6D
:10E2D000FB6100BFFEE754233B613B69542B0AD02E
:10E2E0004FF0500383F31188BFF36F8FBFF34F8F4D
:10E2F000BB6100BFFEE73B69BB6B002B1ED07B6B95
:10E30000002B1BD0BB6B7B627B6A7A6B1A637B6AC8
:10E31000022283F85120002303937B6A029307F1C2
:10E32000140301933B6B00933B687A68B968F86803
:10E3300000F050F8786A00F0D5F801E000237B6126
:10E340007B6918462837BD4680BD80B58CB004AFC8
:10E35000F860B9603B601346FB80FB889B00184661
:10E3600001F07AFB78617B69002B0ED0542001F01C
:10E3700073FBF861FB69002B03D0FB697A691A63B0
:10E3800005E0786901F034FC01E00023FB61FB69E2
:10E39000002B17D0FB69002283F85120FA88002354
:10E3A0000393FB690293FB6A0193BB6A00933B688A
:10E3B000B968F86800F00EF8F86900F093F80123E6
:10E3C000BB6102E04FF0FF33BB61BB6918462037E9
:10E3D000BD4680BD80B588B000AFF860B9607A6096
:10E3E0003B603B6B1A6B7B6803F18043013B9B00F6
:10E3F0001344BB61BB6923F00703BB61BB6903F036
:10E400000703002B0AD04FF0500383F31188BFF3AA
:10E410006F8FBFF34F8F7B6100BFFEE7BB68002BA0
:10E420001FD00023FB6112E0BA68FB69134419781E
:10E430003A6BFB69134434330A461A70BA68FB69B5
:10E4400013441B78002B06D0FB690133FB61FB6989
:10E450000F2BE9D900E000BF3B6B002283F843207B
:10E4600003E03B6B002283F83420BB6A062B01D902
:10E470000623BB623B6BBA6ADA623B6BBA6A5A64C8
:10E480003B6B00229A643B6B04331846FFF79FF9FD
:10E490003B6B18331846FFF79AF93B6B3A6B1A61DE
:10E4A000BB6AC3F107023B6B9A613B6B3A6B5A62E2
:10E4B0003B6B0022DA643B6B002283F850203A6801
:10E4C000F968B86901F07AF802463B6B1A60FB6A9A
:10E4D000002B02D0FB6A3A6B1A6000BF2037BD46A2
:10E4E00080BD000080B582B000AF786001F092F985
:10E4F0002A4B1B680133294A1360294B1B68002BE8
:10E5000009D1274A7B681360244B1B68012B10D16B
:10E5100000F0C6FB0DE0234B1B68002B09D1204BFC
:10E520001B68DA6A7B68DB6A9A4202D81C4A7B68FD
:10E5300013601D4B1B6801331B4A13607B68DB6A49
:10E5400001229A40194B1B681343184A13607B68D9
:10E55000DA6A13469B0013449B00154A1A447B68F1
:10E56000043319461046FFF73FF901F083F90D4BCC
:10E570001B68002B0ED00A4B1B68DA6A7B68DB6ACB
:10E580009A4207D20B4B4FF080521A60BFF34F8F65
:10E59000BFF36F8F00BF0837BD4680BD1C700020E1
:10E5A0001C6F00202870002038700020247000208C
:10E5B000206F002004ED00E080B584B000AF7860EB
:10E5C0000023FB607B68002B17D0134B1B68002BCC
:10E5D0000AD04FF0500383F31188BFF36F8FBFF35E
:10E5E0004F8FBB6000BFFEE700F07AF8002178682B
:10E5F00000F0B8FC00F082F8F860FB68002B07D14F
:10E60000064B4FF080521A60BFF34F8FBFF36F8FEE
:10E6100000BF1037BD4680BD4470002004ED00E00F
:10E6200080B58AB004AF0023BB6000237B603A460C
:10E63000391D07F108031846FCF7DAF839687B68DA
:10E64000BA68029201930023009300230A461E49F0
:10E650001E48FFF71DFE03461D4A13601C4B1B6836
:10E66000002B02D001237B6101E000237B617B69E9
:10E67000012B16D14FF0500383F31188BFF36F8F36
:10E68000BFF34F8F3B6100BF124B4FF0FF321A6058
:10E69000114B01221A60114B00221A6001F018F888
:10E6A0000EE07B69B3F1FF3F0AD14FF0500383F3D3
:10E6B0001188BFF36F8FBFF34F8FFB6000BFFEE782
:10E6C00000BF1837BD4680BD3CD1040871EC03087B
:10E6D000407000203C700020287000202070002036
:10E6E00080B400AF044B1B680133034A136000BFC2
:10E6F000BD465DF8047B70474470002080B584B04F
:10E7000000AF0023FB600023BB60414B1B68002B64
:10E710000AD14FF0500383F31188BFF36F8FBFF31B
:10E720004F8F3B6000BFFEE701F074F8384B1B6869
:10E73000013B374A1360364B1B68002B61D1354BC8
:10E740001B68002B5DD02EE0334BDB68DB68FB6081
:10E75000FB6818331846FFF7A4F8FB680433184623
:10E76000FFF79FF8FB68DB6A01229A402B4B1B687E
:10E7700013432A4A1360FB68DA6A13469B0013446A
:10E780009B00274A1A44FB68043319461046FFF7DA
:10E790002BF8FB68DA6A234B1B68DB6A9A4202D3C8
:10E7A000214B01221A601C4B1B68002BCCD1FB684B
:10E7B000002B01D000F012FB1C4B1B687B607B68B8
:10E7C000002B10D000F036F80346002B02D0164B79
:10E7D00001221A607B68013B7B607B68002BF1D1D2
:10E7E000124B00221A60104B1B68002B09D001232A
:10E7F000BB600F4B4FF080521A60BFF34F8FBFF3D7
:10E800006F8F01F037F8BB6818461037BD4680BDE2
:10E81000447000201C700020DC6F00202470002059
:10E82000206F00201C6F0020307000202C70002012
:10E8300004ED00E080B586B000AF00237B614E4B55
:10E840001B68002B40F08E804C4B1B6801333B61F2
:10E850004A4A3B6913603B69002B20D1484B1B6837
:10E860001B68002B0AD04FF0500383F31188BFF3CD
:10E870006F8FBFF34F8F3B6000BFFEE7404B1B68BD
:10E88000FB60404B1B683E4A13603E4AFB681360C6
:10E890003D4B1B6801333C4A136000F09FFA3B4B31
:10E8A0001B683A699A4248D3354B1B681B68002B9A
:10E8B00004D1364B4FF0FF321A603EE0304B1B68FC
:10E8C000DB68DB68BB60BB685B687B603A697B6860
:10E8D0009A4203D22D4A7B6813602EE0BB68043352
:10E8E0001846FEF7DEFFBB689B6A002B04D0BB68AE
:10E8F00018331846FEF7D5FFBB68DB6A01229A4041
:10E90000234B1B681343224A1360BB68DA6A134621
:10E910009B0013449B001F4A1A44BB6804331946EA
:10E920001046FEF761FFBB68DA6A1B4B1B68DB6AA7
:10E930009A42B9D301237B61B6E7174B1B68DA6AA9
:10E94000144913469B0013449B000B441B68012B86
:10E9500001D901237B61114B1B68002B07D00123D8
:10E960007B6104E00E4B1B6801330D4A13607B6929
:10E9700018461837BD4680BD447000202070002026
:10E98000D46F0020D86F0020347000203C7000202D
:10E9900024700020206F00201C6F002030700020A9
:10E9A0002C70002080B487B000AF274B1B68002B71
:10E9B00003D0264B01221A603FE0244B00221A604C
:10E9C000234B1B68FB60FB68B3FA83F3FB72FB7A93
:10E9D000C3F11F037B611F497A6913469B001344EF
:10E9E0009B000B441B68002B0AD14FF0500383F3AC
:10E9F0001188BFF36F8FBFF34F8F7B6000BFFEE7BF
:10EA00007A6913469B0013449B00124A13443B61EE
:10EA10003B695B685A683B695A603B695A683B6965
:10EA200008339A4204D13B695B685A683B695A6073
:10EA30003B695B68DB68084A136000BF1C37BD4652
:10EA40005DF8047B704700BF4470002030700020E8
:10EA500024700020206F00201C6F002080B584B03F
:10EA600000AF786039607B68002B0AD14FF050030B
:10EA700083F31188BFF36F8FBFF34F8FFB6000BF2D
:10EA8000FEE7074B1B68183319467868FEF7D0FE7F
:10EA90000121386800F066FA00BF1037BD4680BD1E
:10EAA0001C6F002080B586B000AF78607B68DB68A3
:10EAB000DB683B613B69002B0AD14FF0500383F3C5
:10EAC0001188BFF36F8FBFF34F8FFB6000BFFEE76E
:10EAD0003B6918331846FEF7E4FE1D4B1B68002BFC
:10EAE0001CD13B6904331846FEF7DBFE3B69DB6A49
:10EAF00001229A40174B1B681343164A13603B6967
:10EB0000DA6A13469B0013449B00134A1A443B697C
:10EB1000043319461046FEF767FE05E03B691833DB
:10EB200019460E48FEF760FE3B69DA6A0C4B1B681B
:10EB3000DB6A9A4205D901237B610A4B01221A60E4
:10EB400001E000237B617B6918461837BD4680BD14
:10EB50004470002024700020206F0020DC6F002013
:10EB60001C6F00203070002080B483B000AF78604C
:10EB7000064B1A687B681A60054B1A687B685A60F6
:10EB800000BF0C37BD465DF8047B70473470002031
:10EB90002070002080B588B000AF786039607B6855
:10EBA000002B0AD14FF0500383F31188BFF36F8F0E
:10EBB000BFF34F8F3B6100BFFEE73B68002B0AD1DC
:10EBC0004FF0500383F31188BFF36F8FBFF34F8F64
:10EBD000FB6000BFFEE700F01DFE1D4B1B68BB6124
:10EBE0007B685B68BA69D31A7B613B681B68B3F1C9
:10EBF000FF3F02D10023FB6123E07B681A68154BBD
:10EC00001B689A4207D07B685B68BA699A4202D354
:10EC10000123FB6115E03B681B687A699A420BD2BD
:10EC20003B681A687B69D21A3B681A607868FFF7FC
:10EC30009BFF0023FB6104E03B6800221A60012374
:10EC4000FB6100F017FEFB6918462037BD4680BD0A
:10EC5000207000203470002080B400AF034B0122EC
:10EC60001A6000BFBD465DF8047B7047307000201D
:10EC700080B582B000AF786000F052F8064B1B6898
:10EC8000012BF9D9054B4FF080521A60BFF34F8F1B
:10EC9000BFF36F8FF0E700BF206F002004ED00E0AE
:10ECA00080B582B000AF00237B600CE07A68134629
:10ECB0009B0013449B00124A13441846FEF767FD5D
:10ECC0007B6801337B607B68062BEFD90D48FEF72C
:10ECD0005EFD0D48FEF75BFD0C48FEF758FD0C4845
:10ECE000FEF755FD0B48FEF752FD0B4B054A1A6027
:10ECF0000A4B054A1A6000BF0837BD4680BD00BFF9
:10ED0000206F0020AC6F0020C06F0020DC6F00205F
:10ED1000F06F002008700020D46F0020D86F002012
:10ED200080B582B000AF19E000F074FD104BDB68D5
:10ED3000DB687B607B6804331846FEF7B2FD0D4B41
:10ED40001B68013B0B4A13600B4B1B68013B0A4AD3
:10ED5000136000F08FFD786800F010F8064B1B6818
:10ED6000002BE1D100BF00BF0837BD4680BD00BF0A
:10ED7000F06F00201C7000200470002080B584B06B
:10ED800000AF78607B6893F85130002B08D17B6826
:10ED90001B6B184600F02CFF786800F029FF18E084
:10EDA0007B6893F85130012B03D1786800F020FF85
:10EDB0000FE07B6893F85130022B0AD04FF05003DC
:10EDC00083F31188BFF36F8FBFF34F8FFB6000BFDA
:10EDD000FEE700BF1037BD4680BD000080B483B0A1
:10EDE00000AF0C4B1B681B68002B04D10A4B4FF083
:10EDF000FF321A6008E0074B1B68DB68DB687B604A
:10EE00007B685B68044A136000BF0C37BD465DF841
:10EE1000047B7047D46F00203C70002080B483B026
:10EE200000AF0B4B1B68002B02D101237B6008E075
:10EE3000084B1B68002B02D102237B6001E00023FA
:10EE40007B607B6818460C37BD465DF8047B7047D5
:10EE5000287000204470002080B586B000AF786034
:10EE60007B683B6100237B617B68002B6ED03A4B53
:10EE70001B683A699A420AD04FF0500383F3118815
:10EE8000BFF36F8FBFF34F8FFB6000BFFEE73B699F
:10EE90009B6C002B0AD14FF0500383F31188BFF312
:10EEA0006F8FBFF34F8FBB6000BFFEE73B699B6C6A
:10EEB0005A1E3B699A643B69DA6A3B695B6C9A4209
:10EEC00044D03B699B6C002B40D13B69043318460E
:10EED000FEF7E7FC0346002B15D13B69DA6A1F49B0
:10EEE00013469B0013449B000B441B68002B0AD164
:10EEF0003B69DB6A012202FA03F3DA43184B1B6811
:10EF00001340174A13603B695A6C3B69DA623B69EC
:10EF1000DB6AC3F107023B699A613B69DB6A012244
:10EF20009A400F4B1B6813430D4A13603B69DA6A22
:10EF300013469B0013449B00084A1A443B69043360
:10EF400019461046FEF750FC01237B617B69184689
:10EF50001837BD4680BD00BF1C6F0020206F002009
:10EF60002470002080B584B000AF78603960294BF0
:10EF70001B68FB60284B1B6804331846FEF791FCA6
:10EF80000346002B0BD1244B1B68DB6A012202FADB
:10EF900003F3DA43214B1B681340204A13607B685C
:10EFA000B3F1FF3F0AD13B68002B07D01A4B1B6817
:10EFB000043319461A48FEF717FC26E0FA687B6806
:10EFC0001344BB60144B1B68BA685A60BA68FB688C
:10EFD0009A4209D2134B1A680F4B1B680433194627
:10EFE0001046FEF725FC10E00F4B1A680A4B1B6811
:10EFF000043319461046FEF71BFC0C4B1B68BA681D
:10F000009A4202D2094ABB68136000BF1037BD465E
:10F0100080BD00BF207000201C6F002024700020E5
:10F0200008700020D86F0020D46F00203C700020B2
:10F0300080B485B000AF0346FB800023FB60B7F9C6
:10F040000630842B05D0B7F90620FB681344033340
:10F05000FB60FB6818461437BD465DF8047B7047BB
:10F0600080B483B000AFEFF305837B607B68002B37
:10F0700014BF01230023DBB218460C37BD465DF8F0
:10F08000047B704780B500AFFFF7CAFA002318462B
:10F0900080BDF0B589B004AF786039607B685B698A
:10F0A000002B20D07B689B69002B1CD07B685C68A0
:10F0B0007B681D687B681E697B68B3F90830184659
:10F0C000FFF7B6FF01467B685B697A689269029236
:10F0D000019300913B68324629462046FFF7D8F855
:10F0E0000346FB601CE07B685C687B681D687B688E
:10F0F0001B699EB27B68B3F908301846FFF798FF8A
:10F10000024607F10C03019300923B683246294600
:10F110002046FFF71AF90346012B01D0002300E037
:10F12000FB6818461437BD46F0BD80B584B000AF0B
:10F1300078607B68FB60FB68002B01D0FB6800E017
:10F1400001231846FFF738FA002318461037BD464A
:10F1500080BD80B586B000AF78607B685B680333A4
:10F1600023F00303FB60142000F076FC78617B69D8
:10F17000002B46D07B681A687B699A60FA687B69C5
:10F18000DA607B6900221A617B681B68184600F010
:10F1900063FC02467B695A607B695B68002B2BD05D
:10F1A0007B681B68FA6802FB03F3184600F054FC06
:10F1B00002467B691A607B691B68002B11D0002313
:10F1C0003B6108E07B695A683B69134400221A706E
:10F1D0003B6901333B617B681B683A699A42F1D312
:10F1E0000FE07B695B68184600F002FD786900F06B
:10F1F000FFFC00237B6104E0786900F0F9FC002348
:10F200007B617B6918461837BD4680BD80B58AB0E2
:10F2100000AF786000237B6200233B62FFF720FF92
:10F220000346002B0ED0EFF311824FF0500383F30F
:10F230001188BFF36F8FBFF34F8F7A613B617B699A
:10F240007B6201E000F0E6FA0023FB6129E07B68C5
:10F250001A69FB6913447A689268B3FBF2F101FB07
:10F2600002F29B1ABB617B685A68BB6913441B7826
:10F27000002B13D17B685A68BB69134401221A70B2
:10F280007B681B6819467B68DB68BA6902FB03F37D
:10F290000B443B627B68BA691A6107E0FB69013382
:10F2A000FB617B689B68FA699A42D0D3FFF7D8FE6E
:10F2B0000346002B05D07B6AFB60FB6883F3118853
:10F2C00001E000F0D7FA3B6A18462837BD4680BDFA
:10F2D00080B485B000AF786039607B68002B01D1C5
:10F2E000802330E03B68002B01D180232BE07B683A
:10F2F0001B683A689A4201D2802324E03B687A680E
:10F3000012689B1AFB607B68DA68FB68B3FBF2F15A
:10F3100001FB02F29B1A002B01D0802313E07B68D3
:10F32000DB68FA68B2FBF3F3FB607B689B68FA6802
:10F330009A4201D3802306E07B685A68FB68134435
:10F3400000221A70002318461437BD465DF8047B6E
:10F35000704790B587B000AF786039607B681B68F4
:10F36000FB607B685B683B6100237B617B689C681A
:10F370000C2000F071FB034623607B689B681B68D0
:10F38000002B01D1002338E07B689B681B687A68FA
:10F390001A607B6818687B689B681C6800220421DF
:10F3A000FEF712FB034663607B689B681B685B6823
:10F3B000002B07D17B689B681B68184600F018FC7F
:10F3C00000231AE07B689B681C6807F10C03184651
:10F3D000FFF7BFFE0346A3607B689B681B689B68C2
:10F3E000002B07D17B689B681B68184600F000FC67
:10F3F000002302E07B689B681B6818461C37BD46EB
:10F4000090BD80B584B000AF786039607B68002B18
:10F4100001D1002306E07B689B681846FFF7F6FEE3
:10F42000F860FB6818461037BD4680BD80B584B0D3
:10F4300000AF786039607B68002B01D180232CE01D
:10F440000023FB60FFF70CFE0346002B18D07B68FF
:10F45000586807F10C0239460023FEF70DFC0346FD
:10F46000012B01D0FF2318E0FB68002B14D00D4BBB
:10F470004FF080521A60BFF34F8FBFF36F8F0BE0D6
:10F480007B685868394600230022FEF7F7FA0346E6
:10F49000012B01D0FF2300E0002318461037BD46A2
:10F4A00080BD00BF04ED00E090B58BB000AFF86008
:10F4B000B9607A60BB68FB61BB68002B0AD180230E
:10F4C0007B61FB681C4607F1140393E8070084E89E
:10F4D000070056E000233B6200237B627B68B3F1A8
:10F4E000FF3F03D14FF0FF337B6209E07B68002BC5
:10F4F00006D07B687B627B6A002B01D101237B6293
:10F50000FFF7AEFD0346002B1DD0BB68586807F11E
:10F51000200207F1140304331946FEF729FD0346C0
:10F52000012B02D120237B6101E000237B613B6A38
:10F53000002B1ED0154B4FF080521A60BFF34F8F37
:10F54000BFF36F8F15E0BB68586807F114030433ED
:10F550007A6A1946FEF72CFC0346012B02D12023C0
:10F560007B6106E07B6A002B01D1002300E0402391
:10F570007B61FB681C4607F1140393E8070084E8ED
:10F580000700F8682C37BD4690BD00BF04ED00E0D1
:10F5900080B582B000AF786039607B68002B01D104
:10F5A000802306E07B689B6839681846FFF790FE69
:10F5B000034618460837BD4680BD000080B485B0BC
:10F5C00000AFF860B9607A60FB68043BFB60FB68E1
:10F5D0004FF080721A60FB68043BFB60BB6823F04D
:10F5E0000102FB681A60FB68043BFB600C4AFB6885
:10F5F0001A60FB68143BFB607A68FB681A60FB6862
:10F60000043BFB60FB686FF002021A60FB68203B62
:10F61000FB60FB6818461437BD465DF8047B7047F5
:10F6200025F6030880B485B000AF00237B60124B41
:10F630001B68B3F1FF3F0AD04FF0500383F31188EA
:10F64000BFF36F8FBFF34F8FFB6000BFFEE74FF03C
:10F65000500383F31188BFF36F8FBFF34F8FBB60ED
:10F6600000BF00BF7B68002BFCD000BF00BF143779
:10F67000BD465DF8047B70479C060020000000003A
:10F68000074B19680868B0E8F04F80F30988BFF3AA
:10F690006F8F4FF0000080F311887047AFF3008048
:10F6A0001C6F002000BF00BF08480068006880F39E
:10F6B00008884FF0000080F3148862B661B6BFF38B
:10F6C0004F8FBFF36F8F00DF00BF00BF08ED00E07A
:10F6D00080B586B000AF464B1B68464A93420AD1BC
:10F6E0004FF0500383F31188BFF36F8FBFF34F8F39
:10F6F0003B6100BFFEE73E4B1B683F4A93420AD185
:10F700004FF0500383F31188BFF36F8FBFF34F8F18
:10F71000FB6000BFFEE7394B7B617B691B78DBB286
:10F720007B607B69FF221A707B691B78DBB2FB7000
:10F73000FB78DBB203F05003DAB2314B1A70314B75
:10F7400007221A6009E02F4B1B68013B2D4A13600A
:10F75000FB78DBB25B00DBB2FB70FB78DBB203F063
:10F760008003802BEFD0274B1B68C3F10703042BCA
:10F770000AD04FF0500383F31188BFF36F8FBFF3AC
:10F780004F8FBB6000BFFEE71E4B1B681B021D4A6C
:10F7900013601C4B1B6803F4E0631A4A13607B6818
:10F7A000DAB27B691A70184B1B68174A43F470036E
:10F7B0001360154B1B68144A43F07043136000F04C
:10F7C000DDF8124B00221A6000F0FCF8104B1B68A9
:10F7D0000F4A43F040431360FFF766FFFFF7E2F87C
:10F7E000FFF720FF002318461837BD4680BD00BF35
:10F7F00000ED00E071C20F4170C20F4100E400E073
:10F80000487000204C70002020ED00E09C06002095
:10F8100034EF00E080B483B000AF4FF0500383F3C7
:10F820001188BFF36F8FBFF34F8F7B6000BF0F4B0B
:10F830001B6801330D4A13600C4B1B68012B0FD161
:10F840000B4B1B68DBB2002B0AD04FF0500383F345
:10F850001188BFF36F8FBFF34F8F3B6000BFFEE790
:10F8600000BF0C37BD465DF8047B70479C06002046
:10F8700004ED00E080B483B000AF124B1B68002B96
:10F880000AD14FF0500383F31188BFF36F8FBFF39A
:10F890004F8F7B6000BFFEE70A4B1B68013B094AA4
:10F8A0001360084B1B68002B05D100233B603B68AD
:10F8B00083F3118800BF00BF0C37BD465DF8047BA1
:10F8C000704700BF9C060020000000000000000000
:10F8D000EFF30980BFF36F8F154B1A681EF0100FFE
:10F8E00008BF20ED108A20E9F04F10602DE90900D3
:10F8F0004FF0500080F31188BFF34F8FBFF36F8F2D
:10F90000FFF750F84FF0000080F3118809BC196828
:10F910000868B0E8F04F1EF0100F08BFB0EC108A76
:10F9200080F30988BFF36F8F704700BFAFF300808B
:10F930001C6F002000BF00BF80B582B000AF4FF049
:10F94000500383F31188BFF36F8FBFF34F8F7B603A
:10F9500000BFFEF76FFF0346002B03D0064B4FF0AE
:10F9600080521A6000233B603B6883F3118800BF1C
:10F9700000BF0837BD4680BD04ED00E080B400AF95
:10F980000B4B00221A600B4B00221A600A4B1B68BB
:10F990000A4AA2FB03239B09094A013B1360044B5B
:10F9A00007221A6000BFBD465DF8047B704700BFA8
:10F9B00010E000E018E000E088050020D34D621060
:10F9C00014E000E0DFF80C00016841F47001016010
:10F9D000704700BF88ED00E080B485B000AFEFF362
:10F9E0000583FB60FB680F2B14D9174AFB6813448F
:10F9F0001B78FB72154B1B78FA7A9A420AD24FF0A9
:10FA0000500383F31188BFF36F8FBFF34F8F7B6079
:10FA100000BFFEE70E4B1B6803F4E0620D4B1B6852
:10FA20009A420AD94FF0500383F31188BFF36F8FC6
:10FA3000BFF34F8F3B6000BFFEE700BF1437BD46EA
:10FA40005DF8047B704700BFF0E300E048700020E1
:10FA50000CED00E04C70002080B58AB000AF7860FB
:10FA60000023FB61FEF73CFE5B4B1B68002B01D1C2
:10FA700000F020F9594B1A687B681340002B40F0C6
:10FA800093807B68002B1DD008227B6813447B6029
:10FA90007B6803F00703002B14D07B6823F0070377
:10FAA00008337B607B6803F00703002B0AD04FF01C
:10FAB000500383F31188BFF36F8FBFF34F8F7B61C8
:10FAC00000BFFEE77B68002B6ED0454B1B687A6851
:10FAD0009A4269D8434B3B62424B1B687B6204E00D
:10FAE0007B6A3B627B6A1B687B627B6A5B687A68C5
:10FAF0009A4203D97B6A1B68002BF1D1364B1B68F5
:10FB00007A6A9A4250D03B6A1B6808221344FB6110
:10FB10007B6A1A683B6A1A607B6A5A687B68D21AE9
:10FB200008235B009A421FD97A6A7B681344BB6141
:10FB3000BB6903F00703002B0AD04FF0500383F397
:10FB40001188BFF36F8FBFF34F8F3B6100BFFEE79C
:10FB50007B6A5A687B68D21ABB695A607B6A7A688A
:10FB60005A60B86900F008F91D4B1A687B6A5B6837
:10FB7000D31A1B4A13601A4B1A681B4B1B689A4214
:10FB800003D2174B1B68184A13607B6A5A68134BE1
:10FB90001B681A437B6A5A607B6A00221A60134B07
:10FBA0001B680133114A1360FEF7A8FDFB6903F0DF
:10FBB0000703002B0AD04FF0500383F31188BFF3E3
:10FBC0006F8FBFF34F8FFB6000BFFEE7FB691846E6
:10FBD0002837BD4680BD00BF58AC00206CAC00206B
:10FBE0005CAC002050AC002060AC002064AC002075
:10FBF00080B586B000AF78607B687B617B68002B46
:10FC00004DD008235B427A6913447B617B693B6179
:10FC10003B695A68244B1B681340002B0AD14FF0F4
:10FC2000500383F31188BFF36F8FBFF34F8FFB60D7
:10FC300000BFFEE73B691B68002B0AD04FF0500362
:10FC400083F31188BFF36F8FBFF34F8FBB6000BF8B
:10FC5000FEE73B695A68144B1B681340002B1ED00B
:10FC60003B691B68002B1AD13B695A680E4B1B6815
:10FC7000DB431A403B695A60FEF732FD3B695A6824
:10FC80000A4B1B681344094A1360386900F074F882
:10FC9000074B1B680133064A1360FEF72FFD00BFB8
:10FCA0001837BD4680BD00BF6CAC00205CAC0020A6
:10FCB00068AC002080B485B000AF4FF47053BB60D7
:10FCC000274BFB60FB6803F00703002B0CD0FB689D
:10FCD0000733FB60FB6823F00703FB60BA68FB682F
:10FCE000D31A1F4A1344BB60FB687B601D4A7B68C4
:10FCF00013601C4B00225A607B68BA681344FB6097
:10FD00000822FB689B1AFB60FB6823F00703FB607B
:10FD1000FB68154A1360144B1B6800225A60124B93
:10FD20001B6800221A607B683B603B68FA68D21A45
:10FD30003B685A600C4B1A683B681A603B685B680A
:10FD40000A4A13603B685B68094A1360094B4FF02D
:10FD500000421A6000BF1437BD465DF8047B70474F
:10FD60005070002050AC002058AC002060AC002047
:10FD70005CAC00206CAC002080B485B000AF786033
:10FD8000284BFB6002E0FB681B68FB60FB681B689C
:10FD90007A689A42F7D8FB68BB60FB685B68BA6810
:10FDA00013447A689A4208D1FB685A687B685B689A
:10FDB0001A44FB685A60FB687B607B68BB607B68A9
:10FDC0005B68BA681A44FB681B689A4218D1FB68E2
:10FDD0001A68154B1B689A420DD07B685A68FB68FD
:10FDE0001B685B681A447B685A60FB681B681A686A
:10FDF0007B681A6008E00C4B1A687B681A6003E0A5
:10FE0000FB681A687B681A60FA687B689A4202D0BD
:10FE1000FB687A681A6000BF1437BD465DF8047B42
:10FE2000704700BF50AC002058AC002080B483B0B5
:10FE300000AF03463960FB713B6812221A80034B06
:10FE400018460C37BD465DF8047B7047BC060020A1
:10FE500080B483B000AF03463960FB713B68042275
:10FE60001A80034B18460C37BD465DF8047B70477B
:10FE7000D006002080B582B000AF03463960FB7128
:10FE8000FB79002B05D13A6807490848FDF79FFB2D
:10FE900004E03A6804490548FDF799FB024B18460F
:10FEA0000837BD4680BD00BF70AC002044D10408B7
:10FEB00080B582B000AF03463960FB713A680449EF
:10FEC0000448FDF784FB024B18460837BD4680BD49
:10FED00070AC00205CD1040880B582B000AF03464E
:10FEE0003960FB713B681A221A8000F043F8024B1C
:10FEF00018460837BD4680BDD406002080B582B0C4
:10FF000000AF03463960FB71FB79002B05D13A68DD
:10FF100007490848FDF75BFB04E03A6804490548D7
:10FF2000FDF755FB024B18460837BD4680BD00BFA4
:10FF300070AC002070D1040880B582B000AF0346D9
:10FF40003960FB71FB79002B05D13A6807490848F5
:10FF5000FDF73DFB04E03A6804490548FDF737FB2F
:10FF6000024B18460837BD4680BD00BF70AC00206C
:10FF70007CD1040880B584B000AF0F4B1B68FB60D8
:10FF80000E4B1B68BB600E4B1B687B60FA687B687E
:10FF90001344FB60FB68002B09D008220949F8686C
:10FFA00000F014F804220849B86800F00FF800BF08
:10FFB0001037BD4680BD00BF107AFF1F147AFF1FA7
:10FFC000187AFF1FD6060020E606002080B487B00E
:10FFD00000AFF860B9601346FB710023FB75002386
:10FFE000FB7527E0FB681B0F092B0BD8FB681B0F69
:10FFF000DAB2FB7D5B001946BB680B443032D2B2EB
:020000040804EE
:100000001A700AE0FB681B0FDAB2FB7D5B00194631
:10001000BB680B443732D2B21A70FB681B01FB601D
:10002000FB7D5B000133BA68134400221A70FB7D2C
:100030000133FB75FA7DFB799A42D3D300BF00BF31
:100040001C37BD465DF8047B7047000080B58AB060
:1000500000AF786007F1140300221A605A609A60BA
:10006000DA601A617B681B68B3F1A04F3AD10023B4
:100070003B611E4B1B6B1D4A43F0010313631B4B7B
:100080001B6B03F001033B613B694FF4C0537B6181
:100090000223BB610023FB6100233B620A237B62D6
:1000A00007F114031946124803F0ACF80F4B5B6BD1
:1000B0000E4A43F0800353630023FB600B4B5B6CE1
:1000C0000A4A43F480435364084B5B6C03F4804357
:1000D000FB60FB6800220521432002F0EAF8432080
:1000E00002F003F900BF2837BD4680BD003802404A
:1000F0000000024080B582B000AF78607B68D3F822
:1001000004247B6803F5717319461046FCF778FAEE
:1001100000BF0837BD4680BD80B582B000AF7860B3
:100120000B46FB707B68D3F80404FA7879681346B1
:10013000DB009B1A9B000B4403F502731A68FB78E3
:100140001946FCF7B2FA00BF0837BD4680BD80B53E
:1001500082B000AF78600B46FB707B68D3F8040474
:10016000FA7879681346DB009B1A9B000B444833EE
:100170001A68FB781946FCF7FBFA00BF0837BD4642
:1001800080BD80B582B000AF78607B68D3F804345E
:100190001846FCF70FFC00BF0837BD4680BD80B590
:1001A00084B000AF78600123FB737B68DB68002BB1
:1001B00002D10023FB7308E07B68DB68022B02D1CD
:1001C0000123FB7301E0FAF72DFE7B68D3F80434BA
:1001D000FA7B11461846FCF7AFFB7B68D3F8043472
:1001E0001846FCF75BFB00BF1037BD4680BD000022
:1001F00080B582B000AF78607B68D3F804341846CD
:10020000FCF7AAFB7B681B6803F560631B687A68D0
:10021000126802F5606243F0010313607B681B6A99
:10022000002B05D0044B1B69034A43F006031361FE
:1002300000BF0837BD4680BD00ED00E080B582B04C
:1002400000AF78607B68D3F804341846FCF79AFB5B
:1002500000BF0837BD4680BD80B582B000AF786072
:100260000B46FB707B68D3F80434FA7811461846C5
:10027000FCF7E8FB00BF0837BD4680BD80B582B003
:1002800000AF78600B46FB707B68D3F80434FA78D3
:1002900011461846FCF7B0FB00BF0837BD4680BDCD
:1002A00080B582B000AF78607B68D3F8043418461C
:1002B000FCF7EEFB00BF0837BD4680BD80B582B0BD
:1002C00000AF78607B68D3F804341846FCF7EBFB8A
:1002D00000BF0837BD4680BD80B582B000AF7860F2
:1002E0007B681B78002B3CD1204A7B68C2F8043421
:1002F0007B681E4AC3F8C4221C4B4FF0A0421A6010
:100300001A4B04225A60194B0222DA60174B002262
:100310001A61164B02229A61144B0022DA61134BC8
:1003200000221A62114B00225A62104B0022DA623C
:100330000E4B00221A630D4805F016FF0346002BF2
:1003400001D0FAF76FFD8021084807F074F84022C9
:100350000021064807F028F880220121034807F011
:1003600023F8002318460837BD4680BD70AE002034
:1003700080B584B000AF78600023FB730023BB73AB
:100380007B68D3F8C432184606F00BF80346FB73BB
:10039000FB7B184600F042F90346BB73BB7B184653
:1003A0001037BD4680BD80B584B000AF7860084688
:1003B00011461A460346FB700B46BB7013463B8042
:1003C0000023FB730023BB737B68D3F8C402BB78A4
:1003D0003A88F97806F0EFFB0346FB73FB7B18467F
:1003E00000F01CF90346BB73BB7B18461037BD46B3
:1003F00080BD80B584B000AF78600B46FB700023F1
:10040000FB730023BB737B68D3F8C432FA781146C0
:10041000184606F038FC0346FB73FB7B184600F0D9
:10042000FDF80346BB73BB7B18461037BD4680BD45
:1004300080B584B000AF78600B46FB700023FB737F
:100440000023BB737B68D3F8C432FA781146184690
:1004500006F010FD0346FB73FB7B184600F0DEF848
:100460000346BB73BB7B18461037BD4680BD80B5C5
:1004700084B000AF78600B46FB700023FB73002351
:10048000BB737B68D3F8C432FA781146184606F07D
:1004900055FD0346FB73FB7B184600F0BFF803468F
:1004A000BB73BB7B18461037BD4680BD80B485B09A
:1004B00000AF78600B46FB707B68D3F8C432FB60FA
:1004C00097F90330002B0BDAFB7803F07F02F96811
:1004D0001346DB009B1A9B000B443E331B780BE05A
:1004E000FB7803F07F02F9681346DB009B1A9B0040
:1004F0000B4403F5FF731B7818461437BD465DF8AF
:10050000047B704780B584B000AF78600B46FB7009
:100510000023FB730023BB737B68D3F8C432FA78E3
:100520001146184606F022FB0346FB73FB7B184678
:1005300000F074F80346BB73BB7B18461037BD460A
:1005400080BD80B586B000AFF8607A603B600B4636
:10055000FB720023FB750023BB75FB68D3F8C40254
:10056000F97A3B687A6806F03BFC0346FB75FB7D35
:10057000184600F053F80346BB75BB7D1846183784
:10058000BD4680BD80B586B000AFF8607A603B6044
:100590000B46FB720023FB750023BB75FB68D3F889
:1005A000C402F97A3B687A6806F0B7FB0346FB752C
:1005B000FB7D184600F032F80346BB75BB7D18463C
:1005C0001837BD4680BD80B582B000AF78600B465D
:1005D000FB707B68D3F8C432FA781146184606F0EF
:1005E000E7FB034618460837BD4680BD80B483B09C
:1005F00000AF7860034B18460C37BD465DF8047BAE
:10060000704700BF78B2002080B483B000AF78603C
:1006100000BF0C37BD465DF8047B704780B485B0E1
:1006200000AF0346FB710023FB73FB79032B17D844
:1006300001A252F823F000BF490604084F0604083F
:10064000550604085B0604080023FB730BE0032334
:10065000FB7308E00123FB7305E00323FB7302E057
:100660000323FB7300BFFB7B18461437BD465DF8C0
:10067000047B704780B500AF0E4B1B680D4A43F4F6
:10068000007313600B4B1B680A4A43F480631360CA
:10069000084B1B68074A43F480731360032001F082
:1006A000FDFD0020FBF716F9FAF7C2FB0023184600
:1006B00080BD00BF003C024080B400AF064B1B78F9
:1006C0001A46064B1B681344044A136000BFBD461C
:1006D0005DF8047B704700BFF406002098B400204A
:1006E00080B400AF034B1B681846BD465DF8047B21
:1006F000704700BF98B4002080B584B000AF786028
:10070000FFF7EEFFB8607B68FB60FB68B3F1FF3F6B
:1007100005D00A4B1B781A46FB681344FB6000BFE8
:10072000FFF7DEFF0246BB68D31AFA689A42F7D891
:1007300000BF00BF1037BD4680BD00BFF4060020DB
:1007400080B584B000AF78600023FB737B68002B1A
:1007500001D101234AE07B681B6C002B20D17B6810
:10076000244A9A647B68244ADA647B68234A1A65BF
:100770007B68234A5A657B68224A9A657B68DB6DF1
:10078000002B02D17B68204ADA657B68DB6D7868D4
:1007900098477B6800225A647B68002283F83C20DB
:1007A0007B681B6C03F01003002B18D17B681B6C5B
:1007B00023F4885323F0020343F002027B681A6497
:1007C000786800F0C3FB7B6800225A647B681B6C6E
:1007D00023F0030343F001027B681A6401E0012364
:1007E000FB737B68002283F83C20FB7B18461037A4
:1007F000BD4680BDB90C0408CD0C0408E10C04080A
:10080000F50C04085112040899AE030880B584B0B1
:1008100000AF78600023FB600023BB607B681B682F
:100820001B6803F00203022B0CBF01230023DBB281
:10083000FB607B681B685B6803F02003202B0CBF08
:1008400001230023DBB2BB60FB68002B4AD0BB68EE
:10085000002B47D07B681B6C03F01003002B05D1E5
:100860007B681B6C43F400727B681A647B681B68AE
:100870009B6803F04053002B2BD17B681B7E002B21
:1008800027D17B681B68DB6A03F47003002B06D05A
:100890007B681B689B6803F48063002B19D17B681D
:1008A0001B685A687B681B6822F020025A607B68CC
:1008B0001B6C23F480727B681A647B681B6C03F4E6
:1008C0008053002B05D17B681B6C43F001027B68D1
:1008D0001A647B689B6C786898477B681B686FF02C
:1008E00012021A607B681B681B6803F00403042B68
:1008F0000CBF01230023DBB2FB607B681B685B68D5
:1009000003F08003802B0CBF01230023DBB2BB600C
:10091000FB68002B58D0BB68002B55D07B681B6C44
:1009200003F01003002B05D17B681B6C43F40052CD
:100930007B681A647B681B689B6803F44013002B78
:1009400039D17B681B689B6B03F44013002B06D0E6
:100950007B681B689B6803F48063002B2BD17B684A
:100960001B685B6803F48063002B24D17B681B68E1
:100970009B6803F04053002B1DD17B681B7E002B2E
:1009800019D17B681B685A687B681B6822F080025B
:100990005A607B681B6C23F480527B681A647B6806
:1009A0001B6C03F48073002B05D17B681B6C43F038
:1009B00001027B681A647B689B6D786898477B6846
:1009C0001B686FF00C021A607B681B681B6803F0E1
:1009D0000103012B0CBF01230023DBB2FB607B680A
:1009E0001B685B6803F04003402B0CBF012300230E
:1009F000DBB2BB60FB68002B18D0BB68002B15D0A6
:100A00007B681B681B6803F00103012B0ED17B6818
:100A10001B6C43F480327B681A647B681B6D7868BA
:100A200098477B681B686FF001021A607B681B683F
:100A30001B6803F02003202B0CBF01230023DBB233
:100A4000FB607B681B685B6803F08063B3F1806FB9
:100A50000CBF01230023DBB2BB60FB68002B16D068
:100A6000BB68002B13D07B685B6C43F002027B6891
:100A70005A647B681B686FF020021A607B685B6DAC
:100A8000786898477B681B686FF020021A6000BF87
:100A90001037BD4680BD000080B586B000AFF8605D
:100AA000B9607A6000233B61FB6893F83C30012B0E
:100AB00001D10223E9E0FB68012283F83C20FB68B6
:100AC0001B689B6803F00103012B18D0FB681B68AF
:100AD0009A68FB681B6842F001029A606D4B1B68C4
:100AE0006D4AA2FB03239A0C13465B0013443B613F
:100AF00002E03B69013B3B613B69002BF9D1FB689C
:100B00001B689B6803F48073B3F5807F07D1FB6893
:100B10001B689A68FB681B6822F480729A60FB6805
:100B20001B689B6803F00103012B40F0A180FB6868
:100B30001B6C23F4E06323F0010343F48072FB6831
:100B40001A64FB681B685B6803F48063002B07D0A2
:100B5000FB681B6C23F4405343F48052FB681A6417
:100B6000FB681B6C03F48053B3F5805F06D1FB6810
:100B70005B6C23F00602FB685A6402E0FB6800220B
:100B80005A64FB68002283F83C20444B7B61FB687D
:100B90009B6B434ADA63FB689B6B424A1A64FB68AF
:100BA0009B6B414ADA64FB681B686FF022021A6093
:100BB000FB681B685A68FB681B6842F080625A60D9
:100BC000FB681B689A68FB681B6842F480729A6035
:100BD000FB68986BFB681B684C331946BA687B68E6
:100BE00001F0B0FC7B695B6803F01F03002B2AD186
:100BF000FB681B682D4A934215D0FB681B682C4A82
:100C0000934205D1254B5B6803F01F03002B0AD0EC
:100C1000FB681B68274A934236D1204B5B6803F080
:100C20001003002B30D1FB681B689B6803F0405316
:100C3000002B29D1FB681B689A68FB681B6842F08F
:100C400080429A6020E0FB681B68184A93421BD1DF
:100C5000FB681B689B6803F04053002B14D1FB68B2
:100C60001B689A68FB681B6842F080429A600BE040
:100C7000FB681B6C43F01002FB681A64FB685B6C3A
:100C800043F00102FB685A64002318461837BD463A
:100C900080BD00BF8805002083DE1B430023014088
:100CA0004511040803120408211204080020014021
:100CB000002101400022014080B483B000AF786081
:100CC00000BF0C37BD465DF8047B704780B483B02D
:100CD00000AF786000BF0C37BD465DF8047B7047FD
:100CE00080B483B000AF786000BF0C37BD465DF8BC
:100CF000047B704780B483B000AF786000BF0C37CE
:100D0000BD465DF8047B704780B485B000AF786065
:100D100039600023BB607B6893F83C30012B01D124
:100D2000022305E17B68012283F83C203B681B68B5
:100D3000092B25D97B681B68D9683B681B689BB267
:100D40001A4613465B0013441E3B072202FA03F3C4
:100D5000DA437B681B680A40DA607B681B68D968E5
:100D60003B689A683B681B689BB2184603465B0069
:100D700003441E3B9A407B681B680A43DA6022E00A
:100D80007B681B6819693B681B689BB21A4613464F
:100D90005B001344072202FA03F3DA437B681B6803
:100DA0000A401A617B681B6819693B689A683B684E
:100DB0001B689BB2184603465B0003449A407B685D
:100DC0001B680A431A613B685B68062B24D87B6862
:100DD0001B68596B3B685A6813469B001344053BDC
:100DE0001F2202FA03F3DA437B681B680A405A6346
:100DF0007B681B68596B3B681B689BB218463B6855
:100E00005A6813469B001344053B00FA03F27B68C3
:100E10001B680A435A634CE03B685B680C2B24D880
:100E20007B681B68196B3B685A6813469B00134428
:100E3000233B1F2202FA03F3DA437B681B680A4054
:100E40001A637B681B68196B3B681B689BB218466A
:100E50003B685A6813469B001344233B00FA03F295
:100E60007B681B680A431A6323E07B681B68D96AA6
:100E70003B685A6813469B001344413B1F2202FA09
:100E800003F3DA437B681B680A40DA627B681B68FD
:100E9000D96A3B681B689BB218463B685A68134680
:100EA0009B001344413B00FA03F27B681B680A4332
:100EB000DA62224BFB607B681B68214A934209D1AE
:100EC0003B681B68122B05D1FB685B6843F480020A
:100ED000FB685A607B681B68194A934223D13B68C0
:100EE0001B68102B03D03B681B68112B1BD1FB68C0
:100EF0005B6843F40002FB685A603B681B68102B78
:100F000011D1104B1B68104AA2FB03239A0C134605
:100F10009B0013445B00BB6002E0BB68013BBB600D
:100F2000BB68002BF9D17B68002283F83C200023AA
:100F300018461437BD465DF8047B70470023014016
:100F4000002001408805002083DE1B4380B485B06B
:100F500000AF7860794BFB60FB685B6823F440323C
:100F6000FB685A60FB685A687B685B681A43FB68D9
:100F70005A607B681B685A687B681B6822F4807221
:100F80005A607B681B6859687B681B691A027B681A
:100F90001B680A435A607B681B685A687B681B6839
:100FA00022F040725A607B681B6859687B689A68B7
:100FB0007B681B680A435A607B681B689A687B6879
:100FC0001B6822F400629A607B681B6899687B68E2
:100FD000DA687B681B680A439A607B689B6A584A98
:100FE000934222D07B681B689A687B681B6822F05A
:100FF00070629A607B681B6899687B689A6A7B68F4
:101000001B680A439A607B681B689A687B681B6848
:1010100022F040529A607B681B6899687B68DA6AA4
:101020007B681B680A439A600FE07B681B689A68BC
:101030007B681B6822F070629A607B681B689A6804
:101040007B681B6822F040529A607B681B689A6834
:101050007B681B6822F002029A607B681B689968B3
:101060007B681B7E5A007B681B680A439A607B681A
:1010700093F82030002B1BD07B681B685A687B6874
:101080001B6842F400625A607B681B685A687B6880
:101090001B6822F460425A607B681B6859687B6851
:1010A0005B6A013B5A037B681B680A435A6007E08E
:1010B0007B681B685A687B681B6822F400625A6070
:1010C0007B681B68DA6A7B681B6822F47002DA624C
:1010D0007B681B68D96A7B68DB69013B1A057B6802
:1010E0001B680A43DA627B681B689A687B681B6826
:1010F00022F400729A607B681B6899687B6893F899
:1011000030305A027B681B680A439A607B681B6810
:101110009A687B681B6822F480629A607B681B680F
:1011200099687B685B699A027B681B680A439A60CE
:1011300000BF1437BD465DF8047B704700230140B3
:101140000100000F80B584B000AF78607B689B6BB6
:10115000FB60FB681B6C03F05003002B3DD1FB6868
:101160001B6C43F40072FB681A64FB681B689B6885
:1011700003F04053002B2BD1FB681B7E002B27D1A3
:10118000FB681B68DB6A03F47003002B06D0FB6866
:101190001B689B6803F48063002B19D1FB681B68F4
:1011A0005A68FB681B6822F020025A60FB681B6CBF
:1011B00023F48072FB681A64FB681B6C03F4805391
:1011C000002B05D1FB681B6C43F00102FB681A641D
:1011D000FB689B6CF86898470FE0FB681B6C03F09A
:1011E0001003002B04D0FB685B6DF868984704E09F
:1011F000FB689B6BDB6C7868984700BF1037BD4677
:1012000080BD80B584B000AF78607B689B6BFB606D
:10121000FB68DB6CF868984700BF1037BD4680BD9F
:1012200080B584B000AF78607B689B6BFB60FB6827
:1012300040221A64FB685B6C43F00402FB685A644A
:10124000FB685B6DF868984700BF1037BD4680BDEE
:1012500080B483B000AF786000BF0C37BD465DF846
:10126000047B704780B584B000AF78607B68002B4A
:1012700001D101231CE17B6893F82030DBB2002B05
:1012800031D17B688C4A1A647B688C4A5A647B68CB
:101290008B4A9A647B688B4ADA647B688A4A9A62D2
:1012A0007B688A4ADA627B68894A1A637B68894A62
:1012B0005A637B68884A9A637B68884ADA637B68EA
:1012C000874A1A657B68874A5A657B68864A9A65A9
:1012D0007B68DB6D002B02D17B68844ADA657B6812
:1012E000DB6D786898477B681B681A687B681B68A9
:1012F00042F001021A60FFF7F3F9F86012E0FFF71D
:10130000EFF90246FB68D31A0A2B0BD97B685B6A9C
:1013100043F400327B685A627B68052283F8202000
:101320000123C5E07B681B685B6803F00103002BA9
:10133000E5D07B681B681A687B681B6822F0020294
:101340001A60FFF7CDF9F86012E0FFF7C9F902461D
:10135000FB68D31A0A2B0BD97B685B6A43F4003213
:101360007B685A627B68052283F8202001239FE076
:101370007B681B685B6803F00203002BE5D17B6888
:101380001B7E012B08D17B681B681A687B681B6871
:1013900042F080021A6007E07B681B681A687B686D
:1013A0001B6822F080021A607B685B7E012B08D1EB
:1013B0007B681B681A687B681B6842F040021A60F1
:1013C00007E07B681B681A687B681B6822F0400294
:1013D0001A607B689B7E012B08D17B681B681A68AA
:1013E0007B681B6842F020021A6007E07B681B687C
:1013F0001A687B681B6822F020021A607B68DB7E1B
:10140000012B08D17B681B681A687B681B6822F077
:1014100010021A6007E07B681B681A687B681B680B
:1014200042F010021A607B681B7F012B08D17B6899
:101430001B681A687B681B6842F008021A6007E0A4
:101440007B681B681A687B681B6822F008021A60B8
:101450007B685B7F012B08D17B681B681A687B68FF
:101460001B6842F004021A6007E07B681B681A6878
:101470007B681B6822F004021A607B689A687B68AC
:10148000DB681A437B681B691A437B685B6942EA25
:1014900003017B685B685A1E7B681B680A43DA613C
:1014A0007B6800225A627B68012283F82020002397
:1014B00018461037BD4680BD91100208552004081B
:1014C000692004087D200408DD1F0408F11F0408BA
:1014D00005200408192004082D20040841200408D0
:1014E00091200408A5200408B920040899AF030836
:1014F00080B487B000AF786039607B681B687B611F
:101500007B6893F82030FB74FB7C012B03D0FB7CC1
:10151000022B40F0BE80654B7B617B69D3F80032C3
:1015200043F001027B69C3F800227B69D3F80032E3
:1015300023F47C527B69C3F800227B69D3F8002234
:101540003B685B6A1B021A437B69C3F800223B6855
:101550005B6903F01F03012202FA03F3FB607B695E
:10156000D3F81C22FB68DB431A407B69C3F81C22BA
:101570003B68DB69002B23D17B69D3F80C22FB6825
:10158000DB431A407B69C3F80C223B68DB68190413
:101590003B685B689BB23A68526919437B69483281
:1015A00043F832103B689B6819043B681B689AB289
:1015B0003B685B690A4379694833DB000B445A6036
:1015C0003B68DB69012B22D17B69D3F80C22FB68D5
:1015D0001A437B69C3F80C223B681B6819043B68FB
:1015E0005B689BB23A68526919437B69483243F899
:1015F00032103B689B6819043B68DB689AB23B6811
:101600005B690A4379694833DB000B445A603B68E5
:101610009B69002B09D17B69D3F80422FB68DB436B
:101620001A407B69C3F8042207E07B69D3F80422DF
:10163000FB681A437B69C3F804223B681B69002BD3
:1016400009D17B69D3F81422FB68DB431A407B691C
:10165000C3F8142207E07B69D3F81422FB681A430D
:101660007B69C3F814223B681B6A012B07D17B6995
:10167000D3F81C22FB681A437B69C3F81C227B69E0
:10168000D3F8003223F001027B69C3F80022002363
:1016900006E07B685B6A43F480227B685A62012320
:1016A00018461C37BD465DF8047B70470064004057
:1016B00080B584B000AF78607B6893F82030DBB2EF
:1016C000012B2ED17B68022283F820207B681B68C7
:1016D0001A687B681B6822F001021A60FFF700F8A5
:1016E000F86012E0FEF7FCFF0246FB68D31A0A2BF3
:1016F0000BD97B685B6A43F400327B685A627B6873
:10170000052283F82020012312E07B681B685B68B8
:1017100003F00103002BE5D17B6800225A6200230D
:1017200006E07B685B6A43F400227B685A6201230F
:1017300018461037BD4680BD80B489B000AFF86050
:10174000B9607A603B60FB6893F82030FB77FB68F8
:101750001B689B68BB61FB7F012B03D0FB7F022BC7
:1017600040F0B880BB6903F08063002B0AD1BB69ED
:1017700003F00063002B05D1BB6903F08053002BFD
:1017800000F0A080BB691B0E03F003037B617B6943
:10179000022B07D9FB685B6A43F40002FB685A62BC
:1017A00001239EE001227B699A403B681A60BB6876
:1017B0009B68002B0DD1BB681B685A05BB68DB68B2
:1017C000F96809681A437B6918331B010B441A60D6
:1017D0000FE0BB685B68DA00BB689B681A43BB68B4
:1017E000DB68F96809681A437B6918331B010B44ED
:1017F0001A60FB681968BB681A697B6918331B019A
:101800000B4404331A60BB681B7D012B11D1FB68AC
:101810001A687B6918331B01134404331B68FA6888
:10182000116843F480727B6918331B010B44043345
:101830001A607B6807331B781A067B6806331B78AF
:101840001B041A437B6805331B781B0213437A6819
:10185000043212781046FA68116843EA00027B6984
:101860001B010B4403F5C6731A607B6803331B78B6
:101870001A067B6802331B781B041A437B6801330A
:101880001B781B0213437A6812781046FA681168B5
:1018900043EA00027B691B010B4403F5C4731A6021
:1018A000FB681A687B6918331B0113441B68FA68CC
:1018B000116843F001027B6918331B010B441A6065
:1018C00000230EE0FB685B6A43F40012FB685A6277
:1018D000012306E0FB685B6A43F48022FB685A62DE
:1018E000012318462437BD465DF8047B704780B459
:1018F00085B000AF786039607B6893F82030FB7367
:10190000FB7B012B02D0FB7B022B28D13B6803F031
:101910000103002B07D07B681B689A687B681B68F3
:1019200042F080029A603B6803F00203002B07D06C
:101930007B681B689A687B681B6842F400429A6067
:101940003B6803F00403002B07D07B681B689A6890
:101950007B681B6842F400029A60002306E07B6803
:101960005B6A43F480227B685A620123184614376D
:10197000BD465DF8047B704780B485B000AF7860E9
:101980000023FB607B6893F82030FB72FB7A012B0D
:1019900002D0FB7A022B1DD17B681B689B6803F089
:1019A0008063002B02D0FB680133FB607B681B68FF
:1019B0009B6803F00063002B02D0FB680133FB60DF
:1019C0007B681B689B6803F08053002B02D0FB6888
:1019D0000133FB60FB6818461437BD465DF8047B95
:1019E000704780B487B000AFF860B9607A603B6040
:1019F000FB6893F82030FB75FB7D012B03D0FB7D4A
:101A0000022B40F0F380BB68002B0ED1FB681B68F3
:101A1000DB6803F00303002B16D1FB685B6A43F419
:101A20000012FB685A620123E7E0FB681B681B6930
:101A300003F00303002B07D1FB685B6A43F4001239
:101A4000FB685A620123D8E0FB681A68BB681B3345
:101A50001B0113441B6803F004027B689A607B68D7
:101A60009B68002B0CD1FB681A68BB681B331B01F9
:101A700013441B685B0DC3F30A027B681A600BE01A
:101A8000FB681A68BB681B331B0113441B68DB0827
:101A900023F060427B685A60FB681A68BB681B339E
:101AA0001B0113441B6803F002027B68DA60FB68C9
:101AB0001A68BB681B331B01134404331B6803F013
:101AC0000F027B681A61FB681A68BB681B331B0135
:101AD000134404331B681B0ADAB27B689A61FB6803
:101AE0001A68BB681B331B01134404331B681B0CAF
:101AF0009AB27B685A61FB681A68BB681B01134481
:101B000003F5DC731B68DAB23B681A70FB681A686D
:101B1000BB681B01134403F5DC731B681A0A3B689E
:101B20000133D2B21A70FB681A68BB681B011344F8
:101B300003F5DC731B681A0C3B680233D2B21A70CF
:101B4000FB681A68BB681B01134403F5DC731B6850
:101B50001A0E3B680333D2B21A70FB681A68BB686E
:101B60001B01134403F5DE731A683B680433D2B2D9
:101B70001A70FB681A68BB681B01134403F5DE7317
:101B80001B681A0A3B680533D2B21A70FB681A68E0
:101B9000BB681B01134403F5DE731B681A0C3B681A
:101BA0000633D2B21A70FB681A68BB681B01134473
:101BB00003F5DE731B681A0E3B680733D2B21A7046
:101BC000BB68002B08D1FB681B68DA68FB681B68E0
:101BD00042F02002DA6007E0FB681B681A69FB68C4
:101BE0001B6842F020021A61002306E0FB685B6A72
:101BF00043F48022FB685A62012318461C37BD4615
:101C00005DF8047B704780B485B000AF78603960C0
:101C10007B6893F82030FB73FB7B012B02D0FB7BAE
:101C2000022B09D17B681B6859697B681B683A687D
:101C30000A435A61002306E07B685B6A43F4802212
:101C40007B685A62012318461437BD465DF8047B51
:101C5000704780B58AB000AF786000237B627B68F4
:101C60001B685B693B627B681B685B68FB617B6828
:101C70001B689B68BB617B681B68DB687B617B685A
:101C80001B681B693B617B681B689B69FB603B6A47
:101C900003F00103002B00F08380BB6903F0010314
:101CA000002B25D07B681B6801229A60BB6903F07A
:101CB0000203002B04D07B689B6A7868984717E082
:101CC000BB6903F00403002B04D07B6A43F4006378
:101CD0007B620DE0BB6903F00803002B04D07B6A34
:101CE00043F480537B6203E07B685B6B78689847C2
:101CF000BB6903F48073002B26D07B681B684FF40C
:101D000080729A60BB6903F40073002B04D07B6877
:101D1000DB6A7868984717E0BB6903F48063002B9F
:101D200004D07B6A43F400537B620DE0BB6903F48B
:101D30000063002B04D07B6A43F480437B6203E0A2
:101D40007B689B6B78689847BB6903F48033002BF2
:101D500026D07B681B684FF480329A60BB6903F41D
:101D60000033002B04D07B681B6B7868984717E022
:101D7000BB6903F48023002B04D07B6A43F4004347
:101D80007B620DE0BB6903F40023002B04D07B6A67
:101D900043F480337B6203E07B68DB6B78689847B1
:101DA0003B6A03F00803002B0CD07B6903F010039F
:101DB000002B07D07B6A43F400737B627B681B684F
:101DC0001022DA603B6A03F00403002B0CD07B691D
:101DD00003F00803002B07D07B681B680822DA6039
:101DE0007B685B6C786898473B6A03F00203002BC2
:101DF0000AD07B681B68DB6803F00303002B03D069
:101E00007B681B6C786898473B6A03F04003002BA3
:101E10000CD03B6903F01003002B07D07B6A43F41E
:101E200080637B627B681B6810221A613B6A03F047
:101E30002003002B0CD03B6903F00803002B07D0D4
:101E40007B681B6808221A617B68DB6C786898479E
:101E50003B6A03F01003002B0AD07B681B681B69E8
:101E600003F00303002B03D07B689B6C78689847D2
:101E70003B6A03F40033002B0CD0FB6903F0100322
:101E8000002B07D07B681B6810225A607B681B6D93
:101E9000786898473B6A03F48033002B0CD0FB69C9
:101EA00003F00803002B07D07B681B6808225A60E8
:101EB0007B685B6D786898473B6A03F40043002BAE
:101EC0007BD0FB6903F00403002B72D03B6A03F460
:101ED0008073002B08D0FB6803F00103002B03D0B4
:101EE0007B6A43F001037B623B6A03F40073002BBF
:101EF00008D0FB6803F00203002B03D07B6A43F099
:101F000002037B623B6A03F48063002B08D0FB680A
:101F100003F00403002B03D07B6A43F004037B62CD
:101F20003B6A03F40063002B43D0FB6803F07003AB
:101F3000002B3ED0FB6803F07003602B2BD0602B8E
:101F40002ED8502B22D0502B2AD8402B19D0402BE2
:101F500026D8302B10D0302B22D8102B02D0202B9B
:101F600005D01DE07B6A43F008037B6219E07B6AC1
:101F700043F010037B6214E07B6A43F020037B6232
:101F80000FE07B6A43F040037B620AE07B6A43F028
:101F900080037B6205E07B6A43F480737B6200E030
:101FA00000BF7B681B689A697B681B6822F070021F
:101FB0009A617B681B6804225A607B6A002B09D0F7
:101FC0007B685A6A7B6A1A437B685A627B689B6D9E
:101FD0007868984700BF2837BD4680BD80B483B07D
:101FE00000AF786000BF0C37BD465DF8047B7047DA
:101FF00080B483B000AF786000BF0C37BD465DF899
:10200000047B704780B483B000AF786000BF0C37AA
:10201000BD465DF8047B704780B483B000AF786044
:1020200000BF0C37BD465DF8047B704780B483B0B9
:1020300000AF786000BF0C37BD465DF8047B704789
:1020400080B483B000AF786000BF0C37BD465DF848
:10205000047B704780B483B000AF786000BF0C375A
:10206000BD465DF8047B704780B483B000AF7860F4
:1020700000BF0C37BD465DF8047B704780B483B069
:1020800000AF786000BF0C37BD465DF8047B704739
:1020900080B483B000AF786000BF0C37BD465DF8F8
:1020A000047B704780B483B000AF786000BF0C370A
:1020B000BD465DF8047B704780B483B000AF7860A4
:1020C00000BF0C37BD465DF8047B704780B485B017
:1020D00000AF78607B6803F00703FB600C4BDB68A4
:1020E000BB60BA684FF6FF031340BB60FB681A027F
:1020F000BB68134343F0BF6343F40033BB60044A3F
:10210000BB68D36000BF1437BD465DF8047B7047E1
:1021100000ED00E080B400AF044BDB681B0A03F065
:1021200007031846BD465DF8047B704700ED00E0EC
:1021300080B483B000AF0346FB7197F90730002BE2
:102140000BDBFB7903F01F02074997F907305B09A6
:10215000012000FA02F241F8232000BF0C37BD46EF
:102160005DF8047B704700BF00E100E080B483B0FD
:1021700000AF0346FB7197F90730002B12DBFB79A8
:1021800003F01F020A4997F907305B09012000FAA2
:1021900002F2203341F82320BFF34F8F00BFBFF37B
:1021A0006F8F00BF00BF0C37BD465DF8047B7047E2
:1021B00000E100E080B483B000AF03463960FB71FA
:1021C00097F90730002B0ADB3B68DAB20C4997F924
:1021D00007301201D2B20B4483F800230AE03B68B7
:1021E000DAB20849FB7903F00F03043B1201D2B2C3
:1021F0000B441A7600BF0C37BD465DF8047B704770
:1022000000E100E000ED00E080B489B000AFF860CC
:10221000B9607A60FB6803F00703FB61FB69C3F1F7
:102220000703042B28BF0423BB61FB690433062B7F
:1022300002D9FB69033B00E000237B614FF0FF32D2
:10224000BB6902FA03F3DA43BB681A407B699A4020
:102250004FF0FF317B6901FA03F3D9437B680B40F0
:10226000134318462437BD465DF8047B70470000D1
:1022700080B400AFBFF34F8F00BF064BDB6803F4A1
:10228000E0620449044B1343CB60BFF34F8F00BFA0
:1022900000BFFDE700ED00E00400FA0580B582B064
:1022A00000AF78607868FFF711FF00BF0837BD46C0
:1022B00080BD80B586B000AF0346B9607A60FB731D
:1022C00000237B61FFF726FF78617A68B968786937
:1022D000FFF79AFF024697F90F3011461846FFF7AD
:1022E00069FF00BF1837BD4680BD80B582B000AF22
:1022F0000346FB7197F907301846FFF719FF00BF37
:102300000837BD4680BD80B582B000AF0346FB7183
:1023100097F907301846FFF729FF00BF0837BD4679
:1023200080BD80B500AFFFF7A3FF000080B586B089
:1023300000AF786000237B61FEF7D2F938617B68DB
:10234000002B01D1012399E07B68022283F835201C
:102350007B68002283F834207B681B681A687B68DE
:102360001B6822F001021A600FE0FEF7B9F902467D
:102370003B69D31A052B08D97B6820225A657B68F4
:10238000032283F83520032378E07B681B681B68F1
:1023900003F00103002BE8D17B681B681B687B619D
:1023A0007A69384B13407B617B685A687B689B680D
:1023B0001A437B68DB681A437B681B691A437B6896
:1023C0005B691A437B689B691A437B68DB691A4324
:1023D0007B681B6A13437A6913437B617B685B6A82
:1023E000042B07D17B68DA6A7B681B6B13437A691D
:1023F00013437B617B681B687A691A607B681B6882
:102400005B697B617B6923F007037B617B685B6AA7
:102410007A6913437B617B685B6A042B17D17B6805
:102420009B6A7A6913437B617B68DB6A002B0ED061
:10243000786800F009FB0346002B08D07B68402237
:102440005A657B68012283F83520012316E07B68FA
:102450001B687A695A61786800F0C0FA0346FB602D
:102460007B68DB6D3F229A40FB689A607B680022A4
:102470005A657B68012283F83520002318461837F7
:10248000BD4680BD3F8010F080B584B000AF78605D
:102490007B68002B01D1012350E07B6893F8353035
:1024A000DBB2022B01D1022348E07B681B681A686B
:1024B0007B681B6822F001021A607B681B6800229F
:1024C0001A607B681B6800225A607B681B680022C8
:1024D0009A607B681B680022DA607B681B680022B8
:1024E0001A617B681B6821225A61786800F076FACD
:1024F0000346FB607B680022DA637B6800221A6473
:102500007B6800225A647B6800229A647B68002200
:10251000DA647B6800221A657B68DB6D3F229A4093
:10252000FB689A607B6800225A657B68002283F80A
:1025300035207B68002283F83420002318461037AA
:10254000BD4680BD80B586B000AFF860B9607A60E6
:102550003B600023FB75FB689B6D3B61FB6893F858
:102560003430012B01D1022340E0FB68012283F8C3
:102570003420FB6893F83530DBB2012B2FD1FB6898
:10258000022283F83520FB6800225A653B687A688E
:10259000B968F86800F0F4F9FB68DB6D3F229A40F7
:1025A0003B699A60FB681B681A68FB681B6842F00D
:1025B00016021A60FB681B6C002B07D0FB681B68B7
:1025C0001A68FB681B6842F008021A60FB681B6807
:1025D0001A68FB681B6842F001021A6005E0FB689C
:1025E000002283F834200223FB75FB7D1846183740
:1025F000BD4680BD80B483B000AF78607B6893F83F
:102600003530DBB2022B04D07B6880225A6501236F
:102610000CE07B68052283F835207B681B681A680C
:102620007B681B6822F001021A60002318460C37F1
:10263000BD465DF8047B704780B586B000AF78601A
:102640000023BB608E4B1B688E4AA2FB03239B0AB0
:102650007B617B689B6D3B613B691B68FB607B68B2
:10266000DB6D08229A40FB681340002B1AD07B6870
:102670001B681B6803F00403002B13D07B681B68E6
:102680001A687B681B6822F004021A607B68DB6DA5
:1026900008229A403B699A607B685B6D43F00102B7
:1026A0007B685A657B68DB6D01229A40FB681340AA
:1026B000002B12D07B681B685B6903F08003002B42
:1026C0000BD07B68DB6D01229A403B699A607B6886
:1026D0005B6D43F002027B685A657B68DB6D042208
:1026E0009A40FB681340002B12D07B681B681B6864
:1026F00003F00203002B0BD07B68DB6D04229A40B1
:102700003B699A607B685B6D43F004027B685A65A5
:102710007B68DB6D10229A40FB681340002B43D08E
:102720007B681B681B6803F00803002B3CD07B68A8
:10273000DB6D10229A403B699A607B681B681B68BE
:1027400003F48023002B18D07B681B681B6803F4FC
:102750000023002B08D17B681B6C002B24D07B68E6
:102760001B6C786898471FE07B689B6C002B1BD024
:102770007B689B6C7868984716E07B681B681B68D1
:1027800003F48073002B07D17B681B681A687B6891
:102790001B6822F008021A607B681B6C002B03D0B8
:1027A0007B681B6C786898477B68DB6D20229A40B9
:1027B000FB681340002B00F08F807B681B681B6850
:1027C00003F01003002B00F087807B68DB6D202274
:1027D0009A403B699A607B6893F83530DBB2052BF1
:1027E00036D17B681B681A687B681B6822F016026A
:1027F0001A607B681B685A697B681B6822F080023C
:102800005A617B681B6C002B03D17B689B6C002B8F
:1028100007D07B681B681A687B681B6822F0080277
:102820001A607B68DB6D3F229A403B699A607B6847
:10283000012283F835207B68002283F834207B68EE
:102840001B6D002B7ED07B681B6D7868984779E004
:102850007B681B681B6803F48023002B1DD07B68FA
:102860001B681B6803F40023002B0DD17B685B6C95
:10287000002B31D07B685B6C786898472CE000BFF8
:1028800088050020B5814E1B7B68DB6B002B23D0B5
:102890007B68DB6B786898471EE07B681B681B6869
:1028A00003F48073002B0FD17B681B681A687B6868
:1028B0001B6822F010021A607B68012283F8352021
:1028C0007B68002283F834207B68DB6B002B03D00D
:1028D0007B68DB6B786898477B685B6D002B32D038
:1028E0007B685B6D03F00103002B22D07B6805221F
:1028F00083F835207B681B681A687B681B6822F0A8
:1029000001021A60BB680133BB607A699A4207D33F
:102910007B681B681B6803F00103002BF2D100E009
:1029200000BF7B68012283F835207B68002283F892
:1029300034207B68DB6C002B05D07B68DB6C78680F
:10294000984700E000BF1837BD4680BD80B483B013
:1029500000AF78607B6893F83530DBB218460C37EF
:10296000BD465DF8047B704780B483B000AF7860EB
:102970007B685B6D18460C37BD465DF8047B70477D
:1029800080B485B000AFF860B9607A603B60FB68E6
:102990001B681A68FB681B6822F480221A60FB68B7
:1029A0001B683A685A60FB689B68402B08D1FB683B
:1029B0001B687A689A60FB681B68BA68DA6007E08F
:1029C000FB681B68BA689A60FB681B687A68DA6003
:1029D00000BF1437BD465DF8047B704780B485B0F6
:1029E00000AF78607B681B68DBB2103B144AA2FB27
:1029F00003231B09FB60134AFB6813441B781A4628
:102A00007B68DA65FB68032B09D97B681B6823F4B4
:102A10007F7323F003031A1D7B689A6507E07B68C8
:102A20001B6823F47F7323F003037A6893657B6844
:102A30009B6D18461437BD465DF8047B704700BF98
:102A4000ABAAAAAAC4DD040880B485B000AF786040
:102A50000023FB737B689B6ABB607B689B69002BD0
:102A60001FD1BB68032B56D801A252F823F000BF38
:102A7000812A0408932A0408812A0408172B0408D1
:102A80007B68DB6A03F08073002B46D00123FB7365
:102A900043E07B68DB6AB3F1C07F40D10123FB7365
:102AA0003DE07B689B69B3F5005F21D1BB68032BD8
:102AB00037D801A252F823F0C92A0408CF2A040803
:102AC000C92A0408E12A04080123FB7330E07B686B
:102AD000DB6A03F08073002B25D00123FB7322E017
:102AE0007B68DB6AB3F1C07F1FD10123FB731CE05D
:102AF000BB68022B03D9BB68032B03D018E001236A
:102B0000FB7315E07B68DB6A03F08073002B0ED04B
:102B10000123FB730BE000BF0AE000BF08E000BF29
:102B200006E000BF04E000BF02E000BF00E000BF1D
:102B3000FB7B18461437BD465DF8047B704700BF29
:102B400080B586B000AFF860B960C7E90023012303
:102B5000FB75234B1B7E012B01D102233BE0204B55
:102B600001221A764CF2503000F014F90346FB753E
:102B7000FB7D002B2BD1FB68002B05D13B78194640
:102B8000B86800F0BFF916E0FB68012B05D13B885F
:102B90001946B86800F092F90DE0FB68022B05D1E8
:102BA0003B681946B86800F067F904E0D7E90023EC
:102BB000B86800F02FF94CF2503000F0EBF8034603
:102BC000FB75084B1B69074A23F001031361044B93
:102BD00000221A76FB7D18461837BD4680BD00BF1F
:102BE0009CB40020003C024080B582B000AF0023BE
:102BF0007B604B4BDB6803F0F203002B20D0494B8A
:102C00001B78DBB2012B07D1464BDB687B60454B61
:102C10004FF0FF32DA600BE0424B1B78DBB2022B45
:102C200003D1404B1B697B6002E03E4B5B697B60DC
:102C300000F08AF9786800F081F83A4B00221A70A7
:102C4000374BDB6803F00103002B4AD0344B0122E1
:102C5000DA60344B1B78DBB2012B2DD1314B5B6832
:102C6000013B304A53602F4B5B68002B15D02D4B36
:102C7000DB687B60786800F057F82A4BDB6801332B
:102C8000284AD360274BDB687B60264B1B7ADBB27C
:102C90001946786800F028FA23E04FF0FF337B6094
:102CA000204A7B68D3601F4B00221A7000F064FA40
:102CB000786800F039F814E01A4B1B78DBB2022B6D
:102CC00007D100F059FA174B1B69184600F02CF891
:102CD00004E0144B5B69184600F026F8114B002203
:102CE0001A70104B1B78DBB2002B14D10C4B1B69F4
:102CF0000B4A23F0FF031361094B1B69084A23F0B9
:102D000080731361064B1B69054A23F0007313613E
:102D1000044B00221A7600BF0837BD4680BD00BFB5
:102D2000003C02409CB4002080B483B000AF7860C7
:102D300000BF0C37BD465DF8047B704780B483B09C
:102D400000AF786000BF0C37BD465DF8047B70476C
:102D500080B483B000AF0023FB710B4B1B69002BC9
:102D60000BDA094B094A5A60074B094A5A60064B6D
:102D70001B69002B01DA0123FB71FB7918460C3724
:102D8000BD465DF8047B7047003C02402301674567
:102D9000AB89EFCD80B584B000AF78600023FB60D5
:102DA0001A4B0022DA61FDF79BFCF86010E07B68AB
:102DB000B3F1FF3F0CD07B68002B07D0FDF790FCF0
:102DC0000246FB68D31A7A689A4201D2032319E0BB
:102DD0000F4BDB6803F48033002BE8D10C4BDB682E
:102DE00003F00103002B02D0094B0122DA60084BEB
:102DF000DB6803F0F203002B03D000F0A5F80123F9
:102E000000E0002318461037BD4680BD9CB400206A
:102E1000003C024080B485B000AFF860C7E90023F1
:102E2000144B1B69134A23F440731361114B1B6944
:102E3000104A43F4407313610E4B1B690D4A43F073
:102E400001031361FB683A681A60BFF36F8F00BF1C
:102E5000D7E900014FF000024FF000030A00002301
:102E6000F968043113460B6000BF1437BD465DF8A6
:102E7000047B7047003C024080B483B000AF7860B0
:102E800039600D4B1B690C4A23F4407313610A4BE4
:102E90001B69094A43F400731361074B1B69064A17
:102EA00043F0010313617B683A681A6000BF0C3776
:102EB000BD465DF8047B7047003C024080B483B09F
:102EC00000AF78600B467B800D4B1B690C4A23F4E6
:102ED000407313610A4B1B69094A43F48073136101
:102EE000074B1B69064A43F0010313617B687A882C
:102EF0001A8000BF0C37BD465DF8047B704700BFE9
:102F0000003C024080B483B000AF78600B46FB7099
:102F10000C4B1B690B4A23F440731361094B094A9C
:102F20001B691361074B1B69064A43F001031361D8
:102F30007B68FA781A7000BF0C37BD465DF8047BD9
:102F4000704700BF003C024080B400AF274BDB68F5
:102F500003F01003002B08D0254BDB6943F010036E
:102F6000234AD361214B1022DA60204BDB6803F047
:102F70002003002B08D01E4BDB6943F008031C4ADA
:102F8000D3611A4B2022DA60184BDB6803F0400350
:102F9000002B08D0164BDB6943F00403144AD361BD
:102FA000124B4022DA60114BDB6803F08003002BE8
:102FB00008D00F4BDB6943F002030D4AD3610B4B82
:102FC0008022DA60094BDB6803F00203002B08D093
:102FD000074BDB6943F02003054AD361034B022210
:102FE000DA6000BFBD465DF8047B7047003C0240DC
:102FF0009CB4002080B584B000AF78600023FB73E0
:10300000254B1B7E012B01D1022340E0224B0122E4
:103010001A76224B1B69214A43F0807313611F4BC0
:103020001B691E4A43F0007313611C4BF322DA60E4
:103030007B681B68012B10D1174B02221A707B682A
:103040005B68154A13617B681B69DAB27B685B6851
:103050001946104600F024F818E00F4B01221A70B0
:103060007B68DB680C4A53607B689B680A4AD360C4
:103070007B681B69DAB2084B1A727B689A687B68B6
:103080001B69DBB21946104600F02EF8FB7B184690
:103090001037BD4680BD00BF9CB40020003C0240FC
:1030A00080B483B000AF03463960FB710D4B1B69E0
:1030B0000C4A23F4407313610A4B1B69094A43F01D
:1030C00004031361074B1A69FB791B021343054A7A
:1030D00043F48033136100BF0C37BD465DF8047BB9
:1030E000704700BF003C024080B485B000AF7860FC
:1030F0000B46FB700023FB60FB78002B02D1002302
:10310000FB6010E0FB78012B03D14FF48073FB6070
:1031100009E0FB78022B03D14FF40073FB6002E05F
:103120004FF44073FB60134B1B69124A23F4407346
:103130001361104B1A690F49FB6813430B610D4B68
:103140001B690C4A23F0F80313610A4B1A697B6868
:10315000DB001343074A43F002031361054B1B696D
:10316000044A43F48033136100BF1437BD465DF851
:10317000047B7047003C024080B400AF204B1B68CA
:1031800003F40073002B17D01D4B1B681C4A23F45B
:10319000007313601A4B1B68194A43F400631360F1
:1031A000174B1B68164A23F400631360144B1B680B
:1031B000134A43F400731360114B1B6803F48063DC
:1031C000002B17D00E4B1B680D4A23F4806313604D
:1031D0000B4B1B680A4A43F480531360084B1B686F
:1031E000074A23F480531360054B1B68044A43F4D9
:1031F0008063136000BFBD465DF8047B704700BF6D
:10320000003C024080B489B000AF78603960002390
:103210007B6100233B610023BB610023FB616BE109
:103220000122FB6902FA03F37B613B681B687A6940
:1032300013403B613A697B699A4240F05A813B688E
:103240005B6803F00303012B05D03B685B6803F068
:103250000303022B30D17B689B68BB61FB695B0079
:10326000032202FA03F3DB43BA691340BB613B68F4
:10327000DA68FB695B0002FA03F3BA691343BB61C6
:103280007B68BA699A607B685B68BB610122FB69F5
:1032900002FA03F3DB43BA691340BB613B685B6826
:1032A0001B0903F00102FB6902FA03F3BA69134335
:1032B000BB617B68BA695A603B685B6803F00303D3
:1032C000032B17D07B68DB68BB61FB695B000322C3
:1032D00002FA03F3DB43BA691340BB613B689A68A7
:1032E000FB695B0002FA03F3BA691343BB617B68B5
:1032F000BA69DA603B685B6803F00303022B23D1F1
:10330000FB69DA087B68083253F82230BB61FB693D
:1033100003F007039B000F2202FA03F3DB43BA69B1
:103320001340BB613B681A69FB6903F007039B000C
:1033300002FA03F3BA691343BB61FB69DA087B68DD
:103340000832B96943F822107B681B68BB61FB69CE
:103350005B00032202FA03F3DB43BA691340BB614B
:103360003B685B6803F00302FB695B0002FA03F34E
:10337000BA691343BB617B68BA691A603B685B68D2
:1033800003F44033002B00F0B4800023FB60604B5B
:103390005B6C5F4A43F4804353645D4B5B6C03F4A6
:1033A0008043FB60FB685B4AFB699B08023352F871
:1033B0002330BB61FB6903F003039B000F2202FA79
:1033C00003F3DB43BA691340BB617B68524A934203
:1033D0002BD07B68514A934225D07B68504A934258
:1033E0001FD07B684F4A934219D07B684E4A934264
:1033F00013D07B684D4A93420DD07B684C4A934270
:1034000007D07B684B4A934201D107230EE0082383
:103410000CE006230AE0052308E0042306E003236A
:1034200004E0022302E0012300E00023FA6902F035
:10343000030292009340BA691343BB613549FB69AB
:103440009B080233BA6941F823203B4B1B68BB61E0
:103450003B69DB43BA691340BB613B685B6803F4BB
:103460008033002B03D0BA693B691343BB61324AF6
:10347000BB691360304B5B68BB613B69DB43BA6976
:103480001340BB613B685B6803F40033002B03D03F
:10349000BA693B691343BB61274ABB695360264B3A
:1034A0009B68BB613B69DB43BA691340BB613B6806
:1034B0005B6803F48013002B03D0BA693B691343A4
:1034C000BB611D4ABB6993601B4BDB68BB613B69F9
:1034D000DB43BA691340BB613B685B6803F40013CC
:1034E000002B03D0BA693B691343BB61124ABB6925
:1034F000D360FB690133FB61FB690F2B7FF690AE54
:1035000000BF00BF2437BD465DF8047B704700BF95
:103510000038024000380140000002400004024030
:1035200000080240000C024000100240001402405B
:1035300000180240001C0240003C014080B487B0EB
:1035400000AF7860396000233B610023FB600023FB
:10355000BB6000237B61CDE001227B6902FA03F3AB
:103560003B613A683B691340FB60FA683B699A42E9
:1035700040F0BD80654A7B699B08023352F82330D6
:10358000BB607B6903F003039B000F2202FA03F385
:10359000BA681340BB607B685D4A93422BD07B685E
:1035A0005C4A934225D07B685B4A93421FD07B687C
:1035B0005A4A934219D07B68594A934213D07B6888
:1035C000584A93420DD07B68574A934207D07B6894
:1035D000564A934201D107230EE008230CE006234C
:1035E0000AE0052308E0042306E0032304E00223A5
:1035F00002E0012300E000237A6902F00302920056
:103600009340BA689A4232D1494B1A68FB68DB434F
:10361000474913400B60464B5A68FB68DB434449FB
:1036200013404B60424B9A68FB68DB4340491340B0
:103630008B603F4BDA68FB68DB433D491340CB604E
:103640007B6903F003039B000F2202FA03F3BB60C4
:103650002E4A7B699B08023352F82310BB68DA4379
:103660002A487B699B080A40023340F823207B6884
:103670001A687B695B00032101FA03F3DB431A40FC
:103680007B681A607B69DA087B68083253F822107D
:103690007B6903F007039B000F2202FA03F3DB436D
:1036A0007A69D20819407B68083243F822107B6897
:1036B000DA687B695B00032101FA03F3DB431A40FC
:1036C0007B68DA607B685A6801217B6901FA03F341
:1036D000DB431A407B685A607B689A687B695B00B1
:1036E000032101FA03F3DB431A407B689A607B698C
:1036F00001337B617B690F2B7FF62EAF00BF00BFCC
:103700001C37BD465DF8047B704700BF00380140A0
:10371000000002400004024000080240000C024089
:10372000001002400014024000180240001C024039
:10373000003C014080B483B000AF78600B467B80D2
:1037400013467B707B78002B03D07A887B689A6164
:1037500003E07B881A047B689A6100BF0C37BD4682
:103760005DF8047B7047000080B582B000AF03466F
:10377000FB80084B5A69FB881340002B06D0054A92
:10378000FB885361FB881846DDF794FC00BF0837BF
:10379000BD4680BD003C014080B584B000AF78607C
:1037A0007B68002B01D1012371E17B6893F83D30E8
:1037B000DBB2002B2CD17B68002283F83C207B6895
:1037C000774A5A657B68774A9A657B68764ADA65F4
:1037D0007B68764A1A667B68754A5A667B68754AC2
:1037E0009A667B68744ADA667B68744A1A677B68F3
:1037F000734A5A677B68734A9A677B68DB6F002B52
:1038000002D17B68704ADA677B68DB6F786898471B
:103810007B68242283F83D207B681B681A687B68DC
:103820001B6822F001021A607B681B681A687B68BB
:103830001B6842F400421A607B681B681A687B6848
:103840001B6822F400421A6004F042FAF8607B68B8
:103850005B685E4A934207D8FB685D4A934294BF17
:1038600001230023DBB206E0FB685A4A934294BF6F
:1038700001230023DBB2002B01D0012307E1FB6809
:10388000554AA2FB03239B0CBB607B681B685B68EB
:1038900023F03F017B681B68BA680A435A607B6863
:1038A0001B681B6A23F03F017B685B68474A9342B1
:1038B00002D8BB68013309E0BB684FF4967202FB83
:1038C00003F3464AA2FB03239B0901337A6812687B
:1038D0000B4313627B681B68DB6923F44F4222F0C1
:1038E000FF027B685B6839498B4219D8FB68591E17
:1038F0007B685B685B00B1FBF3F3591C40F6FC731B
:103900000B40002B0AD0FB68591E7B685B685B008C
:10391000B1FBF3F30133C3F30B0371E004236FE056
:103920007B689B68002B11D1FB68581E7B68596827
:103930000B465B000B44B0FBF3F30133C3F30B0303
:10394000002B0CBF01230023DBB212E0FB68581EE2
:103950007B6859680B469B000B4499000B44B0FBF5
:10396000F3F30133C3F30B03002B0CBF012300233C
:10397000DBB2002B01D0012342E07B689B68002B67
:103980002ED1FB68581E7B6859680B465B000B44C0
:10399000B0FBF3F30133C3F30B0343F400432FE015
:1039A000CF440408E3440408F74404080B45040822
:1039B0003B4504084F45040863450408774504085F
:1039C0008B4504081F45040869B00308A086010060
:1039D0007F841E00FF083D0083DE1B43D34D621031
:1039E000FB68581E7B6859680B469B000B44990086
:1039F0000B44B0FBF3F30133C3F30B0343F4404335
:103A0000796809681343CB617B681B681B6823F0E6
:103A1000C0017B68DA697B681B6A1A437B681B6894
:103A20000A431A607B681B689B6823F4034323F0F6
:103A3000FF037A6811697A68D26811437A6812685C
:103A40000B4393607B681B68DB6823F0FF017B6896
:103A50005A697B689B691A437B681B680A43DA6072
:103A60007B681B681A687B681B6842F001021A6059
:103A70007B6800221A647B68202283F83D207B68E3
:103A800000221A637B68002283F83E200023184638
:103A90001037BD4680BD00BF80B487B000AFF8606E
:103AA000084611461A4603467B810B463B81134666
:103AB000FB8000237B61FB6893F83D30DBB2202B59
:103AC00040F08E804A4B1B68DB084A4AA2FB032366
:103AD0001A0A13469B0013449A0013447B617B69C6
:103AE000013B7B617B69002B16D1FB6800221A63C6
:103AF000FB68202283F83D20FB68002283F83E20EB
:103B0000FB681B6C43F02002FB681A64FB68002210
:103B100083F83C20012364E0FB681B689B6903F089
:103B20000203022BDBD0FB6893F83C30012B01D160
:103B3000022356E0FB68012283F83C20FB681B68E7
:103B40001B6803F00103012B07D0FB681B681A6890
:103B5000FB681B6842F001021A60FB681B681A6868
:103B6000FB681B6822F400621A60FB68212283F85C
:103B70003D20FB68402283F83E20FB6800221A6447
:103B8000FB683A6A5A62FB68BA8C5A85FB685B8D9F
:103B90009AB2FB681A85FB68174ADA627A89FB6871
:103BA0005A643A89FB689A64FA88FB68DA64FB68AD
:103BB00000221A65FB681B681A68FB681B6842F4E0
:103BC00080721A60FB68002283F83C20FB681B6847
:103BD0005A68FB681B6842F4E0625A60002300E008
:103BE000022318461C37BD465DF8047B704700BFB2
:103BF0008805002089B5F8140000FFFF80B58AB061
:103C000002AFF860084611461A4603467B810B4610
:103C10003B811346FB8000237B61FCF761FDF8616B
:103C2000FB6893F83D30DBB2202B40F045819D4B83
:103C30001B68DB089C4AA2FB03231A0A13469B005D
:103C400013449A0013447B617B69013B7B617B6970
:103C5000002B16D1FB6800221A63FB68202283F830
:103C60003D20FB68002283F83E20FB681B6C43F07C
:103C70002002FB681A64FB68002283F83C200123C1
:103C80001BE1FB681B689B6903F00203022BDBD07E
:103C9000FB6893F83C30012B01D102230DE1FB6856
:103CA000012283F83C20FB681B681B6803F00103BA
:103CB000012B07D0FB681B681A68FB681B6842F081
:103CC00001021A60FB681B681A68FB681B6822F413
:103CD00000621A60FB68212283F83D20FB684022C5
:103CE00083F83E20FB6800221A64FB68BA6A5A62B5
:103CF000FB68BA8D5A85FB685B8D9AB2FB681A85A2
:103D0000FB686A4ADA627A89FB685A643A89FB6816
:103D10009A64FA88FB68DA64FB6800221A65FB681B
:103D20001B8D002B00F0A980FB685B6B002B2AD059
:103D3000FB685B6B5E4ADA63FB685B6B5D4ADA6467
:103D4000FB685B6B00221A64FB685B6B00225A64A1
:103D5000FB685B6B00229A64FB685B6B00221A6550
:103D6000FB68586BFB685B6A1946FB681B6810337D
:103D70001A46FB681B8DFEF7E5FB0346FB76FB7ED0
:103D8000002B66D113E0FB68202283F83D20FB68FE
:103D9000002283F83E20FB681B6C43F08002FB6826
:103DA0001A64FB68002283F83C20012385E0F88830
:103DB0003A897989FB690193232300930346F868C4
:103DC00001F0FEFC0346002B22D0FB685B6B18461B
:103DD000FEF710FC0346FB76FB685B6B0022DA63A0
:103DE000FB681B681A68FB681B6822F480621A6013
:103DF000FB6800221A85FB6800225A85FB681B6855
:103E00001A68FB681B6822F001021A60012354E063
:103E100000233B61FB681B685B693B61FB681B68B7
:103E20009B693B613B69FB68002283F83C20FB688F
:103E30001B685A68FB681B6842F480725A60FB6812
:103E40001B685A68FB681B6842F400625A600023D2
:103E500033E0FB68202283F83D20FB68002283F8D2
:103E60003E20FB681B6C43F01002FB681A64FB6881
:103E7000002283F83C2001231FE0FB68202283F806
:103E80003D20FB68002283F83E20FB681B6C43F05A
:103E90004002FB681A64FB68002283F83C2001237F
:103EA0000BE000BF8805002089B5F8140000FFFF73
:103EB000BD5A0408715C0408022318462037BD4629
:103EC00080BD00BF80B58CB002AFF86008461146D7
:103ED0001A4603467B810B463B811346FB80FCF769
:103EE000FFFB78620023FB61FB6893F83D30DBB297
:103EF000202B40F07681954B1B68DB08944AA2FB8F
:103F000003231A0A13469B0013449A001344FB61CF
:103F1000FB69013BFB61FB69002B16D1FB680022AA
:103F20001A63FB68202283F83D20FB68002283F897
:103F30003E20FB681B6C43F02002FB681A64FB68A0
:103F4000002283F83C2001234CE1FB681B689B693D
:103F500003F00203022BDBD0FB6893F83C30012B0B
:103F600001D102233EE1FB68012283F83C20FB687B
:103F70001B681B6803F00103012B07D0FB681B685B
:103F80001A68FB681B6842F001021A60FB681B6834
:103F90001A68FB681B6822F400621A60FB68222220
:103FA00083F83D20FB68402283F83E20FB68002216
:103FB0001A64FB683A6B5A62FB68BA8E5A85FB68D2
:103FC0005B8D9AB2FB681A85FB68624ADA627A896D
:103FD000FB685A643A89FB689A64FA88FB68DA6479
:103FE000FB6800221A65FB681B8D002B00F0CC805B
:103FF000FB689B6B002B2DD0FB689B6B564ADA63EA
:10400000FB689B6B554ADA64FB689B6B00221A6461
:10401000FB689B6B00225A64FB689B6B00229A64CE
:10402000FB689B6B00221A65FB68986BFB681B683A
:1040300010331946FB685B6A1A46FB681B8DFEF756
:1040400081FA034687F8233097F82330002B40F09D
:10405000878013E0FB68202283F83D20FB68002264
:1040600083F83E20FB681B6C43F08002FB681A64F7
:10407000FB68002283F83C200123B3E0F8883A89EA
:1040800079897B6A0193232300930346F86801F042
:104090002DFC0346002B23D0FB689B6B1846FEF7D4
:1040A000A9FA034687F82330FB689B6B0022DA638A
:1040B000FB681B681A68FB681B6822F480621A6040
:1040C000FB6800221A85FB6800225A85FB681B6882
:1040D0001A68FB681B6822F001021A60012381E064
:1040E000FB681B8D012B08D1FB681B681A68FB68F5
:1040F0001B6822F480621A6007E0FB681B685A683C
:10410000FB681B6842F480525A600023BB61FB6865
:104110001B685B69BB61FB681B689B69BB61BB6912
:10412000FB68002283F83C20FB681B685A68FB6828
:104130001B6842F480725A60FB681B685A68FB680F
:104140001B6842F400625A6049E000BF8805002005
:1041500089B5F8140000FFFFBD5A0408715C04081B
:10416000FB68202283F83D20FB68002283F83E2074
:10417000FB681B6C43F01002FB681A64FB680022AA
:1041800083F83C2001232DE0F8883A8979897B6AFD
:104190000193232300930346F86801F0A7FB03462D
:1041A000002B01D001231DE000237B61FB681B680D
:1041B0005B697B61FB681B689B697B617B69FB6852
:1041C0001B681A68FB681B6842F400721A60FB687F
:1041D000202283F83D20FB68002283F83C20002346
:1041E00000E0022318462837BD4680BD80B588B060
:1041F00000AF78600023BB617B681B685B687B61F4
:104200007B68DB6A3B617B6893F83E30FB737B68BD
:1042100093F83D30BB73FB7B102B03D0FB7B402B13
:1042200040F0C1807B681B689B69BB617B681B6831
:104230005B69FB61FB6903F00103002B0DD13B6956
:10424000B3F52A0F03D03B69B3F12A4F01D1012303
:1042500000E00023012B00F03281FB6903F0010331
:10426000002B0CD07B695B0A03F00103002B06D006
:10427000786801F05EFF786800F0ECFC92E0FB6982
:10428000DB0803F00103002B09D07B695B0A03F014
:104290000103002B03D0786800F062FD82E0FB6927
:1042A0005B0803F00103002B09D07B695B0A03F074
:1042B0000103002B03D0786800F07CFD72E0BB693D
:1042C0009B0803F00103002B3BD07B681B685B68F5
:1042D00003F40063B3F5006F00F0F380FB69DB09C2
:1042E00003F00103002B0FD07B699B0A03F001034D
:1042F000002B09D0FB699B0803F00103002B03D1BD
:10430000786800F05AF94DE0FB699B0803F001035F
:10431000002B00F0D6807B695B0A03F00103002BC1
:1043200000F0CF80BB7B212B03D1786800F0E4F94B
:10433000C7E0FB7B402B40F0C480786800F055FA62
:10434000BFE07B681B685B6803F40063B3F5006F34
:1043500000F0B780FB699B0903F00103002B0FD02D
:104360007B699B0A03F00103002B09D0FB699B08C2
:1043700003F00103002B03D1786800F0CBFA11E0C1
:10438000FB699B0803F00103002B00F09A807B6916
:104390005B0A03F00103002B00F09380786800F0C3
:1043A0006DFB8EE08DE07B681B6C002B04D07B687E
:1043B0001B685B69FB6107E07B681B689B69BB61ED
:1043C0007B681B685B69FB61FB695B0803F00103A9
:1043D000002B12D07B695B0A03F00103002B0CD089
:1043E0007B681B6C002B03D07B681B689B69BB61DF
:1043F000B969786800F02FFF66E0FB691B0903F0DC
:104400000103002B09D07B695B0A03F00103002B39
:1044100003D0786800F06AFF56E0BB7B212B02D006
:10442000BB7B292B25D1FB69DB0903F00103002BA2
:104430000FD07B699B0A03F00103002B09D0FB69B5
:104440009B0803F00103002B03D1786800F043FEC2
:1044500039E0FB699B0803F00103002B33D07B6933
:104460005B0A03F00103002B2DD0786800F071FE89
:1044700029E0FB699B0903F00103002B0FD07B6946
:104480009B0A03F00103002B09D0FB699B0803F092
:104490000103002B03D1786800F07CFE14E0FB6977
:1044A0009B0803F00103002B0ED07B695B0A03F02D
:1044B0000103002B08D0786800F0ABFE04E000BFD9
:1044C00002E000BF00E000BF2037BD4680BD80B4E1
:1044D00083B000AF786000BF0C37BD465DF8047B49
:1044E000704780B483B000AF786000BF0C37BD4622
:1044F0005DF8047B704780B483B000AF786000BF84
:104500000C37BD465DF8047B704780B483B000AFC4
:10451000786000BF0C37BD465DF8047B704780B4FF
:1045200083B000AF78600B46FB7013463B8000BF42
:104530000C37BD465DF8047B704780B483B000AF94
:10454000786000BF0C37BD465DF8047B704780B4CF
:1045500083B000AF786000BF0C37BD465DF8047BC8
:10456000704780B483B000AF786000BF0C37BD46A1
:104570005DF8047B704780B483B000AF786000BF03
:104580000C37BD465DF8047B704780B483B000AF44
:10459000786000BF0C37BD465DF8047B704780B47F
:1045A00083B000AF78607B6893F83D30DBB218468B
:1045B0000C37BD465DF8047B704780B584B000AF12
:1045C00078607B6893F83D30FB737B6893F83E30EE
:1045D000BB737B68DB6ABB607B681B8D002B53D190
:1045E000FB7B212B50D1BB68082B1ED0BB68202B36
:1045F0001BD0BB6813F5803F17D07B681B685A68D7
:104600007B681B6822F4E0625A607B6811221A639F
:104610007B68002283F83E207B68202283F83D20BF
:104620007B685B6D7868984762E07B681B685A68B6
:104630007B681B6822F4E0625A607B681B681A681A
:104640007B681B6842F400721A607B6800221A6360
:104650007B68202283F83D207B6893F83E30DBB2F4
:10466000402B08D17B68002283F83E207B689B6E3C
:10467000786898473CE07B68002283F83E207B689E
:104680005B6D7868984733E0FB7B212B05D0BB7BC3
:10469000402B2DD1FB7B222B2AD17B685B8D9BB2DB
:1046A000002B08D17B681B685A687B681B6822F462
:1046B00080625A601CE07B6893F83E30DBB2402B8E
:1046C00003D1786800F091F812E07B685B6A1A7891
:1046D0007B681B681A617B685B6A5A1C7B685A623C
:1046E0007B685B8D9BB2013B9AB27B685A85FFE782
:1046F00000BF1037BD4680BD80B584B000AF786084
:104700007B68DB6AFB607B6893F83D30DBB2212B72
:1047100067D17B685B8D9BB2002B12D07B685B6A94
:104720001A787B681B681A617B685B6A5A1C7B6815
:104730005A627B685B8D9BB2013B9AB27B685A855B
:104740004FE0FB68082B1ED0FB68202B1BD0FB68BA
:1047500013F5803F17D07B681B685A687B681B681D
:1047600022F4E0625A607B6811221A637B6800229F
:1047700083F83E207B68202283F83D207B685B6DB8
:10478000786898472DE07B681B685A687B681B68CF
:1047900022F4E0625A607B681B681A687B681B68B9
:1047A00042F400721A607B6800221A637B68202240
:1047B00083F83D207B6893F83E30DBB2402B08D174
:1047C0007B68002283F83E207B689B6E7868984760
:1047D00007E07B68002283F83E207B685B6D786889
:1047E000984700BF1037BD4680BD80B584B000AF8C
:1047F00078607B6893F83D30FB737B681B6D002B02
:104800001DD17B68DB6C012B0BD17B689B6CDAB212
:104810007B681B681A617B681B6D9A1C7B681A6534
:1048200074E07B689B6C9BB21B12DAB27B681B68DE
:104830001A617B681B6D5A1C7B681A6566E07B6891
:104840001B6D012B0BD17B689B6CDAB27B681B68FC
:104850001A617B681B6D5A1C7B681A6556E07B6881
:104860001B6D022B52D1FB7B222B0DD17B681B6869
:104870001A687B681B6842F480721A607B681B6D43
:104880005A1C7B681A6541E07B685B8D9BB2002BEC
:1048900015D0FB7B212B12D17B685B6A1A787B6871
:1048A0001B681A617B685B6A5A1C7B685A627B686A
:1048B0005B8D9BB2013B9AB27B685A8526E07B6890
:1048C0005B8D9BB2002B21D1FB7B212B1ED17B6802
:1048D0001B685A687B681B6822F4E0625A607B6838
:1048E0001B681A687B681B6842F400721A607B6858
:1048F00000221A637B68202283F83D207B68002217
:1049000083F83E207B689B6E7868984700BF10371D
:10491000BD4680BD80B584B000AF78607B6893F8F9
:104920003D30DBB2222B40F0A5807B685B8D9BB2D3
:10493000FB60FB68032B21D97B681B681A697B68C5
:104940005B6AD2B21A707B685B6A5A1C7B685A62D7
:104950007B685B8D9BB2013B9AB27B685A857B6812
:104960005B8D9BB2032B40F085807B681B685A6887
:104970007B681B6822F480625A607BE07B68DB6A9C
:10498000022B77D0FB68012B02D0FB68002B71D182
:10499000786801F06DFB0346002B44D17B681B68EF
:1049A0001A687B681B6822F480621A607B681B6847
:1049B0005A687B681B6822F4E0625A607B681B6857
:1049C0001A697B685B6AD2B21A707B685B6A5A1C90
:1049D0007B685A627B685B8D9BB2013B9AB27B68B5
:1049E0005A857B68202283F83D207B6893F83E300F
:1049F000DBB2402B0BD17B68002283F83E207B6822
:104A000000221A637B68DB6E7868984732E07B6827
:104A1000002283F83E207B6812221A637B689B6D1C
:104A20007868984726E07B681B685A687B681B6833
:104A300022F4E0625A607B681B681A697B685B6AD3
:104A4000D2B21A707B685B6A5A1C7B685A627B68B8
:104A50005B8D9BB2013B9AB27B685A857B682022B2
:104A600083F83D207B68002283F83E207B681B6F23
:104A70007868984700BF1037BD4680BD80B584B0C8
:104A800000AF78607B68DB6AFB607B685B8D9BB204
:104A9000042B1BD17B681B685A687B681B6822F457
:104AA00080625A607B681B681A697B685B6AD2B255
:104AB0001A707B685B6A5A1C7B685A627B685B8DE4
:104AC0009BB2013B9AB27B685A85BFE07B685B8DE5
:104AD0009BB2032B29D17B681B685A687B681B68D3
:104AE00022F480625A60FB68042B0AD0FB68022B18
:104AF00007D07B681B681A687B681B6822F4806299
:104B00001A607B681B681A697B685B6AD2B21A708C
:104B10007B685B6A5A1C7B685A627B685B8D9BB2C0
:104B2000013B9AB27B685A8590E07B685B8D9BB2B3
:104B3000022B78D1FB68012B02D0FB68102B08D127
:104B40007B681B681A687B681B6822F480621A60A5
:104B500019E0FB68042B02D0FB68022B08D17B68AC
:104B60001B681A687B681B6842F480621A600AE05E
:104B7000FB68102B07D07B681B681A687B681B6872
:104B800042F400721A607B681B681A697B685B6A72
:104B9000D2B21A707B685B6A5A1C7B685A627B6867
:104BA0005B8D9BB2013B9AB27B685A857B681B6820
:104BB0001A697B685B6AD2B21A707B685B6A5A1C9E
:104BC0007B685A627B685B8D9BB2013B9AB27B68C3
:104BD0005A857B681B685A687B681B6822F44072A0
:104BE0005A607B68202283F83D207B6893F83E3032
:104BF000DBB2402B0BD17B68002283F83E207B6820
:104C000000221A637B68DB6E786898471EE07B6839
:104C1000002283F83E207B6812221A637B689B6D1A
:104C20007868984712E07B681B681A697B685B6A42
:104C3000D2B21A707B685B6A5A1C7B685A627B68C6
:104C40005B8D9BB2013B9AB27B685A8500BF1037DF
:104C5000BD4680BD80B483B000AF78607B6893F8B8
:104C60003E30DBB2402B17D17B681B6D002B09D186
:104C70007B685B6CDBB21A467B681B6802F0FE0245
:104C80001A6167E07B685B6CDBB243F00103DAB268
:104C90007B681B681A615DE07B681B69B3F5804F18
:104CA00033D17B6893F83D30DBB2212B09D17B688F
:104CB0005B6CDBB21A467B681B6802F0FE021A616D
:104CC00008E07B685B6CDBB243F00103DAB27B681F
:104CD0001B681A617B685B6B002B04D07B685B6B85
:104CE000DB6B002B08D17B689B6B002B32D07B6881
:104CF0009B6BDB6B002B2DD07B681B685A687B6835
:104D00001B6842F400625A6024E07B681B6D002B34
:104D10000ED17B685B6C9BB2DB11DBB203F0060348
:104D2000DBB263F00F03DAB27B681B681A6111E033
:104D30007B681B6D012B0DD17B685B6C9BB2DB111B
:104D4000DBB203F00603DBB263F00E03DAB27B687A
:104D50001B681A6100BF0C37BD465DF8047B7047C5
:104D600080B483B000AF78607B685B6CDAB27B683C
:104D70001B681A617B685B6B002B04D07B685B6BE4
:104D8000DB6B002B08D17B689B6B002B0CD07B6806
:104D90009B6BDB6B002B07D07B681B685A687B68BA
:104DA0001B6842F400625A6000BF0C37BD465DF8D4
:104DB000047B704780B491B000AF78607B6893F853
:104DC0003E3087F83F307B68DB6ABB637B681B6BD8
:104DD0007B637B6893F83D30DBB2222B40F0698126
:104DE0007B681B6D002B0FD197F83F30402B0BD108
:104DF00000233B637B681B685B693B637B681B68C4
:104E00009B693B633B6B60E17B681B6D002B1DD195
:104E10007B681B69B3F5404F18D10023FB627B68A8
:104E20001B685B69FB627B681B689B69FB62FB6AB2
:104E30007B681B681A687B681B6842F480721A6082
:104E40007B681B6D5A1C7B681A653EE17B685B8D35
:104E50009BB2002B13D10023BB627B681B685B698C
:104E6000BB627B681B689B69BB62BB6A7B681B6813
:104E70001A687B681B6842F400721A6015E17B684F
:104E80005B8D9BB2012B40F08A80BB6B13F5803F9A
:104E900037D17B681B681A687B681B6822F48062C4
:104EA0001A607B681B685B6803F40063B3F5006FEE
:104EB00013D17B681B681A687B681B6822F48062C8
:104EC0001A6000237B627B681B685B697B627B687E
:104ED0001B689B697B627B6AE7E000233B627B681F
:104EE0001B685B693B627B681B689B693B623B6A32
:104EF0007B681B681A687B681B6842F400721A6042
:104F0000D3E0BB6B082B2ED0BB6B202B2BD07B6B45
:104F1000122B02D1BB6B012B25D1BB6B042B0ED006
:104F2000BB6B022B0BD0BB6B102B08D07B681B68B4
:104F30001A687B681B6822F480621A6007E07B684D
:104F40001B681A687B681B6842F480621A60002341
:104F5000FB617B681B685B69FB617B681B689B6905
:104F6000FB61FB69A1E07B681B681A687B681B68B2
:104F700022F480621A600023BB617B681B685B6956
:104F8000BB617B681B689B69BB61BB697B681B68F5
:104F90001A687B681B6842F400721A6085E07B68BF
:104FA0005B8D9BB2022B4DD1BB6B042B16D0BB6B20
:104FB000022B13D0BB6B102B10D07B681B681A68B8
:104FC0007B681B6822F480621A607B681B681A6821
:104FD0007B681B6842F400621A6007E07B681B680C
:104FE0001A687B681B6842F480621A607B681B68E1
:104FF0005B6803F40063B3F5006F17D1BB6B13F567
:10500000803F0BD0BB6B012B08D0BB6B082B05D0AE
:10501000BB6B102B02D0BB6B202B07D17B681B68AE
:105020005A687B681B6842F480525A6000237B6197
:105030007B681B685B697B617B681B689B697B6124
:105040007B6932E07B681B681A687B681B6842F4E6
:1050500080621A607B681B685B6803F40063B3F5C9
:10506000006F17D1BB6B13F5803F0BD0BB6B012BCF
:1050700008D0BB6B082B05D0BB6B102B02D0BB6BD1
:10508000202B07D17B681B685A687B681B6842F439
:1050900080525A6000233B617B681B685B693B61FF
:1050A0007B681B689B693B613B697B6800221A65D2
:1050B0000BE00023FB607B681B685B69FB607B681F
:1050C0001B689B69FB60FB68FFE700BF4437BD4678
:1050D0005DF8047B704780B584B000AF78607B6872
:1050E00093F83D30FB737B685B8D9BB2002B2CD01B
:1050F0007B685B6A1A787B681B681A617B685B6AED
:105100005A1C7B685A627B685B8D9BB2013B9AB2EA
:105110007B685A857B685B8D9BB2002B15D1FB7B2E
:10512000292B12D17B681B685A687B681B6822F4A4
:1051300080625A607B6821221A637B68282283F888
:105140003D207B68DB6D7868984700BF1037BD460F
:1051500080BD80B483B000AF78607B685B8D9BB20C
:10516000002B11D07B685B6A1A787B681B681A6118
:105170007B685B6A5A1C7B685A627B685B8D9BB25A
:10518000013B9AB27B685A8500BF0C37BD465DF87B
:10519000047B704780B584B000AF78607B6893F87B
:1051A0003D30FB737B685B8D9BB2002B2DD07B6801
:1051B0001B681A697B685B6AD2B21A707B685B6A8B
:1051C0005A1C7B685A627B685B8D9BB2013B9AB22A
:1051D0007B685A857B685B8D9BB2002B15D1FB7B6E
:1051E0002A2B12D17B681B685A687B681B6822F4E3
:1051F00080625A607B6822221A637B68282283F8C7
:105200003D207B681B6E7868984700BF1037BD460D
:1052100080BD80B483B000AF78607B685B8D9BB24B
:10522000002B12D07B681B681A697B685B6AD2B25C
:105230001A707B685B6A5A1C7B685A627B685B8D5C
:105240009BB2013B9AB27B685A8500BF0C37BD46C2
:105250005DF8047B704780B584B000AF786039603A
:105260000023FB737B6893F83D30DBB203F0280327
:10527000282B27D17B681B685A687B681B6822F43F
:1052800080625A603B689B0803F00103002B01D148
:105290000123FB733B68DB0903F00103002B03D1FF
:1052A0007B68DB68BB8102E07B689B69BB817B68B4
:1052B000002283F83C207B689B6FBA89F97B786871
:1052C00098470EE00023BB607B681B685B69BB608E
:1052D0007B681B689B69BB60BB687B68002283F8A6
:1052E0003C2000BF1037BD4680BD000080B584B0B3
:1052F00000AF78607B6893F83D30FB737B681B6878
:105300005A687B681B6822F4E0625A600023BB6025
:105310007B681B685B69BB607B681B681A687B687D
:105320001B6842F001021A60BB687B681B681A6840
:105330007B681B6822F480621A607B681B685B686C
:1053400003F40063B3F5006F72D1FB7B222B02D014
:10535000FB7B2A2B35D17B689B6B1B685B689AB201
:105360007B685A857B685B8D9BB2002B05D07B6880
:105370001B6C43F004027B681A647B681B685A68E4
:105380007B681B6822F400625A607B689B6B18463E
:10539000FDF7DCFA0346012B49D07B689B6B6B4A17
:1053A0001A657B689B6B1846FDF724F90346002BB2
:1053B0003DD07B689B6B1B6D7A68926B104698475B
:1053C00035E07B685B6B1B685B689AB27B685A85CB
:1053D0007B685B8D9BB2002B05D07B681B6C43F018
:1053E00004027B681A647B681B685A687B681B68C8
:1053F00022F400625A607B685B6B1846FDF7A6FAE0
:105400000346012B14D07B685B6B504A1A657B689E
:105410005B6B1846FDF7EEF80346002B08D07B685F
:105420005B6B1B6D7A68526B1046984700E000BFBB
:105430007B685B8D9BB2002B3ED07B681B685B69F1
:1054400003F00403042B12D17B681B681A697B6884
:105450005B6AD2B21A707B685B6A5A1C7B685A62BC
:105460007B685B8D9BB2013B9AB27B685A857B68F7
:105470001B685B6903F04003402B12D17B681B68FB
:105480001A697B685B6AD2B21A707B685B6A5A1CC5
:105490007B685A627B685B8D9BB2013B9AB27B68EA
:1054A0005A857B685B8D9BB2002B05D07B681B6C9B
:1054B00043F004027B681A647B681B6C002B03D0EA
:1054C000786800F047F83CE0FB7B2A2B0AD17B6828
:1054D00000221A637B68282283F83D207B681B6EBC
:1054E000786898477B6893F83D30DBB2282B12D15F
:1054F0007B68174ADA627B6800221A637B68202285
:1055000083F83D207B68002283F83E207B685B6E39
:105510007868984715E07B681B6B222B02D0FB7BD9
:10552000222B0ED17B6800221A637B68202283F82D
:105530003D207B68002283F83E207B681B6E7868E4
:10554000984700BF1037BD4680BD00BFED5C040822
:105550000000FFFF80B584B000AF78607B6893F8EF
:105560003D30FB737B6893F83E30BB73BB7B102BE5
:1055700002D0BB7B402B0AD1FB7B222B07D17B685F
:105580001B681A687B681B6822F400621A60FB7B48
:1055900003F02803282B07D17B6800221A637B685D
:1055A000282283F83D2015E07B681B685B6803F4C4
:1055B0000063B3F5006F0AD0FB7B602B07D07B68DC
:1055C000202283F83D207B68002283F83E207B6800
:1055D00000221A637B681B685B6803F40063B3F501
:1055E000006F62D17B681B685A687B681B6822F475
:1055F00000625A607B685B6B93F83530DBB2012B3D
:1056000020D07B685B6B6C4A1A657B685B6B1846C5
:10561000FCF7F0FF0346002B00F08B807B681B68D3
:105620001A687B681B6822F001021A607B682022DE
:1056300083F83D207B685B6B1B6D7A68526B10466C
:10564000984776E07B689B6B5B4A1A657B689B6B2F
:105650001846FCF7CFFF0346002B6AD07B681B6817
:105660005B6903F04003402B0BD17B681B681A6910
:105670007B685B6AD2B21A707B685B6A5A1C7B6873
:105680005A627B681B681A687B681B6822F00102FB
:105690001A607B68202283F83D207B689B6B1B6D22
:1056A0007A68926B1046984743E07B6893F83D30E8
:1056B000DBB2602B26D17B68202283F83D207B68FB
:1056C00000221A647B681B685B6903F04003402B6F
:1056D0000BD17B681B681A697B685B6AD2B21A704F
:1056E0007B685B6A5A1C7B685A627B681B681A6815
:1056F0007B681B6822F001021A607B685B6F786828
:10570000984716E07B681B685B6903F04003402BF9
:105710000BD17B681B681A697B685B6AD2B21A700E
:105720007B685B6A5A1C7B685A627B681B6F78686F
:1057300098477B681B6CBB60BB6803F00103002BC0
:105740000ED1BB6803F00203002B09D1BB6803F044
:105750000403002B04D1BB6803F00803002B07D01F
:105760007B681B685A687B681B6822F4E0625A6099
:105770007B6893F83D30FB737B681B6C03F004037C
:10578000042B14D1FB7B282B11D17B680B4ADA62E6
:105790007B6800221A637B68202283F83D207B68A7
:1057A000002283F83E207B685B6E7868984700BFD4
:1057B0001037BD4680BD00BFED5C04080000FFFF50
:1057C00080B588B002AFF860084611461A46034615
:1057D0007B810B463B811346FB80FB681B681A6884
:1057E000FB681B6842F480721A607B6A00933B6A14
:1057F00000224FF00111F86800F022FB0346002B55
:105800000DD0FB681B681B6803F48073B3F5807FC1
:1058100003D1FB684FF400721A6403235FE07B89B5
:10582000DBB21A46FB681B6802F0FE021A617B6A53
:105830003A6A2D49F86800F05AFB0346002B01D064
:1058400001234CE000237B61FB681B685B697B6183
:10585000FB681B689B697B617B697A6A396AF868B7
:1058600000F0C4FB0346002B0DD0FB681B6C042B1F
:1058700007D1FB681B681A68FB681B6842F400725A
:105880001A6001232BE0FB88012B05D13B89DAB29A
:10589000FB681B681A6121E03B891B0A9BB2DAB2E4
:1058A000FB681B681A617A6A396AF86800F09EFB27
:1058B0000346002B0DD0FB681B6C042B07D1FB6843
:1058C0001B681A68FB681B6842F400721A600123A7
:1058D00005E03B89DAB2FB681B681A6100231846B1
:1058E0001837BD4680BD00BF0200010080B588B0FA
:1058F00002AFF860084611461A4603467B810B4604
:105900003B811346FB80FB681B681A68FB681B68B9
:1059100042F480621A60FB681B681A68FB681B68A7
:1059200042F480721A607B6A00933B6A00224FF057
:105930000111F86800F084FA0346002B0DD0FB68D3
:105940001B681B6803F48073B3F5807F03D1FB6889
:105950004FF400721A640323AAE07B89DBB21A4673
:10596000FB681B6802F0FE021A617B6A3A6A5249C0
:10597000F86800F0BCFA0346002B01D0012397E041
:1059800000237B61FB681B685B697B61FB681B68AC
:105990009B697B617B697A6A396AF86800F026FB4B
:1059A0000346002B0DD0FB681B6C042B07D1FB6852
:1059B0001B681A68FB681B6842F400721A600123B6
:1059C00076E0FB88012B05D13B89DAB2FB681B68C6
:1059D0001A6121E03B891B0A9BB2DAB2FB681B68A3
:1059E0001A617A6A396AF86800F000FB0346002BF6
:1059F0000DD0FB681B6C042B07D1FB681B681A6871
:105A0000FB681B6842F400721A60012350E03B8976
:105A1000DAB2FB681B681A617A6A396AF86800F0C2
:105A2000E5FA0346002B0DD0FB681B6C042B07D155
:105A3000FB681B681A68FB681B6842F400721A60F6
:105A4000012335E0FB681B681A68FB681B6842F499
:105A500080721A607B6A00933B6A00224FF001114A
:105A6000F86800F0EDF90346002B0DD0FB681B68C9
:105A70001B6803F48073B3F5807F03D1FB684FF498
:105A800000721A64032313E07B89DBB243F0010345
:105A9000DAB2FB681B681A617B6A3A6A0649F868E1
:105AA00000F025FA0346002B01D0012300E000237B
:105AB00018461837BD4680BD0200010080B586B08B
:105AC00000AF78607B689B6B7B617B6993F83D30AE
:105AD000FB747B6993F83E30BB747B69DB6AFB60C7
:105AE0007B691B685A687B691B6822F440725A60A4
:105AF0007B695B6B002B03D07B695B6B0022DA63F5
:105B00007B699B6B002B03D07B699B6B0022DA6364
:105B1000FB7C03F02103212B07D0FB7C03F0220345
:105B2000222B33D1BB7C202B30D17B691B685A6878
:105B30007B691B6822F400625A607B6900225A85E7
:105B4000FB7C292B0BD17B6921221A637B692822DC
:105B500083F83D207B69DB6D786998470DE0FB7C1D
:105B60002A2B0AD17B6922221A637B69282283F8B7
:105B70003D207B691B6E786998477B691B685A6872
:105B80007B691B6842F440725A606DE07B6993F850
:105B90003E30DBB2002B67D07B695B8D9BB2012B63
:105BA00007D17B691B681A687B691B6822F48062D5
:105BB0001A607B691B685A687B691B6822F4407213
:105BC0005A60FB6813F5803F09D0FB68082B06D0AC
:105BD000FB68B3F12A4F02D0FB68202B07D17B6909
:105BE0001B681A687B691B6842F400721A607B6943
:105BF0001B685A687B691B6822F480525A607B6973
:105C00001B685A687B691B6822F400625A607B69D2
:105C100000225A857B691B6C002B04D07B691B6FAB
:105C20007869984720E07B69202283F83D207B69D2
:105C300093F83E30DBB2402B0BD17B69002283F816
:105C40003E207B6900221A637B69DB6E7869984786
:105C50000AE07B69002283F83E207B6912221A63E6
:105C60007B699B6D7869984700BF1837BD4680BD3A
:105C700080B584B000AF78607B689B6BFB60FB688D
:105C80005B6B002B03D0FB685B6B0022DA63FB6865
:105C90009B6B002B03D0FB689B6B0022DA63786858
:105CA000FCF762FE0346022B1CD0FB681B681A68D7
:105CB000FB681B6822F480621A60FB6800225A8528
:105CC000FB68202283F83D20FB68002283F83E20F9
:105CD000FB681B6C43F01002FB681A64FB681B6FC7
:105CE000F868984700BF1037BD4680BD80B586B0C4
:105CF00000AF78600023FB607B689B6B7B617B69F6
:105D000093F83D30FB744C4B1B68DB084B4AA2FBFD
:105D100003231A0A13469B001344DA00D31AFB60CC
:105D2000FB68002B06D17B691B6C43F020027B696A
:105D30001A640AE0FB68013BFB607B691B681B6817
:105D400003F40073B3F5007FEAD07B695B6B002B33
:105D500003D07B695B6B0022DA637B699B6B002B52
:105D600003D07B699B6B0022DA637B691B681A682E
:105D70007B691B6822F480621A607B6900225A8565
:105D80007B695B6B002B03D07B695B6B00221A6520
:105D90007B699B6B002B03D07B699B6B00221A6590
:105DA0007B691B681A687B691B6822F001021A6014
:105DB0007B6993F83D30DBB2602B0FD17B692022E9
:105DC00083F83D207B69002283F83E207B69002216
:105DD0001A647B695B6F7869984728E0FB7C03F065
:105DE0002803282B17D17B691B681A687B691B68FD
:105DF00042F001021A607B691B681A687B691B68A4
:105E000042F480621A607B6900221A637B6928224F
:105E100083F83D2007E07B69202283F83D207B69E1
:105E2000002283F83E207B691B6F7869984700BF8A
:105E30001837BD4680BD00BF8805002089B5F8141D
:105E400080B584B000AFF860B9603B601346FB7169
:105E500025E03B68B3F1FF3F21D0FAF741FC024651
:105E6000BB69D31A3A689A4202D33B68002B16D119
:105E7000FB6800221A63FB68202283F83D20FB6840
:105E8000002283F83E20FB681B6C43F02002FB6875
:105E90001A64FB68002283F83C20012323E0BB68DE
:105EA0001B0CDBB2012B0DD1FB681B685B69DA436D
:105EB000BB6813409BB2002B0CBF01230023DBB255
:105EC0001A460CE0FB681B689B69DA43BB68134009
:105ED0009BB2002B0CBF01230023DBB21A46FB79D7
:105EE0009A42B6D0002318461037BD4680BD80B513
:105EF00084B000AFF860B9607A603B6051E0FB6845
:105F00001B685B6903F48063B3F5806F23D1FB6882
:105F10001B681A68FB681B6842F400721A60FB6811
:105F20001B686FF480625A61FB6800221A63FB6889
:105F3000202283F83D20FB68002283F83E20FB6886
:105F40001B6C43F00402FB681A64FB68002283F8B0
:105F50003C20012346E07B68B3F1FF3F21D0FAF7F4
:105F6000BFFB02463B68D31A7A689A4202D37B6829
:105F7000002B16D1FB6800221A63FB68202283F8ED
:105F80003D20FB68002283F83E20FB681B6C43F039
:105F90002002FB681A64FB68002283F83C2001237E
:105FA00020E0BB681B0CDBB2012B0CD1FB681B682B
:105FB0005B69DA43BB6813409BB2002B14BF01231B
:105FC0000023DBB20BE0FB681B689B69DA43BB680C
:105FD00013409BB2002B14BF01230023DBB2002B24
:105FE0008DD1002318461037BD4680BD80B584B0E2
:105FF00000AFF860B9607A602DE0F86800F06AF8E8
:106000000346002B01D001232DE0BB68B3F1FF3F15
:1060100021D0FAF765FB02467B68D31ABA689A4228
:1060200002D3BB68002B16D1FB6800221A63FB6801
:10603000202283F83D20FB68002283F83E20FB6885
:106040001B6C43F02002FB681A64FB68002283F893
:106050003C20012307E0FB681B685B6903F08003B9
:10606000802BCAD1002318461037BD4680BD0000E2
:1060700080B485B000AF78600023FB60134B1B68D1
:10608000DB08134AA2FB03231A0A13469B0013449E
:10609000FB60FB68013BFB60FB68002B07D17B6862
:1060A0001B6C43F020027B681A64012308E07B68C4
:1060B0001B681B6803F40073B3F5007FE9D000236D
:1060C00018461437BD465DF8047B704788050020EC
:1060D00089B5F81480B483B000AF78607B681B6822
:1060E0005B6903F48063B3F5806F1BD17B681B6829
:1060F0006FF480625A617B6800221A637B682022F9
:1061000083F83D207B68002283F83E207B681B6C6F
:1061100043F004027B681A647B68002283F83C2009
:10612000012300E0002318460C37BD465DF8047BD0
:10613000704780B483B000AF78607B68DB6AB3F5EA
:106140002A0F03D17B680122DA6207E07B68DB6AF1
:10615000B3F12A4F02D17B680822DA6200BF0C3704
:10616000BD465DF8047B7047F0B58FB00AAF78602C
:106170007B68002B01D101230FE17B681B68BB60AA
:106180007B6893F8BD33DBB2002B06D17B6800221D
:1061900083F8BC237868F9F759FF7B68032283F8FA
:1061A000BD23BB68DB6B03F48073002B02D17B68DB
:1061B00000221A617B681B68184603F0EEFE7B68BC
:1061C0001B683B607E686D4606F110040FCC0FC55E
:1061D0000FCC0FC594E8030085E80300331D0ECBF8
:1061E000386803F0C5FD0346002B05D07B6802220A
:1061F00083F8BD230123D0E07B681B68002118468B
:1062000003F0DCFE0023FB734AE0FA7B7968134657
:10621000DB009B1A9B000B443D3301221A70FA7B72
:1062200079681346DB009B1A9B000B443C33FA7BD6
:106230001A70FA7BFB7B98B279681346DB009B1AD5
:106240009B000B44423302461A80FA7B796813465E
:10625000DB009B1A9B000B443F3300221A70FA7B31
:1062600079681346DB009B1A9B000B4444330022E1
:106270001A60FA7B79681346DB009B1A9B000B447B
:10628000483300221A60FA7B79681346DB009B1AB8
:106290009B000B44503300221A60FB7B0133FB73DD
:1062A000FA7B7B685B689A42AFD30023FB7344E0C0
:1062B000FA7B79681346DB009B1A9B000B4403F2C0
:1062C000FD1300221A70FA7B79681346DB009B1AD3
:1062D0009B000B4403F5FE73FA7B1A70FA7B796816
:1062E0001346DB009B1A9B000B4403F2FF130022B2
:1062F0001A70FA7B79681346DB009B1A9B000B44EB
:1063000003F5017300221A60FA7B79681346DB00FB
:106310009B1A9B000B4403F5027300221A60FA7B60
:1063200079681346DB009B1A9B000B4403F504734A
:1063300000221A60FB7B0133FB73FA7B7B685B688E
:106340009A42B5D37B681B683B607E686D4606F158
:1063500010040FCC0FC50FCC0FC594E8030085E8DF
:106360000300331D0ECB386803F074FE0346002B88
:1063700005D07B68022283F8BD2301230DE07B68F2
:10638000002283F838207B68012283F8BD237B68D4
:106390001B68184604F0F0FE002318461437BD466B
:1063A000F0BD80B584B000AF78607B681B68FB608F
:1063B0007B6893F8BC33012B01D1022320E07B687A
:1063C000012283F8BC237B689B6A012B09D17B687F
:1063D0009B69012B05D0FB689B6B43F48032FB6803
:1063E0009A637B681B68184603F0C6FD7B681B68D0
:1063F000184604F0A0FE7B68002283F8BC2300232B
:1064000018461037BD4680BD90B58DB000AF78609E
:106410007B681B683B623B6AFB617B681B681846B4
:1064200004F05EFF0346002B40F09D837B681B68F1
:10643000184604F0C2FE0346002B00F093837B68ED
:106440001B68184604F0B9FE034603F00203022B52
:1064500007D17B681B685A697B681B6802F00202DF
:106460005A617B681B68184604F0A7FE034603F0D8
:106470001003102B61D17B681B689A697B681B68CD
:1064800022F010029A613B6A1B6ABB61BB6903F090
:106490000F021346DB009B1A9B0003F5FC737A681E
:1064A000134404337B61BB695B0C03F00F03022BC5
:1064B00024D1BA6947F6F0731340002B35D07B69BD
:1064C000D968BB691B099BB2C3F30A039BB21A4686
:1064D000386A04F0DEFC7B69DA68BB691B09C3F328
:1064E0000A031A447B69DA607B699A69BB691B09F4
:1064F000C3F30A031A447B699A6116E0BB695B0C1B
:1065000003F00F03062B10D17B6803F5717308228B
:106510001946386A04F0BDFC7B699A69BB691B099E
:10652000C3F30A031A447B699A617B681B689A6902
:106530007B681B6842F010029A617B681B681846F2
:1065400004F03BFE034603F40023B3F5002F6ED1A5
:1065500000237B627B681B68184604F041FEB8622A
:1065600062E0BB6A03F00103002B57D07B681B6815
:106570007A6AD2B21146184604F066FE38613B6969
:1065800003F00103002B0CD07B6A5A01FB69134412
:1065900003F530631A4601239360796A786800F046
:1065A000B1FD3B6903F00803002B0CD07B6A5A0154
:1065B000FB69134403F530631A4608239360796A34
:1065C000786800F0ABFE3B6903F01003002B08D0A5
:1065D0007B6A5A01FB69134403F530631A461023A2
:1065E00093603B6903F02003002B08D07B6A5A01BB
:1065F000FB69134403F530631A46202393603B691B
:1066000003F40053002B09D07B6A5A01FB69134441
:1066100003F530631A464FF4005393607B6A0133ED
:106620007B62BB6A5B08BB62BB6A002B99D17B684B
:106630001B68184604F0C1FD034603F48023B3F53C
:10664000802F40F0C0807B681B68184604F0E2FD94
:10665000B86200237B62B2E0BB6A03F00103002B47
:1066600000F0A7807B681B687A6AD2B21146184690
:1066700004F008FE38613B6903F00103002B57D09A
:106680007B6A03F00F03012202FA03F3FB60FB694C
:1066900003F500635A6BFB68DB43F96901F50061A0
:1066A00013404B637B6A5A01FB69134403F5106383
:1066B0001A46012393607B681B69012B32D17968EC
:1066C0007A6A1346DB009B1A9B000B444833196817
:1066D00078687A6A1346DB009B1A9B0003444433B4
:1066E0001B68194478687A6A1346DB009B1A9B0082
:1066F0000344483319607B6A002B13D179687A6AA6
:106700001346DB009B1A9B000B4450331B68002B85
:1067100008D17B6818687B6803F571731A460121FC
:1067200004F010FE7B6ADBB219467868F9F70FFDBA
:106730003B6903F00803002B08D07B6A5A01FB6910
:10674000134403F510631A46082393603B6903F072
:106750001003002B08D07B6A5A01FB69134403F530
:1067600010631A46102393603B6903F04003002B2B
:1067700008D07B6A5A01FB69134403F510631A467B
:10678000402393603B6903F00203002B08D07B6A2F
:106790005A01FB69134403F510631A460223936000
:1067A0003B6903F08003002B03D0796A786800F01E
:1067B0001BFC7B6A01337B62BB6A5B08BB62BB6A02
:1067C000002B7FF449AF7B681B68184604F0F5FC8A
:1067D000034603F00043B3F1004F22D1FB6903F5F8
:1067E00000635B68FA6902F5006223F001035360FD
:1067F0007B6893F8F433012B08D17B68002283F87F
:10680000F4230021786800F027FE02E07868F9F7A9
:1068100015FD7B681B685A697B681B6802F00042A3
:106820005A617B681B68184604F0C7FC034603F4F2
:106830000063B3F5006F12D1FB6903F500639B6839
:1068400003F00103012B02D17868F9F7D1FC7B68D2
:106850001B685A697B681B6802F400625A617B6896
:106860001B68184604F0A9FC034603F48053B3F5F3
:10687000805F40F0C780FB6903F500635B68FA69DD
:1068800002F5006223F0010353607B681B6810214E
:10689000184603F043FD0023FB6256E0FB6A5A01F1
:1068A000FB69134403F510631A464FF67F33936078
:1068B000FB6A5A01FB69134403F510631B68FA6A0B
:1068C0005101FA690A4402F5106223F400131360BF
:1068D000FB6A5A01FB69134403F510631B68FA6AEB
:1068E0005101FA690A4402F5106243F00063136033
:1068F000FB6A5A01FB69134403F530631A464FF6ED
:106900007F339360FB6A5A01FB69134403F53063DC
:106910001B68FA6A5101FA690A4402F5306223F4ED
:1069200000131360FB6A5A01FB69134403F53063DB
:106930001B68FA6A5101FA690A4402F5306243F0B1
:1069400000631360FB6A0133FB627B685B68FA6A71
:106950009A42A3D3FB6903F50063DB69FA6902F588
:10696000006243F00113D3617B681B6B002B16D0D0
:10697000FB6903F50063D3F88430FA6902F500621D
:1069800043F00B03C2F88430FB6903F500635B6CD2
:10699000FA6902F5006243F00B03536415E0FB69EA
:1069A00003F500635B69FA6902F5006243F4005382
:1069B00043F02B035361FB6903F500631B69FA691C
:1069C00002F5006243F00B031361FB6903F50063FA
:1069D0001B68FA6902F5006223F4FE6313607B68AA
:1069E00018687B681B69D9B27B6803F571731A4616
:1069F00004F0A8FC7B681B685A697B681B6802F47A
:106A000080525A617B681B68184604F0D6FB034627
:106A100003F40053B3F5005F24D17B681B6818466C
:106A200004F06CFC7B681B68184603F0D4FC03463A
:106A30001A467B68DA607B681C6801F03DF9014604
:106A40007B68DB68DBB21A46204603F0F3F978680E
:106A5000F9F7A5FB7B681B685A697B681B6802F421
:106A600000525A617B681B68184604F0A6FB034677
:106A700003F00803082B0AD17868F9F782FB7B68DA
:106A80001B685A697B681B6802F008025A617B68C0
:106A90001B68184604F091FB034603F48013B3F51A
:106AA000801F0FD100237B627B6ADBB219467868B6
:106AB000F9F7E4FB7B681B685A697B681B6802F482
:106AC00080125A617B681B68184604F076FB034607
:106AD00003F40013B3F5001F0FD100237B627B6A20
:106AE000DBB219467868F9F7B7FB7B681B685A690F
:106AF0007B681B6802F400125A617B681B681846A9
:106B000004F05BFB034603F08043B3F1804F0AD1EE
:106B10007868F9F7C5FB7B681B685A697B681B6856
:106B200002F080425A617B681B68184604F045FBFE
:106B3000034603F00403042B15D17B681B685B68D4
:106B4000BB61BB6903F00403002B02D07868F9F73E
:106B5000B5FB7B681B6859687B681B68BA690A4388
:106B60005A6000E000BF3437BD4690BD80B582B0AA
:106B700000AF78600B46FB707B6893F8BC33012B49
:106B800001D1022313E07B68012283F8BC237B68D8
:106B9000FA7883F838207B681B68FA781146184623
:106BA00004F0A3FA7B68002283F8BC230023184674
:106BB0000837BD4680BD80B584B000AF7860084618
:106BC00011461A460346FB700B463B801346BB70CA
:106BD0000023FB7297F90330002B0FDAFB7803F0E8
:106BE0000F021346DB009B1A9B0038337A6813446C
:106BF0000433FB60FB6801225A700FE0FB7803F05E
:106C00000F021346DB009B1A9B0003F5FC737A68A6
:106C100013440433FB60FB6800225A70FB7803F0D6
:106C20000F03DAB2FB681A703A88FB689A60FB6857
:106C3000BA78DA70FB685B78002B04D0FB681B78AD
:106C40009AB2FB68DA80BB78022B02D1FB68002283
:106C50001A717B6893F8BC33012B01D102230EE03B
:106C60007B68012283F8BC237B681B68F96818469F
:106C700003F0D6FB7B68002283F8BC23FB7A18461E
:106C80001037BD4680BD80B584B000AF78600B463C
:106C9000FB7097F90330002B0FDAFB7803F00F023B
:106CA0001346DB009B1A9B0038337A681344043385
:106CB000FB60FB6801225A700FE0FB7803F00F02C3
:106CC0001346DB009B1A9B0003F5FC737A681344A0
:106CD0000433FB60FB6800225A70FB7803F00F035B
:106CE000DAB2FB681A707B6893F8BC33012B01D1D0
:106CF00002230EE07B68012283F8BC237B681B68BB
:106D0000F968184603F014FC7B68002283F8BC2362
:106D1000002318461037BD4680BD80B586B000AF51
:106D2000F8607A603B600B46FB72FB7A03F00F025F
:106D30001346DB009B1A9B0003F5FC73FA681344AF
:106D400004337B617B697A68DA607B693A685A61EF
:106D50007B6900229A617B6900225A70FB7A03F0FA
:106D60000F03DAB27B691A70FB681B69012B02D131
:106D70007A687B691A61FB7A03F00F03002B09D153
:106D8000FB681868FB681B69DBB21A46796903F077
:106D9000EFFE08E0FB681868FB681B69DBB21A4667
:106DA000796903F0A1FC002318461837BD4680BD61
:106DB00080B483B000AF78600B46FB70FB7803F0C3
:106DC0000F0279681346DB009B1A9B000B4403F506
:106DD00005731B6818460C37BD465DF8047B704789
:106DE00080B586B000AFF8607A603B600B46FB72FE
:106DF000FB7A03F00F021346DB009B1A9B0038332B
:106E0000FA68134404337B617B697A68DA607B69D2
:106E10003A685A617B6900229A617B6901225A7043
:106E2000FB7A03F00F03DAB27B691A70FB681B6907
:106E3000012B02D17A687B691A61FB7A03F00F0398
:106E4000002B09D1FB681868FB681B69DBB21A4686
:106E5000796903F08DFE08E0FB681868FB681B6920
:106E6000DBB21A46796903F03FFC00231846183755
:106E7000BD4680BD80B584B000AF78600B46FB7026
:106E8000FB7803F00F027B685B689A4201D901230B
:106E900050E097F90330002B0FDAFB7803F00F0274
:106EA0001346DB009B1A9B0038337A681344043383
:106EB000FB60FB6801225A700DE0FA781346DB0094
:106EC0009B1A9B0003F5FC737A6813440433FB6040
:106ED000FB6800225A70FB6801229A70FB7803F06D
:106EE0000F03DAB2FB681A707B6893F8BC33012B8E
:106EF00001D102231EE07B68012283F8BC237B685A
:106F00001B68F968184604F01CF8FB7803F00F03BF
:106F1000002B0AD17B6818687B681B69D9B27B6833
:106F200003F571731A4604F00DFA7B68002283F8AA
:106F3000BC23002318461037BD4680BD80B584B001
:106F400000AF78600B46FB70FB7803F00F027B68A4
:106F50005B689A4201D9012342E097F90330002B84
:106F60000FDAFB7803F00F021346DB009B1A9B003D
:106F700038337A6813440433FB60FB6801225A708B
:106F80000FE0FB7803F00F021346DB009B1A9B0017
:106F900003F5FC737A6813440433FB60FB6800223A
:106FA0005A70FB6800229A70FB7803F00F03DAB284
:106FB000FB681A707B6893F8BC33012B01D1022364
:106FC0000EE07B68012283F8BC237B681B68F968AC
:106FD000184604F024F87B68002283F8BC230023C1
:106FE00018461037BD4680BD80B58AB002AF7860C4
:106FF00039607B681B687B617B693B613A6813463B
:10700000DB009B1A9B0038337A6813440433FB601F
:10701000FB689A69FB685B699A4201D901236CE0BD
:10702000FB685A69FB689B69D31AFB61FB689B6824
:10703000FA699A4202D9FB689B68FB61FB690333DA
:107040009B08BB612BE0FB685A69FB689B69D31AFC
:10705000FB61FB689B68FA699A4202D9FB689B68EE
:10706000FB61FB6903339B08BB61FB68D9683B6824
:10707000DAB2FB6998B27B681B69DBB20093034606
:10708000786903F0C8FEFB68DA68FB691A44FB689C
:10709000DA60FB689A69FB691A44FB689A613B688D
:1070A0005A013B69134403F510639B699BB2BA69AB
:1070B0009A4209D8FB689A69FB685B699A4203D2D5
:1070C000FB685B69002BBED1FB685A69FB689B6952
:1070D0009A4211D83B6803F00F03012202FA03F32E
:1070E000BB603B6903F500635A6BBB68DB433969DE
:1070F00001F5006113404B63002318462037BD465D
:1071000080BD000080B586B000AF786039607B68D4
:107110001B687B617B693B617B693C3304331B6883
:10712000FB603B685A013B69134403F530639B687D
:10713000BB607B681B69012B40F0A080BB6803F03B
:107140000803002B15D0FB68724A934240F2DD80A1
:10715000BB6803F40043002B00F0D7803B685A0162
:107160003B69134403F530631A464FF400439360C0
:10717000CBE0BB6803F02003002B09D03B685A0129
:107180003B69134403F530631A4620239360BCE047
:10719000BB6803F02803002B40F0B780FB685D4A12
:1071A00093420FD9BB6803F40043002B0AD03B681D
:1071B0005A013B69134403F530631A464FF4004308
:1071C0009360A2E079683A681346DB009B1A9B0043
:1071D0000B4403F501731A683B6859013B690B4482
:1071E00003F530631B69C3F31203D11A78683A6858
:1071F0001346DB009B1A9B00034403F505731960DB
:1072000079683A681346DB009B1A9B000B4403F530
:107210000273196878683A681346DB009B1A9B0072
:10722000034403F501731B68194478683A681346F0
:10723000DB009B1A9B00034403F5027319603B6853
:10724000002B14D179683A681346DB009B1A9B0027
:107250000B4403F504731B68002B08D17B68186886
:107260007B6803F571731A46012104F06BF83B68E3
:10727000DBB219467868F8F74FFF46E0FB68264A0C
:10728000934224D1BB6803F40043002B0AD03B682F
:107290005A013B69134403F530631A464FF4004327
:1072A000936032E0BB6803F02003002B08D03B68FA
:1072B0005A013B69134403F530631A462023936057
:1072C0003B68DBB219467868F8F726FF1DE03B689B
:1072D000002B14D179683A681346DB009B1A9B0097
:1072E0000B4403F504731B68002B08D17B681868F6
:1072F0007B6803F571731A46002104F023F83B689C
:10730000DBB219467868F8F707FF002318461837EC
:10731000BD4680BD0A30544F0A31544F80B586B007
:1073200000AF786039607B681B687B617B693B617B
:107330007B693C3304331B68FB603B685A013B6943
:10734000134403F530639B68BB60FB68154A9342A6
:107350000ED9BB6803F40043002B09D03B685A01E7
:107360003B69134403F530631A464FF400439360BE
:107370007868F8F7BFFEFB680A4A93420CD97B682D
:107380001B69012B08D17B6818687B6803F5717352
:107390001A46012103F0D6FF002318461837BD46D0
:1073A00080BD00BF0A30544F80B485B000AF786014
:1073B0000B46FB7013463B807B681B685B6ABB60B7
:1073C000FB78002B07D13B8819047B681B68BA68DF
:1073D0000A439A6228E07B681B689B6A1B0CBA68A8
:1073E0001344BB600023FB730DE07B681A68FB7BD2
:1073F00040339B0013445B681B0CBA681344BB60AA
:10740000FB7B0133FB73FA7BFB78013B9A42ECD3A5
:107410003B8818047B681968FB78013BBA68024313
:1074200040339B000B445A60002318461437BD4676
:107430005DF8047B704780B483B000AF78600B4682
:107440007B807B681B687A885A62002318460C3759
:10745000BD465DF8047B704780B483B000AF7860B0
:107460000B46FB7000BF0C37BD465DF8047B7047D0
:1074700080B586B000AF78607B68002B01D1012316
:1074800067E27B681B6803F00103002B75D0884B13
:107490009B6803F00C03042B0CD0854B9B6803F016
:1074A0000C03082B12D1824B5B6803F48003B3F505
:1074B000800F0BD17E4B1B6803F40033002B5BD095
:1074C0007B685B68002B57D1012342E27B685B68D5
:1074D000B3F5803F06D1764B1B68754A43F4803381
:1074E00013601DE07B685B68B3F5A02F0CD1704B77
:1074F0001B686F4A43F4802313606D4B1B686C4A12
:1075000043F4803313600BE0694B1B68684A23F433
:1075100080331360664B1B68654A23F48023136035
:107520007B685B68002B13D0F9F7DAF8386108E064
:10753000F9F7D6F802463B69D31A642B01D9032325
:1075400007E25B4B1B6803F40033002BF0D014E020
:10755000F9F7C6F8386108E0F9F7C2F802463B6966
:10756000D31A642B01D90323F3E1514B1B6803F4B5
:107570000033002BF0D100E000BF7B681B6803F0F4
:107580000203002B63D04A4B9B6803F00C03002BD3
:107590000BD0474B9B6803F00C03082B1CD1444BCA
:1075A0005B6803F48003002B16D1414B1B6803F08A
:1075B0000203002B05D07B68DB68012B01D001237F
:1075C000C7E13B4B1B6823F0F8027B681B69DB00BB
:1075D000374913430B603AE07B68DB68002B20D00F
:1075E000344B01221A60F9F77BF8386108E0F9F7AB
:1075F00077F802463B69D31A022B01D90323A8E18D
:107600002B4B1B6803F00203002BF0D0284B1B68A8
:1076100023F0F8027B681B69DB00254913430B60EC
:1076200015E0244B00221A60F9F75AF8386108E097
:10763000F9F756F802463B69D31A022B01D9032306
:1076400087E11B4B1B6803F00203002BF0D17B6822
:107650001B6803F00803002B36D07B685B69002BA6
:1076600016D0154B01221A60F9F73AF8386108E094
:10767000F9F736F802463B69D31A022B01D90323E6
:1076800067E10B4B5B6F03F00203002BF0D01BE0B4
:10769000094B00221A60F9F723F838610EE0F9F778
:1076A0001FF802463B69D31A022B07D9032350E186
:1076B0000038024000004742800E4742884B5B6F13
:1076C00003F00203002BEAD17B681B6803F004037C
:1076D000002B00F097800023FB75814B1B6C03F09F
:1076E0008053002B0FD10023BB607D4B1B6C7C4A69
:1076F00043F0805313647A4B1B6C03F08053BB60E0
:10770000BB680123FB75774B1B6803F48073002B68
:1077100018D1744B1B68734A43F480731360F8F7F5
:10772000DFFF386108E0F8F7DBFF02463B69D31A58
:10773000022B01D903230CE16A4B1B6803F480730D
:10774000002BF0D07B689B68012B06D1644B1B6F2C
:10775000634A43F0010313671CE07B689B68052BB9
:107760000CD15F4B1B6F5E4A43F0040313675C4B05
:107770001B6F5B4A43F0010313670BE0584B1B6F11
:10778000574A23F001031367554B1B6F544A23F0EC
:10779000040313677B689B68002B15D0F8F7A0FFE4
:1077A00038610AE0F8F79CFF02463B69D31A41F2C0
:1077B0008832934201D90323CBE0494B1B6F03F07E
:1077C0000203002BEED014E0F8F78AFF38610AE0DC
:1077D000F8F786FF02463B69D31A41F2883293429A
:1077E00001D90323B5E03E4B1B6F03F00203002BCE
:1077F000EED1FB7D012B05D1394B1B6C384A23F0B0
:10780000805313647B689B69002B00F0A180344B8C
:107810009B6803F00C03082B5CD07B689B69022BF0
:1078200041D1314B00221A60F8F75AFF386108E065
:10783000F8F756FF02463B69D31A022B01D90323FE
:1078400087E0274B1B6803F00073002BF0D17B68A7
:10785000DA697B681B6A1A437B685B6A9B011A437F
:107860007B689B6A5B08013B1B041A437B68DB6AED
:107870001B061B4913434B601B4B01221A60F8F790
:107880002FFF386108E0F8F72BFF02463B69D31A57
:10789000022B01D903235CE0114B1B6803F000733A
:1078A000002BF0D054E0104B00221A60F8F718FFBC
:1078B000386108E0F8F714FF02463B69D31A022B3F
:1078C00001D9032345E0064B1B6803F00073002B2E
:1078D000F0D13DE07B689B69012B07D1012338E0A3
:1078E0000038024000700040600047421B4B5B685C
:1078F000FB607B689B69012B28D0FB6803F4800246
:107900007B68DB699A4221D1FB6803F03F027B6808
:107910001B6A9A421AD1FA6847F6C07313407A6814
:10792000526A9201934211D1FB6803F440327B68A2
:107930009B6A5B08013B1B049A4207D1FB6803F07A
:1079400070627B68DB6A1B069A4201D0012300E06B
:10795000002318461837BD4680BD00BF00380240DE
:1079600080B584B000AF786039607B68002B01D1AE
:107970000123CCE0684B1B6803F007033A689A4286
:107980000CD9654B3A68D2B21A70634B1B6803F08E
:1079900007033A689A4201D00123B8E07B681B686C
:1079A00003F00203002B20D07B681B6803F0040364
:1079B000002B05D0594B9B68584A43F4E053936021
:1079C0007B681B6803F00803002B05D0534B9B68B2
:1079D000524A43F460439360504B9B6823F0F0029B
:1079E0007B689B684D4913438B607B681B6803F081
:1079F0000103002B44D07B685B68012B07D1474B08
:107A00001B6803F40033002B19D101237FE07B684E
:107A10005B68022B03D07B685B68032B07D13F4B6D
:107A20001B6803F00073002B09D101236FE03B4B6F
:107A30001B6803F00203002B01D1012367E0374BE1
:107A40009B6823F003027B685B68344913438B60B7
:107A5000F8F746FEF8600AE0F8F742FE0246FB68D7
:107A6000D31A41F28832934201D903234FE02B4BC2
:107A70009B6803F00C027B685B689B009A42EBD129
:107A8000254B1B6803F007033A689A420CD2224B3D
:107A90003A68D2B21A70204B1B6803F007033A68A9
:107AA0009A4201D0012332E07B681B6803F0040393
:107AB000002B08D0194B9B6823F4E0527B68DB68ED
:107AC000164913438B607B681B6803F00803002B87
:107AD00009D0124B9B6823F460427B681B69DB0072
:107AE0000E4913438B6000F021F802460B4B9B6854
:107AF0001B0903F00F030A49CB5C22FA03F3094A7E
:107B00001360094B1B681846F3F7E4FE0023184680
:107B10001037BD4680BD00BF003C02400038024027
:107B2000ACDD040888050020F00600202DE9B04FE8
:107B300090B000AF00237B630023FB6300233B6313
:107B40000023BB63594B9B6803F00C03082B0DD03B
:107B5000082B00F2A180002B02D0042B03D09BE065
:107B6000534BBB639BE0534BBB6398E04F4B5B684D
:107B700003F03F037B634D4B5B6803F48003002BF2
:107B800028D04A4B5B689B0900223B627A623B6AC1
:107B9000C3F308000021474B03FB01F2002300FB65
:107BA00003F31344434AA0FB0212FA620A46BA6284
:107BB000FA6A1344FB627B6B0022BB61FA61D7E96E
:107BC0000623D7E90A01D9F707F802460B46134600
:107BD000FB6353E0354B5B689B0900223B617A6194
:107BE0003B69C3F3080A4FF0000B52465B464FF067
:107BF00000004FF00001590141EAD26150010246F4
:107C00000B46B2EB0A0863EB0B094FF000024FF092
:107C100000034FEA891343EA98634FEA8812B2EBF4
:107C2000080463EB09054FF000024FF00003EB007E
:107C300043EA5473E20014461D4614EB0A033B600A
:107C400045EB0B037B604FF000024FF00003D7E9D8
:107C5000004529468B02214643EA915321468A0278
:107C6000104619467B6B0022BB60FA60D7E90223FD
:107C7000D8F7B2FF02460B461346FB630B4B5B681B
:107C80001B0C03F0030301335B003B63FA6B3B6B9C
:107C9000B2FBF3F3BB6302E0054BBB6300BFBB6BFE
:107CA00018464037BD46BDE8B08F00BF00380240DF
:107CB0000024F400002D310180B400AF034B1B6899
:107CC0001846BD465DF8047B704700BF880500205C
:107CD00080B500AFFFF7F0FF0246054B9B689B0A9B
:107CE00003F007030349CB5C22FA03F3184680BD77
:107CF00000380240BCDD040880B483B000AF786077
:107D000039607B680F221A60124B9B6803F00302F4
:107D10007B685A600F4B9B6803F0F0027B689A60A7
:107D20000C4B9B6803F4E0527B68DA60094B9B685C
:107D3000DB0803F4E0527B681A61074B1B6803F011
:107D400007023B681A6000BF0C37BD465DF8047B34
:107D5000704700BF00380240003C024080B586B04A
:107D600000AF786000237B6100233B617B681B6868
:107D700003F00103002B05D17B681B6803F00403AB
:107D8000002B35D0624B00221A60F8F7A9FC78610D
:107D900008E0F8F7A5FC02467B69D31A022B01D94B
:107DA0000323B0E05B4B1B6803F00063002BF0D1B2
:107DB0007B685B689A017B689B681B075549134386
:107DC000C1F88430524B01221A60F8F789FC7861BF
:107DD00008E0F8F785FC02467B69D31A022B01D92B
:107DE000032390E04B4B1B6803F00063002BF0D0A3
:107DF0007B681B6803F00203002B00F083800023E4
:107E0000FB60444B1B6C434A43F080531364414B6B
:107E10001B6C03F08053FB60FB683F4B1B683E4AC2
:107E200043F480731360F8F75BFC786108E0F8F7BF
:107E300057FC02467B69D31A022B01D9032362E067
:107E4000354B1B6803F48073002BF0D0314B1B6F54
:107E500003F440733B613B69002B2FD07B68DB68E8
:107E600003F440733A699A4228D02A4B1B6F23F4DB
:107E700040733B61294B01221A60284B00221A6093
:107E8000244A3B691367234B1B6F03F00103012B4B
:107E900014D1F8F725FC78610AE0F8F721FC0246D6
:107EA0007B69D31A41F28832934201D903232AE035
:107EB000184B1B6F03F00203002BEED07B68DB68CE
:107EC00003F44073B3F5407F0DD1124B9B6823F44C
:107ED000F8127B68DB6823F0704323F440730D498C
:107EE00013438B6005E00B4B9B680A4A23F4F8139D
:107EF0009360084B1A6F7B68DB68C3F30B0305497B
:107F000013430B67002318461837BD4680BD00BFDA
:107F1000680047420038024000700040400E47426F
:107F200080B582B000AF78607B68002B01D101235F
:107F30009BE07B685B6A002B08D17B685B68B3F5CC
:107F4000827F09D07B680022DA6105E07B6800222D
:107F50001A617B6800225A617B6800229A627B6802
:107F600093F85130DBB2002B26D17B68002283F8D6
:107F700050207B683F4A9A657B683F4ADA657B6898
:107F80003E4A1A667B683E4A5A667B683D4A9A6654
:107F90007B683D4ADA667B683C4A1A677B683C4AE4
:107FA0005A677B689B6F002B02D17B68394A9A67BE
:107FB0007B689B6F786898477B68022283F8512022
:107FC0007B681B681A687B681B6822F040021A6095
:107FD0007B685B6803F482727B689B6803F40443EC
:107FE0001A437B68DB6803F400631A437B681B69F0
:107FF00003F002031A437B685B6903F001031A4331
:108000007B689B6903F400731A437B68DB6903F0A8
:1080100038031A437B681B6A03F0800342EA0301BA
:108020007B689B6A03F400527B681B680A431A60F2
:108030007B689B691B0C03F004017B685B6A03F09F
:1080400010027B681B680A435A607B681B68DA6908
:108050007B681B6822F40062DA617B6800225A6543
:108060007B68012283F85120002318460837BD465B
:1080700080BD00BF01850408158504082985040812
:108080003D85040851850408658504087985040840
:108090008D8504083DB4030880B582B000AF7860D8
:1080A0007B68002B01D1012322E07B68022283F848
:1080B00051207B681B681A687B681B6822F04002AD
:1080C0001A607B68DB6F002B02D17B680A4ADA6793
:1080D0007B68DB6F786898477B6800225A657B680D
:1080E000002283F851207B68002283F8502000236F
:1080F00018460837BD4680BDE9B6030880B586B08E
:1081000000AFF860B9607A607B800023FB75FB6884
:1081100093F85030012B01D10223E3E0FB680122E8
:1081200083F85020FB6893F85130BB75FB685B689F
:108130003B61BB7D012B0DD03B69B3F5827F06D13E
:10814000FB689B68002B02D1BB7D042B02D002236D
:10815000FB75C2E0BB68002B05D07B68002B02D00A
:108160007B88002B02D10123FB75B6E0FB6893F8F6
:108170005130DBB2042B03D0FB68052283F8512079
:10818000FB6800225A65FB68BA681A63FB687A8844
:108190009A86FB687A88DA86FB687A689A63FB6855
:1081A0007A889A87FB687A88DA87FB6800221A64E3
:1081B000FB6800225A64FB6893F85130DBB2042B51
:1081C00008D1FB68DB6C494A1A64FB68DB6C484ADF
:1081D000DA6307E0FB68DB6C464A1A64FB68DB6C19
:1081E000454ADA63FB68DB6C444ADA64FB68DB6CA3
:1081F00000221A65FB68D86CFB681B680C331946B3
:10820000FB689B6B1A46FB68DB8F9BB2FAF79AF907
:108210000346002B0CD0FB685B6D43F01002FB683B
:108220005A650123FB75FB68012283F8512054E055
:10823000FB681B685A68FB681B6842F001025A60C1
:10824000FB689B6C00221A64FB689B6C0022DA635B
:10825000FB689B6C0022DA64FB689B6C00221A6549
:10826000FB68986CFB681B6B1946FB681B680C333A
:108270001A46FB68DB8E9BB2FAF764F90346002BC3
:108280000CD0FB685B6D43F01002FB685A6501235C
:10829000FB75FB68012283F851201EE0FB681B6818
:1082A0001B6803F04003402B07D0FB681B681A686B
:1082B000FB681B6842F040021A60FB681B685A6842
:1082C000FB681B6842F020025A60FB681B685A6812
:1082D000FB681B6842F002025A60FB68002283F8C8
:1082E0005020FB7D18461837BD4680BDFD8604082A
:1082F000BD8504081B8704086986040839870408BB
:1083000080B588B000AF78607B681B685B68FB61F4
:108310007B681B689B68BB61BB699B0903F0010319
:10832000002B0FD1BB6903F00103002B0AD0FB69BE
:108330009B0903F00103002B04D07B681B6C786859
:108340009847D8E0BB695B0803F00103002B0AD013
:10835000FB69DB0903F00103002B04D07B685B6C35
:1083600078689847C7E0BB695B0903F00103002BFD
:108370000CD1BB699B0903F00103002B06D1BB693B
:108380001B0A03F00103002B00F0B580FB695B09B9
:1083900003F00103002B00F0AE80BB699B0903F0E2
:1083A0000103002B23D07B6893F85130DBB2032B01
:1083B00011D07B685B6D43F004027B685A65002333
:1083C0007B617B681B68DB687B617B681B689B68E3
:1083D0007B617B690BE000233B617B681B68DB688A
:1083E0003B617B681B689B683B613B6983E0BB69C1
:1083F0005B0903F00103002B14D07B685B6D43F035
:1084000001027B685A650023FB607B681B689B68E0
:10841000FB607B681B681A687B681B6822F040025F
:108420001A60FB68BB691B0A03F00103002B0CD028
:108430007B685B6D43F008027B685A650023BB6074
:108440007B681B689B68BB60BB687B685B6D002BAF
:1084500050D07B681B685A687B681B6822F0E0027A
:108460005A607B68012283F85120FB6903F0020304
:10847000002B04D1FB6903F00103002B34D07B688F
:108480001B685A687B681B6822F003025A607B688D
:10849000DB6C002B11D07B68DB6C184A1A657B689B
:1084A000DB6C1846FAF7A6F80346002B05D07B686C
:1084B0005B6D43F040027B685A657B689B6C002BC8
:1084C00017D07B689B6C0D4A1A657B689B6C1846BD
:1084D000FAF790F80346002B0BD07B685B6D43F0F6
:1084E00040027B685A6504E07B681B6F7868984798
:1084F00000E000BF00BF2037BD4680BD7B87040879
:1085000080B483B000AF786000BF0C37BD465DF823
:10851000047B704780B483B000AF786000BF0C3735
:10852000BD465DF8047B704780B483B000AF7860CF
:1085300000BF0C37BD465DF8047B704780B483B044
:1085400000AF786000BF0C37BD465DF8047B704714
:1085500080B483B000AF786000BF0C37BD465DF8D3
:10856000047B704780B483B000AF786000BF0C37E5
:10857000BD465DF8047B704780B483B000AF78607F
:1085800000BF0C37BD465DF8047B704780B483B0F4
:1085900000AF786000BF0C37BD465DF8047B7047C4
:1085A00080B483B000AF78607B6893F85130DBB261
:1085B00018460C37BD465DF8047B704780B584B023
:1085C00000AF78607B689B6BFB60F8F789F8B86058
:1085D0007B681B681B6803F48073B3F5807F3CD015
:1085E000FB681B685A68FB681B6822F020025A600F
:1085F000FB689B68002B0DD1FB685B68B3F5827F3D
:1086000008D1FB681B685A68FB681B6822F00302EC
:108610005A6007E0FB681B685A68FB681B6822F019
:1086200001025A60BA686421F86800F043F9034611
:10863000002B02D0FB6820225A65FB680022DA87F3
:10864000FB68012283F85120FB685B6D002B04D08E
:10865000FB681B6FF868984703E0FB68DB6DF86800
:1086600098471037BD4680BD80B584B000AF7860B4
:108670007B689B6BFB60F8F733F8B8607B681B681E
:108680001B6803F48073B3F5807F30D0FB681B68F0
:108690005A68FB681B6822F020025A60BA6864219D
:1086A000F86800F06DF90346002B05D0FB685B6DA0
:1086B00043F02002FB685A65FB681B685A68FB6838
:1086C0001B6822F003025A60FB680022DA86FB680E
:1086D0000022DA87FB68012283F85120FB685B6D7A
:1086E000002B04D0FB681B6FF868984703E0FB6819
:1086F0001B6EF86898471037BD4680BD80B584B0C2
:1087000000AF78607B689B6BFB60FB689B6EF868D2
:10871000984700BF1037BD4680BD80B584B000AF1C
:1087200078607B689B6BFB60FB68DB6EF868984742
:1087300000BF1037BD4680BD80B584B000AF786003
:108740007B689B6BFB60FB681B685A68FB681B6857
:1087500022F003025A60FB685B6D43F01002FB6875
:108760005A65FB68012283F85120FB681B6FF8688B
:10877000984700BF1037BD4680BD80B584B000AFBC
:1087800078607B689B6BFB60FB680022DA87FB6884
:108790000022DA86FB681B6FF868984700BF103725
:1087A000BD4680BD80B588B000AFF860B9603B6061
:1087B0001346FB71F7F794FF0246BB6A9B1A3A68AF
:1087C0001344FB61F7F78CFFB861394B1B685B0101
:1087D0001B0DFA6902FB03F37B6154E03B68B3F1C4
:1087E000FF3F50D0F7F77CFF0246BB69D31AFA6906
:1087F0009A4202D9FB69002B3DD1FB681B685A687D
:10880000FB681B6822F0E0025A60FB685B68B3F506
:10881000827F11D1FB689B68B3F5004F04D0FB68E1
:108820009B68B3F5806F07D1FB681B681A68FB680B
:108830001B6822F040021A60FB689B6AB3F5005F78
:108840000FD1FB681B681A68FB681B6822F4005292
:108850001A60FB681B681A68FB681B6842F40052C8
:108860001A60FB68012283F85120FB68002283F81C
:108870005020032317E07B69002B01D10023FB610B
:108880007B69013B7B61FB681B689A68BB6813408E
:10889000BA689A420CBF01230023DBB21A46FB7967
:1088A0009A429BD1002318462037BD4680BD00BFA9
:1088B0008805002080B586B002AFF860B9607A60A4
:1088C000FB685B68B3F5827F11D1FB689B68B3F5E9
:1088D000004F04D0FB689B68B3F5806F07D1FB683D
:1088E0001B681A68FB681B6822F040021A60FB686C
:1088F0005B68B3F5827F2AD1FB689B68B3F5806F14
:1089000012D07B680093BB6800228021F868FFF7D3
:1089100049FF0346002B2DD0FB685B6D43F020021E
:10892000FB685A65032326E07B680093BB6800223E
:108930000121F868FFF736FF0346002B1AD0FB68C9
:108940005B6D43F02002FB685A65032313E07B68EC
:108950000093BB6800220121F868FFF723FF03465C
:10896000002B07D0FB685B6D43F02002FB685A6563
:10897000032300E0002318461037BD4680BD0000E9
:1089800080B588B002AFF860B9607A601B4B1B6895
:108990001B4AA2FB03235B0D4FF47A7202FB03F325
:1089A0007B61FB685B68B3F5827F12D17B680093C3
:1089B000BB6800228021F868FFF7F4FE0346002B15
:1089C00016D0FB685B6D43F02002FB685A650323F9
:1089D0000FE07B69002B0AD07B69013B7B61FB6860
:1089E0001B689B6803F08003802BF2D000E000BF7F
:1089F000002318461837BD4680BD00BF88050020FB
:108A0000819F5E1680B582B000AF78607B68002BD6
:108A100001D101234CE07B6893F83D30DBB2002BA1
:108A200011D17B68002283F83C20786801F05CF863
:108A30007B689B6C002B02D17B681F4A9A647B6821
:108A40009B6C786898477B68022283F83D207B689E
:108A50001A687B6804331946104600F035FD7B68C0
:108A6000012283F846207B68012283F83E207B6840
:108A7000012283F83F207B68012283F840207B6835
:108A8000012283F841207B68012283F842207B6821
:108A9000012283F843207B68012283F844207B680D
:108AA000012283F845207B68012283F83D200023C2
:108AB00018460837BD4680BD81B7030880B485B02D
:108AC00000AF78607B6893F83D30DBB2012B01D0BA
:108AD00001234EE07B68022283F83D207B681B68FF
:108AE000DA687B681B6842F00102DA607B681B6809
:108AF000234A934222D07B681B68B3F1804F1DD07C
:108B00007B681B681F4A934218D07B681B681E4A0B
:108B1000934213D07B681B681C4A93420ED07B683B
:108B20001B681B4A934209D07B681B68194A934211
:108B300004D07B681B68184A934211D17B681B687C
:108B40009B6803F00703FB60FB68062B10D07B6873
:108B50001B681A687B681B6842F001021A6007E014
:108B60007B681B681A687B681B6842F001021A6008
:108B7000002318461437BD465DF8047B704700BFDC
:108B8000000001400004004000080040000C0040CC
:108B900000040140004001400018004080B582B050
:108BA00000AF78607B68002B01D101234CE07B682B
:108BB00093F83D30DBB2002B11D17B68002283F8A3
:108BC0003C20786800F090FF7B681B6E002B02D180
:108BD0007B681F4A1A667B681B6E786898477B68BB
:108BE000022283F83D207B681A687B6804331946AB
:108BF000104600F069FC7B68012283F846207B6800
:108C0000012283F83E207B68012283F83F207B68A5
:108C1000012283F840207B68012283F841207B6891
:108C2000012283F842207B68012283F843207B687D
:108C3000012283F844207B68012283F845207B6869
:108C4000012283F83D20002318460837BD4680BD29
:108C500085B8030880B584B000AF786039603B68A0
:108C6000002B09D17B6893F83E30DBB2012B14BF97
:108C700001230023DBB222E03B68042B09D17B688F
:108C800093F83F30DBB2012B14BF01230023DBB28A
:108C900015E03B68082B09D17B6893F84030DBB2C4
:108CA000012B14BF01230023DBB208E07B6893F89B
:108CB0004130DBB2012B14BF01230023DBB2002BB8
:108CC00001D001237CE03B68002B04D17B680222A9
:108CD00083F83E2013E03B68042B04D17B6802221A
:108CE00083F83F200BE03B68082B04D17B6802220D
:108CF00083F8402003E07B68022283F841207B68F0
:108D00001B6801223968184600F0C8FE7B681B68A2
:108D10002D4A934204D07B681B682C4A934201D1B0
:108D2000012300E00023002B07D07B681B685A6CEE
:108D30007B681B6842F400425A647B681B68224AC5
:108D4000934222D07B681B68B3F1804F1DD07B68B3
:108D50001B681F4A934218D07B681B681D4A9342C8
:108D600013D07B681B681C4A93420ED07B681B683B
:108D7000164A934209D07B681B68184A934204D074
:108D80007B681B68164A934211D17B681B689B68FD
:108D900003F00703FB60FB68062B10D07B681B68A1
:108DA0001A687B681B6842F001021A6007E07B6862
:108DB0001B681A687B681B6842F001021A60002376
:108DC00018461037BD4680BD000001400004014038
:108DD0000004004000080040000C0040004001403A
:108DE0000018004080B582B000AF786039607B68C1
:108DF0001B6800223968184600F050FE7B681B682B
:108E00002E4A934204D07B681B682D4A934201D1BD
:108E1000012300E00023002B17D07B681B681A6A2F
:108E200041F211131340002B0FD17B681B681A6AA3
:108E300040F244431340002B07D17B681B685A6CF7
:108E40007B681B6822F400425A647B681B681A6ABC
:108E500041F211131340002B0FD17B681B681A6A73
:108E600040F244431340002B07D17B681B681A680B
:108E70007B681B6822F001021A603B68002B04D15A
:108E80007B68012283F83E2013E03B68042B04D169
:108E90007B68012283F83F200BE03B68082B04D15C
:108EA0007B68012283F8402003E07B68012283F87D
:108EB0004120002318460837BD4680BD0000014010
:108EC0000004014080B582B000AF78607B681B6809
:108ED0001B6903F00203022B28D17B681B68DB6847
:108EE00003F00203022B21D17B681B686FF00202A2
:108EF0001A617B6801221A777B681B689B6903F003
:108F00000303002B05D07B68D3F89030786898472E
:108F100009E07B68D3F89830786898477B68D3F885
:108F20009C30786898477B6800221A777B681B68BA
:108F30001B6903F00403042B28D17B681B68DB68E2
:108F400003F00403042B21D17B681B686FF004023B
:108F50001A617B6802221A777B681B689B6903F49D
:108F60004073002B05D07B68D3F890307868984721
:108F700009E07B68D3F89830786898477B68D3F825
:108F80009C30786898477B6800221A777B681B685A
:108F90001B6903F00803082B28D17B681B68DB687A
:108FA00003F00803082B21D17B681B686FF00802CF
:108FB0001A617B6804221A777B681B68DB6903F0FF
:108FC0000303002B05D07B68D3F89030786898476E
:108FD00009E07B68D3F89830786898477B68D3F8C5
:108FE0009C30786898477B6800221A777B681B68FA
:108FF0001B6903F01003102B28D17B681B68DB680A
:1090000003F01003102B21D17B681B686FF0100256
:109010001A617B6808221A777B681B68DB6903F496
:109020004073002B05D07B68D3F890307868984760
:1090300009E07B68D3F89830786898477B68D3F864
:109040009C30786898477B6800221A777B681B6899
:109050001B6903F00103012B10D17B681B68DB68DF
:1090600003F00103012B09D17B681B686FF001023B
:109070001A617B68D3F88030786898477B681B68F2
:109080001B6903F08003802B10D17B681B68DB68B1
:1090900003F08003802B09D17B681B686FF080028E
:1090A0001A617B68D3F8B030786898477B681B6892
:1090B0001B6903F04003402B10D17B681B68DB6801
:1090C00003F04003402B09D17B681B686FF040021E
:1090D0001A617B68D3F88830786898477B681B688A
:1090E0001B6903F02003202B10D17B681B68DB6811
:1090F00003F02003202B09D17B681B686FF020024E
:109100001A617B68D3F8A8307868984700BF0837A1
:10911000BD4680BD80B586B000AFF860B9607A60AA
:109120000023FB75FB6893F83C30012B01D102232F
:10913000AEE0FB68012283F83C207B680C2B00F238
:109140009F8001A252F823F07D91040881920408C7
:109150008192040881920408BD9104088192040858
:109160008192040881920408FF9104088192040806
:1091700081920408819204083F920408FB681B68EE
:10918000B968184600F040FAFB681B689A69FB68EA
:109190001B6842F008029A61FB681B689A69FB68C9
:1091A0001B6822F004029A61FB681B689969BB681E
:1091B0001A69FB681B680A439A6164E0FB681B68D4
:1091C000B968184600F090FAFB681B689A69FB685A
:1091D0001B6842F400629A61FB681B689A69FB682D
:1091E0001B6822F480629A61FB681B689969BB68FE
:1091F0001B691A02FB681B680A439A6143E0FB681B
:109200001B68B968184600F0E5FAFB681B68DA6964
:10921000FB681B6842F00802DA61FB681B68DA69C8
:10922000FB681B6822F00402DA61FB681B68D969DD
:10923000BB681A69FB681B680A43DA6123E0FB68B4
:109240001B68B968184600F039FBFB681B68DA69CF
:10925000FB681B6842F40062DA61FB681B68DA692C
:10926000FB681B6822F48062DA61FB681B68D969BD
:10927000BB681B691A02FB681B680A43DA6102E0DB
:109280000123FB7500BFFB68002283F83C20FB7DB7
:1092900018461837BD4680BD80B584B000AF7860F1
:1092A00039600023FB737B6893F83C30012B01D1BC
:1092B0000223B4E07B68012283F83C207B68022211
:1092C00083F83D207B681B689B68BB60BB6823F00C
:1092D0007703BB60BB6823F47F43BB607B681B687C
:1092E000BA689A603B681B68B3F5005F3ED0B3F57F
:1092F000005F00F28780B3F5805F00F08680B3F5F1
:10930000805F7FD8702B1AD0702B7BD8602B50D009
:10931000602B77D8502B3CD0502B73D8402B58D093
:10932000402B6FD8302B64D0302B6BD8202B60D0E3
:10933000202B67D8002B5CD0102B5AD062E07B68C2
:1093400018683B6899683B685A683B68DB6800F0BE
:1093500085FB7B681B689B68BB60BB6843F0770339
:10936000BB607B681B68BA689A604FE07B681868CE
:109370003B6899683B685A683B68DB6800F06EFBA5
:109380007B681B689A687B681B6842F480429A601D
:109390003CE07B6818683B6859683B68DB681A46A4
:1093A00000F0E2FA7B681B685021184600F03BFB96
:1093B0002CE07B6818683B6859683B68DB681A4694
:1093C00000F001FB7B681B686021184600F02BFB56
:1093D0001CE07B6818683B6859683B68DB681A4684
:1093E00000F0C2FA7B681B684021184600F01BFBA6
:1093F0000CE07B681A683B681B681946104600F051
:1094000012FB03E00123FB7300E000BF7B68012235
:1094100083F83D207B68002283F83C20FB7B1846C4
:109420001037BD4680BD80B483B000AF786000BF08
:109430000C37BD465DF8047B704780B483B000AF45
:10944000786000BF0C37BD465DF8047B704780B480
:1094500083B000AF786000BF0C37BD465DF8047B79
:10946000704780B483B000AF786000BF0C37BD4652
:109470005DF8047B704780B483B000AF786000BFB4
:109480000C37BD465DF8047B704780B483B000AFF5
:10949000786000BF0C37BD465DF8047B704780B430
:1094A00083B000AF786000BF0C37BD465DF8047B29
:1094B000704780B483B000AF786000BF0C37BD4602
:1094C0005DF8047B7047000080B485B000AF786021
:1094D00039607B681B68FB607B68404A934213D00D
:1094E0007B68B3F1804F0FD07B683D4A93420BD02D
:1094F0007B683C4A934207D07B683B4A934203D047
:109500007B683A4A934208D1FB6823F07003FB6002
:109510003B685B68FA681343FB607B682F4A9342A1
:109520002BD07B68B3F1804F27D07B682C4A9342C5
:1095300023D07B682B4A93421FD07B682A4A9342F0
:109540001BD07B68294A934217D07B68284A9342F4
:1095500013D07B68274A93420FD07B68264A9342F8
:109560000BD07B68254A934207D07B68244A9342FC
:1095700003D07B68234A934208D1FB6823F44073ED
:10958000FB603B68DB68FA681343FB60FB6823F011
:1095900080023B685B691343FB607B68FA681A6072
:1095A0003B689A687B68DA623B681A687B689A62F3
:1095B0007B680A4A934203D07B680C4A934203D1EA
:1095C0003B681A697B681A637B6801225A6100BF95
:1095D0001437BD465DF8047B704700BF00000140B2
:1095E0000004004000080040000C0040000401405E
:1095F0000040014000440140004801400018004084
:10960000001C00400020004080B487B000AF7860AC
:1096100039607B681B6A23F001027B681A627B68F1
:109620001B6A7B617B685B683B617B689B69FB6055
:10963000FB6823F07003FB60FB6823F00303FB600F
:109640003B681B68FA681343FB607B6923F00203E5
:109650007B613B689B687A6913437B617B68204A26
:10966000934203D07B681F4A93420CD17B6923F05D
:1096700008037B613B68DB687A6913437B617B6924
:1096800023F004037B617B68154A934203D07B6817
:10969000144A934211D13B6923F480733B613B69C7
:1096A00023F400733B613B685B693A6913433B6198
:1096B0003B689B693A6913433B617B683A695A602E
:1096C0007B68FA689A613B685A687B685A637B6872
:1096D0007A691A6200BF1C37BD465DF8047B70478B
:1096E000000001400004014080B487B000AF786002
:1096F00039607B681B6A23F010027B681A627B6802
:109700001B6A7B617B685B683B617B689B69FB6074
:10971000FB6823F4E043FB60FB6823F44073FB60C9
:109720003B681B681B02FA681343FB607B6923F0EC
:1097300020037B613B689B681B017A6913437B6153
:109740007B68224A934203D07B68214A93420DD121
:109750007B6923F080037B613B68DB681B017A69CE
:1097600013437B617B6923F040037B617B68174A6D
:10977000934203D07B68164A934213D13B6923F48A
:1097800080633B613B6923F400633B613B685B6939
:109790009B003A6913433B613B689B699B003A69B4
:1097A00013433B617B683A695A607B68FA689A6147
:1097B0003B685A687B689A637B687A691A6200BF63
:1097C0001C37BD465DF8047B704700BF00000140B8
:1097D0000004014080B487B000AF786039607B68D6
:1097E0001B6A23F480727B681A627B681B6A7B6148
:1097F0007B685B683B617B68DB69FB60FB6823F02F
:109800007003FB60FB6823F00303FB603B681B688D
:10981000FA681343FB607B6923F400737B613B6848
:109820009B681B027A6913437B617B68214A9342E0
:1098300003D07B68204A93420DD17B6923F40063F7
:109840007B613B68DB681B027A6913437B617B6940
:1098500023F480637B617B68164A934203D07B6864
:10986000154A934213D13B6923F480533B613B6912
:1098700023F400533B613B685B691B013A69134366
:109880003B613B689B691B013A6913433B617B6801
:109890003A695A607B68FA68DA613B685A687B68A3
:1098A000DA637B687A691A6200BF1C37BD465DF8CF
:1098B000047B7047000001400004014080B487B081
:1098C00000AF786039607B681B6A23F480527B6844
:1098D0001A627B681B6A3B617B685B687B617B68A3
:1098E000DB69FB60FB6823F4E043FB60FB6823F467
:1098F0004073FB603B681B681B02FA681343FB6004
:109900003B6923F400533B613B689B681B033A6946
:1099100013433B617B68124A934203D07B68114A30
:10992000934209D17B6923F480437B613B685B6987
:109930009B017A6913437B617B687A695A607B6813
:10994000FA68DA613B685A687B681A647B683A692E
:109950001A6200BF1C37BD465DF8047B704700BF2C
:10996000000001400004014080B487B000AFF860FF
:10997000B9607A60FB681B6A7B61FB681B6A23F035
:109980000102FB681A62FB689B693B613B6923F03B
:10999000F0033B617B681B013A6913433B617B69C0
:1099A00023F00A037B617A69BB6813437B61FB6820
:1099B0003A699A61FB687A691A6200BF1C37BD4632
:1099C0005DF8047B704780B487B000AFF860B96081
:1099D0007A60FB681B6A23F01002FB681A62FB685E
:1099E0009B697B61FB681B6A3B617B6923F4704365
:1099F0007B617B681B037A6913437B613B6923F0BE
:109A0000A0033B61BB681B013A6913433B61FB68E0
:109A10007A699A61FB683A691A6200BF1C37BD46D1
:109A20005DF8047B704780B485B000AF7860396022
:109A30007B689B68FB60FB6823F07003FB603A68FF
:109A4000FB68134343F00703FB607B68FA689A6086
:109A500000BF1437BD465DF8047B704780B487B003
:109A600000AFF860B9607A603B60FB689B687B611F
:109A70007B6923F47F437B613B681A027B681A434E
:109A8000BB6813437A6913437B61FB687A699A6008
:109A900000BF1C37BD465DF8047B704780B487B0BB
:109AA00000AFF860B9607A60BB6803F01F03012261
:109AB00002FA03F37B61FB681A6A7B69DB431A4095
:109AC000FB681A62FB681A6ABB6803F01F037968B7
:109AD00001FA03F31A43FB681A6200BF1C37BD4644
:109AE0005DF8047B7047000080B483B000AF7860FD
:109AF0007B681C4AC3F880207B681B4AC3F884201B
:109B00007B681A4AC3F888207B68194AC3F88C20FE
:109B10007B68184AC3F890207B68174AC3F89420E2
:109B20007B68164AC3F898207B68154AC3F89C20C6
:109B30007B68144AC3F8A0207B68134AC3F8A420AA
:109B40007B68124AC3F8A8207B68114AC3F8AC208E
:109B50007B68104AC3F8B02000BF0C37BD465DF8E3
:109B6000047B704795AD0308279404088B94040880
:109B70009F9404084F940408639404083B940408D9
:109B80000D11020877940408B3940408359D040865
:109B9000499D04085D9D040880B485B000AF7860DD
:109BA00039607B6893F83C30012B01D102235AE0E5
:109BB0007B68012283F83C207B68022283F83D20E9
:109BC0007B681B685B68FB607B681B689B68BB608D
:109BD000FB6823F07003FB603B681B68FA68134363
:109BE000FB607B681B68FA685A607B681B68214AC7
:109BF000934222D07B681B68B3F1804F1DD07B68F5
:109C00001B681D4A934218D07B681B681B4A93420D
:109C100013D07B681B681A4A93420ED07B681B687E
:109C2000184A934209D07B681B68174A934204D0B4
:109C30007B681B68154A93420CD1BB6823F08003F4
:109C4000BB603B685B68BA681343BB607B681B689A
:109C5000BA689A607B68012283F83D207B68002205
:109C600083F83C20002318461437BD465DF8047B7A
:109C7000704700BF000001400004004000080040A1
:109C8000000C00400004014000400140001800406A
:109C900080B485B000AF786039600023FB607B68DA
:109CA00093F83C30012B01D102233DE07B68012277
:109CB00083F83C20FB6823F0FF023B68DB6813431A
:109CC000FB60FB6823F440723B689B681343FB60B6
:109CD000FB6823F480623B685B681343FB60FB68AE
:109CE00023F400623B681B681343FB60FB6823F4AA
:109CF00080523B681B691343FB60FB6823F40052EE
:109D00003B685B691343FB60FB6823F480423B685C
:109D1000DB691343FB607B681B68FA685A647B68E5
:109D2000002283F83C20002318461437BD465DF816
:109D3000047B704780B483B000AF786000BF0C37FD
:109D4000BD465DF8047B704780B483B000AF786097
:109D500000BF0C37BD465DF8047B704780B483B00C
:109D600000AF786000BF0C37BD465DF8047B7047DC
:109D700084B080B584B000AF786007F11C0080E843
:109D80000E003B6B012B22D17B689B6B23F480324E
:109D90007B689A637B68DB6823F4840323F04003C9
:109DA0007A68D3607B68DB6823F440127B68DA60F2
:109DB000FB6C012B05D17B68DB6843F480127B6868
:109DC000DA60786801F01CFB0346FB731AE07B68DD
:109DD000DB6843F040027B68DA60786801F010FBD2
:109DE0000346FB733B6C002B06D17B689B6B43F4F3
:109DF00080327B689A6305E07B689B6B23F480323A
:109E00007B689A63BB6A012B0BD17B689B6843F02C
:109E100006027B689A607B689B6843F020027B683F
:109E20009A60FB7B18461037BD46BDE8804004B001
:109E30007047000080B487B000AFF860B960134687
:109E4000FB71FB79022B65D1BB68414A934206D96D
:109E5000BB68404A934202D20F237B6162E0BB6839
:109E60003C4A934206D3BB683B4A934202D20E233C
:109E70007B6157E0BB68384A934206D3BB68374AD8
:109E8000934202D20D237B614CE0BB68334A93427C
:109E900006D3BB68324A934202D80C237B6141E06F
:109EA000BB682F4A934206D9BB682E4A934202D818
:109EB0000B237B6136E0BB682A4A934206D9BB6814
:109EC000294A934202D80A237B612BE0BB68264AC9
:109ED000934206D9BB68254A934202D209237B618B
:109EE00020E0BB68214A934206D3BB68204A9342D4
:109EF00002D808237B6115E0BB681D4A934206D94E
:109F0000BB681C4A934202D207237B610AE0062306
:109F10007B6107E0FB79002B02D109237B6101E023
:109F200009237B61FB68DB6823F47052FB68DA600D
:109F3000FB68DA687B699B0203F470531A43FB6881
:109F4000DA60002318461C37BD465DF8047B704775
:109F5000BFACD800C0E1E4000024F4008073060127
:109F60009F491A01FF2C31013FA44C0100366E01BC
:109F70001FABA6010048E80180B483B000AF786051
:109F80007B689B6843F001027B689A600023184657
:109F90000C37BD465DF8047B704780B483B000AFDA
:109FA00078607B689B6823F001027B689A600023DD
:109FB00018460C37BD465DF8047B704780B584B009
:109FC00000AF78600B46FB700023FB607B68DB68AA
:109FD00023F0C0427B68DA60FB78012B15D17B68E7
:109FE000DB6843F000527B68DA600120F6F784FBFF
:109FF000FB680133FB60786801F072F90346012BBE
:10A000001ED0FB68312BF0D91AE0FB78002B15D15C
:10A010007B68DB6843F080427B68DA600120F6F7FA
:10A020006BFBFB680133FB60786801F059F903466C
:10A03000002B05D0FB68312BF0D901E0012305E0AE
:10A04000FB68322B01D1012300E0002318461037B2
:10A05000BD4680BD84B080B586B000AF786007F1A2
:10A06000240080E80E000023FB757B68FB60002362
:10A070003B6109E07A683B6940339B00134400224E
:10A080005A603B6901333B613B690E2BF2D9FB6C93
:10A09000002B1CD1FB6803F500635B68FA6802F5CE
:10A0A000006243F0020353607B689B6B43F4001231
:10A0B0007B689A637B689B6B23F400227B689A63BE
:10A0C0007B689B6B23F480227B689A630BE07B6840
:10A0D0009B6B23F400127B689A637B689B6B43F451
:10A0E00000227B689A63FB6803F560631A460023CD
:10A0F0001360FB6803F500631946FB6803F5006312
:10A100001A460B681360BB6B012B0CD1FB6A002B4A
:10A1100004D10021786800F045F908E00121786851
:10A1200000F040F903E00321786800F03BF91021CA
:10A13000786800F0F3F80346002B01D00123FB758B
:10A14000786800F00FF90346002B01D00123FB755E
:10A15000FB6803F500631A4600231361FB6803F5EF
:10A1600000631A4600235361FB6803F500631A4637
:10A170000023D36100233B6143E03B695A01FB6844
:10A18000134403F510631B6803F00043B3F1004F61
:10A1900018D13B69002B0AD13B695A01FB68134473
:10A1A00003F510631A464FF00063136013E03B6938
:10A1B0005A01FB68134403F510631A464FF09043AD
:10A1C000136008E03B695A01FB68134403F5106310
:10A1D0001A46002313603B695A01FB68134403F5D8
:10A1E00010631A46002313613B695A01FB6813444C
:10A1F00003F510631A464FF67F3393603B690133D2
:10A200003B617B6A3A699A42B7D300233B6143E0E2
:10A210003B695A01FB68134403F530631B6803F084
:10A220000043B3F1004F18D13B69002B0AD13B69C1
:10A230005A01FB68134403F530631A464FF000637C
:10A24000136013E03B695A01FB68134403F5306364
:10A250001A464FF09043136008E03B695A01FB68CF
:10A26000134403F530631A46002313603B695A0117
:10A27000FB68134403F530631A46002313613B69FE
:10A280005A01FB68134403F530631A464FF67F33D7
:10A2900093603B6901333B617B6A3A699A42B7D369
:10A2A000FB6803F500631B69FA6802F5006223F49A
:10A2B000807313617B6800229A617B686FF0804233
:10A2C0005A613B6B002B05D17B689B6943F0100200
:10A2D0007B689A617B689A690F4B13437A68936134
:10A2E000FB6B002B05D07B689B6943F008027B6801
:10A2F0009A61FB6C012B07D17B689B6943F080431B
:10A3000043F004037A689361FB7D18461837BD4615
:10A31000BDE8804004B0704700383C8080B485B010
:10A3200000AF786039600023FB603B689B0143F01D
:10A3300020027B681A61FB680133FB60084A934284
:10A3400001D9032306E07B681B6903F02003202B5F
:10A35000F1D0002318461437BD465DF8047B7047E2
:10A36000400D030080B485B000AF78600023FB602F
:10A370007B6810221A61FB680133FB60084A934234
:10A3800001D9032306E07B681B6903F01003102B3F
:10A39000F1D0002318461437BD465DF8047B7047A2
:10A3A000400D030080B485B000AF78600B46FB70B1
:10A3B0007B68FB60FB6803F500631A68FB78F9684B
:10A3C00001F5006113430B60002318461437BD46A6
:10A3D0005DF8047B704780B487B000AF78607B681D
:10A3E0003B613B6903F500639B6803F00603FB6078
:10A3F000FB68002B02D10023FB750AE0FB68022BEF
:10A4000002D0FB68062B02D10223FB7501E00F236B
:10A41000FB75FB7D18461C37BD465DF8047B704715
:10A4200080B485B000AF786039607B68FB603B68C2
:10A430001B78BB603B685B78012B3AD1FB6803F566
:10A440000063DA693B681B7803F00F03012101FA0E
:10A4500003F39BB2F96801F500611343CB61BB685C
:10A460005A01FB68134403F510631B6803F40043AF
:10A47000002B55D1BB685A01FB68134403F51063E8
:10A480001A683B689B68C3F30A013B68DB789B044E
:10A490001943BB689B050B431343BA685101FA6823
:10A4A0000A4402F5106243F0805343F40043136002
:10A4B00036E0FB6803F50063DA693B681B7803F05C
:10A4C0000F03012101FA03F31B04F96801F5006190
:10A4D0001343CB61BB685A01FB68134403F5306337
:10A4E0001B6803F40043002B1AD1BB685A01FB68B8
:10A4F000134403F530631A683B689B68C3F30A0191
:10A500003B68DB789B040B431343BA685101FA683C
:10A510000A4402F5306243F0805343F40043136071
:10A52000002318461437BD465DF8047B70470000D1
:10A5300080B485B000AF786039607B68FB603B68B1
:10A540001B78BB603B685B78012B61D1BB685A010B
:10A55000FB68134403F510631B6803F00043B3F179
:10A56000004F1FD1BB685A01FB68134403F5106309
:10A570001B68BA685101FA680A4402F5106243F098
:10A5800000631360BB685A01FB68134403F5106352
:10A590001B68BA685101FA680A4402F5106243F078
:10A5A00080431360FB6803F50063DA6B3B681B783C
:10A5B00003F00F03012101FA03F39BB2DB43F968B7
:10A5C00001F500611340CB63FB6803F50063DA69B2
:10A5D0003B681B7803F00F03012101FA03F39BB2E0
:10A5E000DB43F96801F500611340CB61BB685A0198
:10A5F000FB68134403F510631A68BB685901FB68D4
:10A600000B4403F510631946354B13400B6060E0B3
:10A61000BB685A01FB68134403F530631B6803F001
:10A620000043B3F1004F1FD1BB685A01FB681344CC
:10A6300003F530631B68BA685101FA680A4402F5F1
:10A64000306243F000631360BB685A01FB68134437
:10A6500003F530631B68BA685101FA680A4402F5D1
:10A66000306243F080431360FB6803F50063DA6BEC
:10A670003B681B7803F00F03012101FA03F31B046D
:10A68000DB43F96801F500611340CB63FB6803F518
:10A690000063DA693B681B7803F00F03012101FABC
:10A6A00003F31B04DB43F96801F500611340CB6140
:10A6B000BB685A01FB68134403F530631A68BB6832
:10A6C0005901FB680B4403F530631946054B1340F1
:10A6D0000B60002318461437BD465DF8047B7047B5
:10A6E000007833EC0078F3EF80B58AB002AFF86001
:10A6F000B9601346FB71FB68FB61BB681B78BB61EB
:10A70000BB685B78012B40F05C81BB685B69002B08
:10A7100032D1BB695A01FB69134403F510631B690D
:10A72000BA695101FA690A4402F5106223F0FF5335
:10A7300023F4C0131361BB695A01FB69134403F589
:10A7400010631B69BA695101FA690A4402F5106283
:10A7500043F400231361BB695A01FB69134403F5F9
:10A7600010631B69BA695101FA690A4402F5106263
:10A77000DB0CDB04136174E0BB695A01FB69134411
:10A7800003F510631B69BA695101FA690A4402F5BD
:10A790001062DB0CDB041361BB695A01FB691344D3
:10A7A00003F510631B69BA695101FA690A4402F59D
:10A7B000106223F0FF5323F4C0131361BB695A01E5
:10A7C000FB69134403F510631A69BB685969BB68D8
:10A7D0009B680B44591EBB689B68B1FBF3F3D9041B
:10A7E0009D4B0B40B9694801F969014401F51061BD
:10A7F00013430B61BB695A01FB69134403F51063F2
:10A800001A69BB685B69C3F31203B9694801F96946
:10A81000014401F5106113430B61BB68DB78012B28
:10A820001FD1BB695A01FB69134403F510631B690F
:10A83000BA695101FA690A4402F5106223F0C04373
:10A840001361BB695A01FB69134403F510631B696B
:10A85000BA695101FA690A4402F5106243F00053E3
:10A860001361FB79012B4BD1BB681B69002B09D00D
:10A87000BB695A01FB69134403F510631A46BB68B0
:10A880001B695361BB68DB78012B28D1FB6903F599
:10A8900000639B6803F48073002B10D1BB695A01DD
:10A8A000FB69134403F510631B68BA695101FA6927
:10A8B0000A4402F5106243F0005313600FE0BB69D5
:10A8C0005A01FB69134403F510631B68BA6951010F
:10A8D000FA690A4402F5106243F080531360BB69C1
:10A8E0005A01FB69134403F510631B68BA695101EF
:10A8F000FA690A4402F5106243F0044313602FE141
:10A90000BB695A01FB69134403F510631B68BA69FC
:10A910005101FA690A4402F5106243F004431360DE
:10A92000BB68DB78012B15D0BB685B69002B00F09E
:10A930001781FB6903F500635A6BBB681B7803F052
:10A940000F03012101FA03F3F96901F500611343D3
:10A950004B6305E1FB6903F500639B6803F48073B7
:10A96000002B10D1BB695A01FB69134403F5106336
:10A970001B68BA695101FA690A4402F5106243F092
:10A98000005313600FE0BB695A01FB69134403F5E0
:10A9900010631B68BA695101FA690A4402F5106232
:10A9A00043F080531360BB68D968BB681A78BB68F2
:10A9B0005B6998B2FB7900930346F86800F02BFAC4
:10A9C000CEE0BB695A01FB69134403F530631B6990
:10A9D000BA695101FA690A4402F53062DB0CDB0402
:10A9E0001361BB695A01FB69134403F530631B69AA
:10A9F000BA695101FA690A4402F5306223F0FF5343
:10AA000023F4C0131361BB685B69002B26D1BB69BB
:10AA10005A01FB69134403F530631A69BB689B68EC
:10AA2000C3F31203B9694801F969014401F53061C2
:10AA300013430B61BB695A01FB69134403F530638F
:10AA40001B69BA695101FA690A4402F5306243F49C
:10AA50000023136136E000BF0000F81FBB685A698D
:10AA6000BB689B6813445A1EBB689B68B2FBF3F338
:10AA7000FB82BB695A01FB69134403F530631A6911
:10AA8000FB8AD904394B0B40B9694801F969014483
:10AA900001F5306113430B61BB695A01FB69134433
:10AAA00003F530631A69BB689B68F98A01FB03F3FD
:10AAB000C3F31203B9694801F969014401F5306132
:10AAC00013430B61FB79012B0DD1BB68DB68002BB5
:10AAD00009D0BB68D968BB695A01FB69134403F507
:10AAE00030630A465A61BB68DB78012B28D1FB69C9
:10AAF00003F500639B6803F48073002B10D1BB69DE
:10AB00005A01FB69134403F530631B68BA695101AC
:10AB1000FA690A4402F5306243F0005313600FE013
:10AB2000BB695A01FB69134403F530631B68BA69BA
:10AB30005101FA690A4402F5306243F08053136010
:10AB4000BB695A01FB69134403F530631B68BA699A
:10AB50005101FA690A4402F5306243F0044313607C
:10AB6000002318462037BD4680BD00BF0000F81FF7
:10AB700080B487B000AFF860B9601346FB71FB6822
:10AB80007B61BB681B783B61BB685B78012B40F045
:10AB9000CD80BB685B69002B32D13B695A017B6970
:10ABA000134403F510631B693A6951017A690A4439
:10ABB00002F5106223F0FF5323F4C01313613B69C5
:10ABC0005A017B69134403F510631B693A6951010B
:10ABD0007A690A4402F5106243F4002313613B6969
:10ABE0005A017B69134403F510631B693A695101EB
:10ABF0007A690A4402F51062DB0CDB0413614EE053
:10AC00003B695A017B69134403F510631B693A6978
:10AC100051017A690A4402F51062DB0CDB0413610E
:10AC20003B695A017B69134403F510631B693A6958
:10AC300051017A690A4402F5106223F0FF5323F4AC
:10AC4000C0131361BB685A69BB689B689A4203D9F9
:10AC5000BB689A68BB685A613B695A017B691344B7
:10AC600003F510631B693A6951017A690A4402F5D8
:10AC7000106243F4002313613B695A017B6913445A
:10AC800003F510631A69BB685B69C3F31203396982
:10AC900048017969014401F5106113430B61FB79A7
:10ACA000012B1ED1BB681B69002B09D03B695A01DF
:10ACB0007B69134403F510631A46BB681B69536133
:10ACC0003B695A017B69134403F510631B683A69B9
:10ACD00051017A690A4402F5106243F0044313609B
:10ACE00092E03B695A017B69134403F510631B68CA
:10ACF0003A6951017A690A4402F5106243F004434B
:10AD00001360BB685B69002B7ED07B6903F5006331
:10AD10005A6BBB681B7803F00F03012101FA03F3A0
:10AD2000796901F5006113434B636DE03B695A019A
:10AD30007B69134403F530631B693A6951017A69F1
:10AD40000A4402F53062DB0CDB0413613B695A01F3
:10AD50007B69134403F530631B693A6951017A69D1
:10AD60000A4402F5306223F0FF5323F4C013136149
:10AD7000BB685B69002B03D0BB689A68BB685A61EB
:10AD80003B695A017B69134403F530631B693A69D7
:10AD900051017A690A4402F5306243F400231361D9
:10ADA0003B695A017B69134403F530631A69BB6838
:10ADB0009B68C3F31203396948017969014401F5BD
:10ADC000306113430B61FB79012B0DD1BB68DB684C
:10ADD000002B09D0BB68D9683B695A017B691344D1
:10ADE00003F530630A465A613B695A017B69134493
:10ADF00003F530631B683A6951017A690A4402F528
:10AE0000306243F004431360002318461C37BD46EC
:10AE10005DF8047B704780B489B000AFF860B9601A
:10AE200011461A460B46FB711346BB80FB687B61DB
:10AE3000BB68FB6197F82830002B23D1BB88033314
:10AE40009B083B610023BB6118E0FB791A037B6917
:10AE5000134403F580531A46FB691B681360FB69B2
:10AE60000133FB61FB690133FB61FB690133FB616A
:10AE7000FB690133FB61BB690133BB61BA693B69A3
:10AE80009A42E2D3002318462437BD465DF8047B7E
:10AE9000704780B48BB000AFF860B9601346FB8098
:10AEA000FB68BB61BB687B62FB889B089BB27B61D4
:10AEB000FB8803F00303FB8300233B6214E0BB69C0
:10AEC00003F580531A687B6A1A607B6A01337B62E0
:10AED0007B6A01337B627B6A01337B627B6A01336D
:10AEE0007B623B6A01333B623A6A7B699A42E6D3F2
:10AEF000FB8B002B1ED000233B62BB6903F5805304
:10AF00001A4607F1100312681A603A693B6ADBB20D
:10AF1000DB0022FA03F3DAB27B6A1A703B6A013370
:10AF20003B627B6A01337B62FB8B013BFB83FB8BC8
:10AF3000002BEAD17B6A18462C37BD465DF8047BAE
:10AF4000704780B485B000AF786039607B68FB6083
:10AF50003B681B78BB603B685B78012B2CD1BB68DE
:10AF60005A01FB68134403F510631B68002B12DBC6
:10AF7000BB68002B0FD0BB685A01FB68134403F574
:10AF800010631B68BA685101FA680A4402F510623E
:10AF900023F080431360BB685A01FB68134403F538
:10AFA00010631B68BA685101FA680A4402F510621E
:10AFB00043F4001313602BE0BB685A01FB68134491
:10AFC00003F530631B68002B12DBBB68002B0FD02E
:10AFD000BB685A01FB68134403F530631B68BA6809
:10AFE0005101FA680A4402F5306223F0804313608D
:10AFF000BB685A01FB68134403F530631B68BA68E9
:10B000005101FA680A4402F5306243F400131360F8
:10B01000002318461437BD465DF8047B704780B4A2
:10B0200085B000AF786039607B68FB603B681B7857
:10B03000BB603B685B78012B28D1BB685A01FB6879
:10B04000134403F510631B68BA685101FA680A4497
:10B0500002F5106223F4001313603B68DB78032BC6
:10B0600003D03B68DB78022B38D1BB685A01FB6800
:10B07000134403F510631B68BA685101FA680A4467
:10B0800002F5106243F08053136027E0BB685A0159
:10B09000FB68134403F530631B68BA685101FA6812
:10B0A0000A4402F5306223F4001313603B68DB7836
:10B0B000032B03D03B68DB78022B0FD1BB685A010E
:10B0C000FB68134403F530631B68BA685101FA68E2
:10B0D0000A4402F5306243F080531360002318469F
:10B0E0001437BD465DF8047B704780B485B000AF6F
:10B0F00078600B46FB707B68FB60FB6803F50063C0
:10B100001B68FA6802F5006223F4FE631360FB68B3
:10B1100003F500631A68FB781B0103F4FE63F9680A
:10B1200001F5006113430B60002318461437BD4638
:10B130005DF8047B704780B485B000AF78607B68B1
:10B14000FB60FB6803F560631B68FA6802F56062E8
:10B1500023F003031360FB6803F500635B68FA6880
:10B1600002F5006223F002035360002318461437EF
:10B17000BD465DF8047B704780B485B000AF786051
:10B180007B68FB60FB6803F560631B68FA6802F587
:10B19000606223F003031360FB6803F500635B68E0
:10B1A000FA6802F5006243F0020353600023184678
:10B1B0001437BD465DF8047B704780B485B000AF9E
:10B1C00078607B685B69FB607B689B69FA68134009
:10B1D000FB60FB6818461437BD465DF8047B70477A
:10B1E00080B485B000AF78607B68FB60FB6803F5D6
:10B1F00000639B69BB60FB6803F50063DB69BA68A9
:10B200001340BB60BB681B0C18461437BD465DF885
:10B21000047B704780B485B000AF78607B68FB60CA
:10B22000FB6803F500639B69BB60FB6803F5006383
:10B23000DB69BA681340BB60BB689BB21846143721
:10B24000BD465DF8047B704780B485B000AF786080
:10B250000B46FB707B68FB60FB785A01FB6813446C
:10B2600003F530639B68BB60FB6803F500635B69B3
:10B27000BA681340BB60BB6818461437BD465DF81A
:10B28000047B704780B487B000AF78600B46FB70DA
:10B290007B687B617B6903F500631B693B617B69AC
:10B2A00003F500635B6BFB60FB7803F00F03FA6848
:10B2B00022FA03F3DB01DBB23A6913433B61FB780B
:10B2C0005A017B69134403F510639B683A69134084
:10B2D000BB60BB6818461C37BD465DF8047B7047F1
:10B2E00080B483B000AF78607B685B6903F00103D2
:10B2F00018460C37BD465DF8047B704780B485B0B6
:10B3000000AF78607B68FB60FB6803F510631B6827
:10B31000FA6802F5106223F4FF6323F00703136059
:10B32000FB6803F500635B68FA6802F5006243F4AA
:10B3300080735360002318461437BD465DF8047BC4
:10B340007047000080B487B000AFF8600B467A60A9
:10B35000FB72FB687B61FB683C3304331B683B6119
:10B360003B69264A93420AD97B6903F530631B681F
:10B3700003F00043B3F1004F01D1002337E07B69B4
:10B3800003F530631A46002313617B6903F53063CC
:10B390001B697A6902F5306243F4002313617B690B
:10B3A00003F530631B697A6902F5306243F01803D4
:10B3B00013617B6903F530631B697A6902F53062BA
:10B3C00043F0C0431361FB7A012B0FD17B6903F576
:10B3D00030631A467B6853617B6903F530631B68F1
:10B3E0007A6902F5306243F0802313600023184627
:10B3F0001C37BD465DF8047B704700BF0A30544FD0
:10B4000080B485B000AF78600023FB60FB68013337
:10B41000FB60134A934201D903231AE07B681B693E
:10B42000002BF3DA0023FB607B681B6943F0010209
:10B430007B681A61FB680133FB60094A934201D9BA
:10B44000032306E07B681B6903F00103012BF1D0A5
:10B45000002318461437BD465DF8047B704700BFD3
:10B46000400D0300DFF834D00D480E490E4A00238A
:10B4700002E0D458C4500433C4188C42F9D30B4AA8
:10B480000B4C002301E013600432A242FBD3F0F71F
:10B49000DDFC00F091F9EFF7C5F9704700000220DC
:10B4A000000400205C07002010E304085C07002073
:10B4B000CCB40020FEE7000053EC102BC3F30A5C71
:10B4C000ACF2FF31132910B510EE100A9E4622DCB3
:10B4D000002909DB1F4C44FA01FC03EA0C04204359
:10B4E00010D143EC102B10BD03F0004E013104BF0E
:10B4F0004EF07F5E4EF4401E00207346024643EC41
:10B50000102B10BD4FF4002343FA01F18E442EEAB4
:10B510000C0E0020F1E7332908DDB1F5806FE0D192
:10B520001946D4F75BFE41EC100B10BDACF2134C86
:10B530004FF0FF3424FA0CFC12EA0C0FD1D0012397
:10B54000C1F1330103FA01F1401828BF9E4420EAFB
:10B550000C00D2E7FFFF0F0010EE103AC3F3C75202
:10B560007F3A162A10EE101A15DC002A0CDB0C4864
:10B570001041034205D04FF4800313410B4423EAEA
:10B58000000300EE103A7047013203F00043F8D197
:10B5900043F07E53F5E7802AF3D130EE000A70477E
:10B5A000FFFF7F0038B52DED028B55EC104B00F0FE
:10B5B0002DF822462B4620462946B0EE408AF0EE72
:10B5C000608AD5F75BFA30B900220023204629466D
:10B5D000D5F72CFA30B9B0EE480AF0EE680ABDECA7
:10B5E000028B38BD00F0E2F8002200232121016027
:10B5F00010461946D5F7D2F841EC180BB0EE480AC0
:10B60000F0EE680ABDEC028B38BD00BF2DE9F041B9
:10B61000634A55EC104BAA4300F09F80002D10EEBA
:10B6200010CA2B4654DD291563D0C3F31303A1F2CE
:10B63000FF37C90743F4801304D45B0003EBDC73CA
:10B640004FEA4C0C4FEADC72002602EB43037F10FA
:10B650004FEA4C0C4FF0160E34464FF40012A1186E
:10B66000994202DC5B1A8C1816445B00BEF1010E95
:10B6700003EBDC734FEA52024FEA4C0CEFD17546F4
:10B6800020204FF000420AE044D04FEADC7101383C
:10B6900001EB43034FEA4C0C4FEA520243D0A34262
:10B6A00002EB0E01F0DD002901EB020E0ADBA046E1
:10B6B0001B1B614588BF03F1FF33ACEB010C154444
:10B6C0004446E2E7BEF1000FF1DB04F10108EFE7C9
:10B6D00025F00042224338D0002D4ED129464FEAB2
:10B6E000DC22153913464FEA4C5C002AF7D0D6020B
:10B6F00050D400205B00DD02044600F10100F9D5C2
:10B700001A4663460CFA00FCC0F12000C340091B36
:10B7100013438AE76145B8D8002901EB020ED1DB5B
:10B7200098460023C9E753EA0C0310D1680871104A
:10B73000F30701F17F5101F5001148BF40F00040CF
:10B7400001EB0753024643EC102BBDE8F0816A1C65
:10B7500016BF681C01364008E9E710EE102A10EE0B
:10B76000100A2B462946D4F7EFFE22462B46D4F783
:10B7700035FD41EC100BBDE8F08110EE102A20469B
:10B780002946D4F729FD02460B46D5F707F841ECC8
:10B79000100BDAE7634620204FF0FF34B6E700BF16
:10B7A0000000F07F0A22002100F056B9014B186812
:10B7B000704700BFF806002070B50D4D0D4C641B9E
:10B7C000A4100026A64209D10B4D0C4C00F00AFE35
:10B7D000641BA4100026A64205D170BD55F8043B99
:10B7E00098470136EEE755F8043B98470136F2E7F3
:10B7F00008E3040808E3040808E304080CE3040869
:10B8000010B501390244904201D1002005E00378CF
:10B8100011F8014FA34201D0181B10BD0130F2E70F
:10B820000A44914200F1FF3300D1704710B511F87E
:10B83000014B03F8014F9142F9D110BD0244034678
:10B84000934200D1704703F8011BF9E70CB430B5FF
:10B85000174B0C1E1D689DB008DA8B232B604FF030
:10B86000FF301DB0BDE8304002B070474FF40273A6
:10B87000ADF8143014BF04F1FF332346049307934B
:10B880004FF6FF7302900690ADF81630209A21AB68
:10B8900002A92846019300F0C1F9431CBCBF8B23C9
:10B8A0002B60002CDDD0029B00221A70D9E700BF6C
:10B8B000F80600200EB400B59CB01DAB02900690B7
:10B8C0006FF00041094807910491094953F8042B8E
:10B8D00005910068019302A900F0A0F9029B0022E3
:10B8E0001A701CB05DF804EB03B07047F806002036
:10B8F0000802FFFF034611F8012B03F8012B002A71
:10B90000F9D1704710B57AB103460139841813F89C
:10B91000010B11F8012F904201D1A34201D1801AED
:10B9200010BD0028F3D1FAE71046F9E710B5013948
:10B93000034632B111F8014F03F8014B013A002CD4
:10B94000F7D11A440021934200D110BD03F8011B26
:10B95000F9E70000012B2DE9F04701D0242B06D98F
:10B96000FFF724FF162303600020BDE8F087DFF80F
:10B97000E4C00D462E4615F8014B14F80C7017F074
:10B980000807F7D12D2C32D12C780127B51C002BBC
:10B990005BD0102B09D1302C07D12C7804F0DF04B8
:10B9A000582C4DD16C781023023507F1004808F16E
:10B9B000FF384FF0000CB8FBF3F9664603FB198A19
:10B9C000A4F1300EBEF1090F16D87446A34224DD4F
:10B9D000BCF1000F1EDBB1451CD301D1A24519DB20
:10B9E00006FB03464FF0010C15F8014BE8E72B2C42
:10B9F00004BF2C78B51CCAE7A4F1410EBEF1190FA3
:10BA000001D8373CE2E7A4F1610EBEF1190F04D86A
:10BA1000573CDBE74FF0FF3CE6E7BCF1000F05DAEF
:10BA200022230360464642B930469EE707B176427C
:10BA3000002AF9D0BCF1000F00D0691E1160F3E7B5
:10BA40003024002BB1D10823AFE7302CA5D00A2336
:10BA5000ABE700BFCDDD040813460A4601460248A5
:10BA60000068FFF777BF00BFF80600202DE9F0431C
:10BA7000364F86460D46284615F8014BE65D16F012
:10BA80000806F8D12D2C2FD12C780126851C002BEF
:10BA900057D0102B09D1302C07D1287800F0DF00C7
:10BAA000582849D16C78102302354FF0FF38002711
:10BAB000B8FBF3F803FB08F96FEA09093846A4F16B
:10BAC000300CBCF1090F14D86446A34222DD002FCC
:10BAD0001DDB80451BD301D1A14518DB00FB0340D2
:10BAE000012715F8014BEAE72B2C04BF2C78851CA5
:10BAF000CDE7A4F1410CBCF1190F01D8373CE4E7C4
:10BB0000A4F1610CBCF1190F04D8573CDDE74FF0EC
:10BB1000FF37E6E7002F07DA2223CEF800304FF098
:10BB2000FF3032B9BDE8F08306B14042002AF9D0B7
:10BB300007B1691E1160F5E73024002BB5D1082349
:10BB4000B3E7302CA9D00A23AFE700BFCDDD04084E
:10BB500013460A46014602480068FFF787BF00BF48
:10BB6000F80600202DE9F0478E689E4282460C467A
:10BB700090461F4638D88A8912F4906F32D02568D3
:10BB80000969A5EB0109656905EB450505EBD57567
:10BB900001334B446D109D4238BF1D46530531D5CE
:10BBA000294600F055FB064650B90C23CAF8003070
:10BBB000A38943F04003A3814FF0FF30BDE8F08735
:10BBC00021694A46FFF72CFEA38923F4906343F0D2
:10BBD0008003A381266165614E44A5EB09052660BB
:10BBE000A5603E46BE4200D93E46206832464146E8
:10BBF00000F0A8FAA3689B1BA3602368334423606A
:10BC00000020DBE72A4600F097FB06460028E1D13A
:10BC10002169504600F0B0FAC7E700002DE9F04F67
:10BC200098468B891B069DB007460D4614460ED5D7
:10BC30000B6963B9402100F00BFB2860286120B933
:10BC40000C233B604FF0FF30D1E040236B610023B9
:10BC5000099320238DF82930CDF80C803023DFF8AC
:10BC6000A8818DF82A304FF0010923469A4613F82F
:10BC7000012B0AB1252AF9D1BAEB040B0BD05B4694
:10BC8000224629463846FFF76DFF013000F0AA80B2
:10BC9000099A5A4409929AF80030002B00F0A280C9
:10BCA00000234FF0FF32CDE905230AF1010A049386
:10BCB00007938DF853301A935446052214F8011B4C
:10BCC0005148D5F71DF9049AD8B9D00644BF2023AE
:10BCD0008DF85330110744BF2B238DF853309AF859
:10BCE00000302A2B15D0079A544600204FF00A0C3A
:10BCF000214611F8013B303B092B4ED9B0B10792D8
:10BD000014E0A0EB080309FA03F313430493A246DB
:10BD1000D2E7039B191D1B680391002BBBBF5B423D
:10BD200042F0020207930793B8BF049223782E2BA8
:10BD30000CD163782A2B35D1039B1A1D1B68039203
:10BD4000002BB8BF4FF0FF3302340593DFF8C8A0D3
:10BD5000217803225046D5F7D3F840B14023A0EB19
:10BD60000A0003FA00F0049B03430134049314F81F
:10BD7000011B26488DF828100622D5F7C1F80028A7
:10BD800038D0234B1BBB039B073323F00703083337
:10BD90000393099B3344099367E70CFB02320C467B
:10BDA0000120A5E700230134059319464FF00A0C42
:10BDB000204610F8012B303A092A03D9002BC5D0B0
:10BDC0000591C3E70CFB012104460123F0E703AB17
:10BDD00000932A460F4B04A93846AFF30080421C5B
:10BDE0000646D6D1AB895B063FF52CAF09981DB04E
:10BDF000BDE8F08F03AB00932A46064B04A93846F2
:10BE000000F07AF8EBE700BFCDDE0408D7DE0408C7
:10BE10000000000065BB0408D3DE04082DE9F047EC
:10BE2000164699468A680B69DDF820809342B8BFB0
:10BE30001346336091F8432007460C460AB101339C
:10BE400033602368990642BF336802333360256844
:10BE500015F0060506D104F1190AE36832689B1A49
:10BE6000AB4226DC94F84320131E226818BF01233E
:10BE700092062BD404F1430249463846C0470130AC
:10BE80001ED02368E568326803F00603042B08BF60
:10BE9000AD1AA36822690CBF25EAE5750025934217
:10BEA000C4BF9B1AED1800261A34B5421AD10020DF
:10BEB00008E00123524649463846C047013003D1C5
:10BEC0004FF0FF30BDE8F0870135C6E7E1185A1C96
:10BED000302081F84300224494F8451082F8431042
:10BEE0000233C7E70123224649463846C04701309E
:10BEF000E6D00136D9E700002DE9FF470F7E0C9D03
:10BF0000782F914680460C469A4601F1430207D8A5
:10BF1000622F0AD8002F00F0D880582F00F0A3809D
:10BF200004F1420584F842703AE0A7F16303152B4F
:10BF3000F6D801A151F823F091BF0408A5BF040869
:10BF400021BF040821BF040821BF040821BF040841
:10BF5000A5BF040821BF040821BF040821BF0408AD
:10BF600021BF0408B1C00408D5BF040893C0040869
:10BF700021BF040821BF0408D3C0040821BF04085E
:10BF8000D5BF040821BF040821BF04089BC00408D2
:10BF90002B681A1D1B682A6004F1420584F84230A0
:10BFA0000123A3E020682968060601F104030AD5ED
:10BFB0000E682B60002E03DA2D23764284F843307E
:10BFC0005E480A2319E00E682B6010F0400F18BF7E
:10BFD00036B2EFE72B682068191D2960010601D5EC
:10BFE0001E6802E04606FBD51E8854486F2F0CBF22
:10BFF00008230A23002184F843106568A560002DFA
:10C00000A2BF216821F0040121600EB9002D4DD09E
:10C010001546B6FBF3F103FB1167C75D05F8017D1B
:10C020003746BB420E46F4D9082B0BD12368DE07F6
:10C0300008D5236961689942DEBF302305F8013CC9
:10C0400005F1FF35521B2261CDF800A04B4603AA33
:10C0500021464046FFF7E2FE01304CD14FF0FF3061
:10C0600004B0BDE8F087354881F845702968236839
:10C0700051F8046B29601D0614D5DF0744BF43F057
:10C08000200323601EB9236823F0200323601023BC
:10C09000B0E7236843F0200323607823284884F81E
:10C0A0004530E3E7590648BFB6B2E6E71546BBE7B9
:10C0B0002B6826686169181D286035061B6801D544
:10C0C000196002E07006FBD5198000232361154634
:10C0D000BAE72B681A1D2A601D686268002128468D
:10C0E000D4F70EFF08B1401B606063682361002332
:10C0F00084F84330A8E723692A4649464046D0479A
:10C100000130ABD023689B0713D4E068039B9842AF
:10C11000B8BF1846A4E70123324649464046D047F7
:10C1200001309BD00135E36803995B1AAB42F2DC26
:10C13000EBE7002504F11906F5E700BFDEDE040891
:10C14000EFDE0408884210B501EB020402D98442F4
:10C15000234607D8431EA14208D011F8012B03F84B
:10C16000012FF8E7024401468A4200D110BD13F8BE
:10C17000014D02F8014DF7E737B5002944D051F8D9
:10C18000043C0190002BA1F10404B8BFE41800F0B6
:10C1900013F91E4A0198136833B96360146003B041
:10C1A000BDE8304000F00EB9A34208D925686119F6
:10C1B0008B4201BF19685B6849192160EDE71A4697
:10C1C0005B680BB1A342FAD911685518A5420BD18F
:10C1D000246821445418A3421160E0D11C685B68B4
:10C1E000536021441160DAE702D90C230360D6E7DB
:10C1F000256861198B4204BF19685B68636004BFDE
:10C20000491921605460CAE703B030BDBCB40020B6
:10C2100070B50E4E0C463168054611B900F0BCF8F9
:10C2200030602146284600F0B7F8431C0AD0C41CF1
:10C2300024F00304A04207D0211A284600F0ACF8ED
:10C24000013001D14FF0FF34204670BDC0B4002052
:10C250002DE9F041CD1C25F0030508350C2D38BF24
:10C260000C25002D074601DBA94205D90C233B60B4
:10C2700000263046BDE8F0812E4E00F09DF8336870
:10C280001C4634BB29463846FFF7C2FF431C044610
:10C290004DD134682646002E40D1236831463846B9
:10C2A00004EB030800F078F880453AD121680335A3
:10C2B0006D1A25F0030508350C2D38BF0C252946CD
:10C2C0003846FFF7A5FF01302BD023682B442360AD
:10C2D0000EE02268521B1ED40B2A16D96119A34204
:10C2E000256018BF5960636808BF316062514B60B8
:10C2F000384604F10B0600F065F826F00706231D0A
:10C30000F21AB6D09B1BA350B3E76268A3420CBFDE
:10C3100032605A60ECE723466468B2E734467668D8
:10C32000B9E70C233B60384600F04CF8A1E72560E4
:10C33000DEE700BFBCB400202DE9F0418046144682
:10C340000E4621B9BDE8F0411146FFF781BF2AB979
:10C35000FFF712FF25462846BDE8F08100F038F8C7
:10C360008442074602D8B4EB500F12D8214640460B
:10C37000FFF76EFF05460028EDD0BC42224631464D
:10C3800028BF3A46FFF74CFA31464046FFF7F4FE25
:10C39000E1E73546DFE7000038B5064D00230446E7
:10C3A00008462B60EFF71CFD431C02D12B6803B13C
:10C3B000236038BDC4B40020014800F011B800BFAC
:10C3C000C8B40020014800F00CB800BFC8B4002079
:10C3D00051F8043C181F002BBCBF0B58C018704705
:10C3E00070477047F8B500BFF8BC08BC9E46704760
:0CC3F000F8B500BFF8BC08BC9E467047C2
:10C3FC004C5353502D4E564D000000002564000048
:10C40C00524553455400000044454641554C540098
:10C41C005550444154450000434F4E4649524D003F
:10C42C0051494400434944004F000000514F000063
:10C43C00434F000041520000514152004341520011
:10C44C00414100005141410043414100470000007F
:10C45C005147000043470000514644004346440006
:10C46C0053440000515344004353440053520000C2
:10C47C005153520043535200414400005141440077
:10C48C004341440044000000514400005144540016
:10C49C004D440000574400005157440057520000CF
:10C4AC0051575200510000004C00000048000000A1
:10C4BC00540000005154000051430000514D5300F2
:10C4CC0051460000514E00005154500051544D0043
:10C4DC0051544357000000005154434500000000E4
:10C4EC00514958005149590051495A00514941008C
:10C4FC0051494200514947004C454400514C454478
:10C50C0000000000434C454400000000514C420028
:10C51C00434C42005145540043455400515543008F
:10C52C005143530051454600514C4900515246006D
:10C53C00515743005143450051535300514652004B
:10C54C00514642005146560051464100514D54004F
:10C55C005254430051544300435443005348000089
:10C56C0045484D0043434D4900000000524553459A
:10C57C0052564544383200005245534552564544B4
:10C58C003833000052455345525645443834000068
:10C59C005245534552564544383500005245534593
:10C5AC005256454438360000524553455256454480
:10C5BC003837000052455345525645443838000030
:10C5CC00524553455256454438390000524553455F
:10C5DC005256454439300000524553455256454455
:10C5EC00393100005245534552564544393200000A
:10C5FC005245534552564544393300005245534534
:10C60C005256454439340000524553455256454420
:10C61C0039350000524553455256454439360000D1
:10C62C0052455345525645443937000052455345FF
:10C63C0052564544393800005245534552564544EC
:10C64C00393900005245534552564544313030007B
:10C65C0052455345525645443130310052455345AD
:10C66C00525645443130320052455345525645449A
:10C67C003130330052455345525645443130340025
:10C68C005245534552564544313035005245534579
:10C69C005256454431303600524553455256454466
:10C6AC0031303700524553455256454431303800ED
:10C6BC005245534552564544313039005245534545
:10C6CC00525645443131300052455345525645443B
:10C6DC0031313100524553455256454431313200C7
:10C6EC00524553455256454431313300524553451A
:10C6FC005256454431313400524553455256454407
:10C70C00313135005245534552564544313136008E
:10C71C0052455345525645443131370052455345E5
:10C72C0052564544313138005245534552564544D2
:10C73C0031313900435254430000000043525449F4
:10C74C00000000004352544D00000000435254546A
:10C75C00000000005254440052544D0051525443B6
:10C76C000000000051525449000000005152544D39
:10C77C000000000051525454000000005152544427
:10C78C000000000051525453000000005152544517
:10C79C000000000051525444540000005152544DBA
:10C7AC005400000052455345525645443133350030
:10C7BC005245534552564544313336005245534544
:10C7CC005256454431333700524553455256454431
:10C7DC0031333800524553455256454431333900B4
:10C7EC005245534552564544313430005245534519
:10C7FC005256454431343100524553455256454406
:10C80C00313432005245534552564544313433008D
:10C81C0052455345525645443134340052455345E4
:10C82C0052564544313435005245534552564544D1
:10C83C003134360052455345525645443134370055
:10C84C0052455345525645443134380052455345B0
:10C85C0052564544313439004D54524D4F444500E5
:10C86C004D5452454E00000054415247455400006F
:10C87C005653544152540000564F4E450000000090
:10C88C00564D4158000000005653544F50000000C4
:10C89C00414F4E4500000000414D41580000000042
:10C8AC00444F4E4500000000444D4158000000002C
:10C8BC004D445241570000005241520052414452E3
:10C8CC000000000041474C4C4F47000049524D536B
:10C8DC000000000050574D454E0000004652455197
:10C8EC000000000044495200555343004D53534E31
:10C8FC0000000000434E564D00000000494E464FCC
:10C90C004C4F470050434254540000004D43555483
:10C91C0054000000505242545400000054454D50F5
:10C92C0055520000494D5555520000005652415485
:10C93C00494F000041524154494F00004452415468
:10C94C00494F0000564C494D49540000414C494D4B
:10C95C0049540000444C494D49540000434D535335
:10C96C004E00000051424C56000000005253454E00
:10C97C005345000053434500415041450000000021
:10C98C0051525400514D49005142490051535400E9
:10C99C00514543460000000043454346000000005B
:10C9AC005145430043414C4942524154450000001B
:10C9BC0045504100434D4900434E4800434E4C0006
:10C9CC004543450045434400524553455256454462
:10C9DC0032303300524553455256454432303400C0
:10C9EC005245534552564544323035005245534515
:10C9FC005256454432303600524553455256454402
:10CA0C003230370052455345525645443230380087
:10CA1C0052455345525645443230390052455345E0
:10CA2C0052564544323130005245534552564544D6
:10CA3C003231310052455345525645443231320061
:10CA4C0052455345525645443231330052455345B5
:10CA5C0052564544323134005245534552564544A2
:10CA6C003231350052455345525645443231360029
:10CA7C005245534552564544323137005245534581
:10CA8C00525645443231380052455345525645446E
:10CA9C0032313900524553455256454432323000FA
:10CAAC005245534552564544323231005245534556
:10CABC005256454432323200524553455256454443
:10CACC0032323300524553455256454432323400CB
:10CADC005245534552564544323235005245534522
:10CAEC00525645443232360052455345525645440F
:10CAFC003232370052455345525645443232380093
:10CB0C0052455345525645443232390052455345ED
:10CB1C0052564544323330005245534552564544E3
:10CB2C00323331005245534552564544323332006C
:10CB3C0052455345525645443233330052455345C2
:10CB4C0052564544323334005245534552564544AF
:10CB5C003233350052455345525645443233360034
:10CB6C00524553455256454432333700524553458E
:10CB7C00525645443233380052455345525645447B
:10CB8C003233390052455345525645443234300005
:10CB9C005245534552564544323431005245534563
:10CBAC005256454432343200524553455256454450
:10CBBC0032343300524553455256454432343400D6
:10CBCC00524553455256454432343500524553452F
:10CBDC00525645443234360052455345525645441C
:10CBEC00323437005245534552564544323438009E
:10CBFC0052455345525645443234390052455345FB
:10CC0C0052564544323530005245534552564544F0
:10CC1C003235310052455345525645443235320077
:10CC2C0052455345525645443235330052455345CF
:10CC3C005256454432353400494E56414C49440015
:10CC4C0053544154555300006672770044495300C5
:10CC5C0025642E25642E2564000000002564000048
:10CC6C00253038640000000025642C004C53532DF3
:10CC7C00502D4C31000000004C53532D502D53318E
:10CC8C00000000004C53532D502D4D31000000007E
:10CC9C00554E4B4E4F574E2F4E4F5457524954549E
:10CCAC00454E00004C5353502D43414C444154418C
:10CCBC000000000052657365742E2E2E310D00009D
:10CCCC0054686520736176656420706172616D656E
:10CCDC00746572732077696C6C2062652072657361
:10CCEC00657420746F2064656661756C742E2050B9
:10CCFC006C656173652073656E6420434F4E4649C5
:10CD0C00524D20436F6D6D616E642E0D000000005E
:10CD1C0057726974652064656661756C7420646112
:10CD2C00746120746F20454550524F4D20666972D6
:10CD3C0073742844454641554C542D3E434F4E4642
:10CD4C0049524D292062656361757365207468656D
:10CD5C00726520697320616E206572726F72206932
:10CD6C006E2074686520454550524F4D20646174A7
:10CD7C00612E0D00546865206669726D776172656D
:10CD8C002077696C6C206265206572617365642024
:10CD9C00616E642075706772616465642E20506CDE
:10CDAC00656173652073656E6420434F4E4649522E
:10CDBC004D20436F6D6D616E642E0D005265736571
:10CDCC00742E2E2E330D000052657365742E2E2E8C
:10CDDC00340D00004E564D28454550524F4D2920DC
:10CDEC00697320636C65617265642E0D0000000030
:10CDFC004D6F64656C204944202620426F6172643B
:10CE0C00204944202620534E2061726520636C65B6
:10CE1C00617265642E0D000052657365742E2E2EA2
:10CE2C00350D00005468652063616C696272617431
:10CE3C00696F6E20646174612077696C6C20626527
:10CE4C002065726173656420616E64207570677211
:10CE5C00616465642E20506C656173652073656E2A
:10CE6C006420434F4E4649524D20436F6D6D616EA9
:10CE7C00642E0D0052657365742E2E2E360D000037
:10CE8C004F76657254656D7065726174757265204C
:10CE9C004572726F722E0D00454550524F4D204415
:10CEAC00617461206973206E6F7420777269747479
:10CEBC00656E206F722061626E6F726D616C206F97
:10CECC0072206E6565647320746F206265207570C6
:10CEDC006772616465642E0D00000000554E4B4E68
:10CEEC004F574E20436F6D6D616E64204572726FAB
:10CEFC00722E0D00436F6D6D616E6420776173202F
:10CF0C0069676E6F7265642E0D000000456E636F6D
:10CF1C00646572204572726F72206973206F63634F
:10CF2C00757265642E0D0000554E4B4E4F574E00DA
:10CF3C004C494D5000000000465245450000000091
:10CF4C00414343454C45524154494E470000000073
:10CF5C0054524156454C4C494E47000044454345BC
:10CF6C004C45524154494E4700000000484F4C4438
:10CF7C00494E470057414954494E47004F55545369
:10CF8C004944454C494D49545300000053545543B2
:10CF9C004B000000424C4F434B4544005341464527
:10CFAC004D4F44450000000025303864000000005F
:10CFBC00204D6F746F72207374617465203A200079
:10CFCC00202D3E2000000000204D6F746F722074E5
:10CFDC006172676574203A2000000000256400002F
:10CFEC00205653544152543A000000002056313A16
:10CFFC000000000020564D41583A00002056535472
:10D00C004F503A002041313A0000000020414D4180
:10D01C00583A00002044313A0000000020444D41B1
:10D02C00583A00002F4D4452454144002530327887
:10D03C000000000025303878000000002F52414DD0
:10D04C00500000002F53544550444952000000003A
:10D05C0074696E793A000000686F6C643A000000E5
:10D06C006E6F7474696E793A000000004D61696EE0
:10D07C005461736B00000000457874436D64546117
:10D08C00736B00004D6F746F725461736B00000012
:10D09C0053656E736F725461736B00004C6564540E
:10D0AC0061736B0078D0040891B402080000000092
:10D0BC000000000000020000000000000000000062
:10D0CC0084D00408AD7602080000000000000000C7
:10D0DC0000020000000000000000000090D00408D6
:10D0EC00392C0308000000000000000000020000C2
:10D0FC0000000000000000009CD00408119D0308F3
:10D10C000000000000000000000100000000000012
:10D11C0000000000A8D004086DAE0208000000005A
:10D12C000000000080000000000000000000000073
:10D13C0049444C450000000053544D33322056698D
:10D14C00727475616C20436F6D506F7274000000C7
:10D15C0053544D6963726F656C656374726F6E695D
:10D16C006373000043444320436F6E66696700009D
:10D17C0043444320496E7465726661636500000028
:10D18C00000000000CC404080000000001000000B6
:10D19C0014C4040800000000020000001CC40408B1
:10D1AC00000000000300000024C40408000000007C
:10D1BC00040000002CC4040800000000050000005E
:10D1CC0030C40408000000000600000034C4040849
:10D1DC00000000000700000038C404080000000034
:10D1EC00080000003CC40408000000000900000016
:10D1FC0040C40408000000000A00000044C40408F5
:10D20C00000000000B00000048C4040800000000EF
:10D21C000C0000004CC40408000000000D000000CD
:10D22C0050C40408000000000E00000054C40408A0
:10D23C00000000000F00000058C4040800000000AB
:10D24C00100000005CC40408000000001100000085
:10D25C0060C40408000000001200000064C404084C
:10D26C00000000001300000068C404080000000067
:10D27C00140000006CC4040800000000150000003D
:10D28C0070C40408000000001600000074C40408F8
:10D29C00000000001700000078C404080000000023
:10D2AC00180000007CC404080000000019000000F5
:10D2BC0080C40408000000001A00000084C40408A4
:10D2CC00000000001B00000088C4040800000000DF
:10D2DC001C0000008CC40408000000001D000000AD
:10D2EC0090C40408000000001E00000094C4040850
:10D2FC00000000001F00000098C40408000000009B
:10D30C00200000009CC40408000000002100000064
:10D31C00A0C404080000000022000000A4C40408FB
:10D32C000000000023000000A8C404080000000056
:10D33C0024000000ACC4040800000000250000001C
:10D34C00B0C404080000000026000000B4C40408A7
:10D35C000000000027000000B8C404080000000012
:10D36C0028000000BCC404080000000029000000D4
:10D37C00C0C40408000000002A000000C4C4040853
:10D38C00000000002B000000C8C4040800000000CE
:10D39C002C000000CCC40408000000002D0000008C
:10D3AC00D0C40408000000002E000000D4C40408FF
:10D3BC00000000002F000000D8C40408000000008A
:10D3CC0030000000DCC40408000000003100000044
:10D3DC00E4C404080000000032000000ECC404089F
:10D3EC000000000033000000F0C40408000000003E
:10D3FC0034000000F4C404080000000035000000F4
:10D40C00F8C404080000000036000000FCC4040846
:10D41C00000000003700000000C5040800000000F8
:10D42C003800000004C504080000000039000000AA
:10D43C0008C50408000000003A00000010C50408EC
:10D44C00000000003B00000018C5040800000000AC
:10D45C003C0000001CC50408000000003D0000005A
:10D46C0020C50408000000003E00000024C504088C
:10D47C00000000003F00000028C504080000000068
:10D48C00400000002CC50408000000004100000012
:10D49C0030C50408000000004200000034C5040838
:10D4AC00000000004300000038C504080000000024
:10D4BC00440000003CC504080000000045000000CA
:10D4CC0040C50408000000004600000044C50408E4
:10D4DC00000000004700000048C5040800000000E0
:10D4EC00480000004CC50408000000004900000082
:10D4FC0050C50408000000004A00000054C5040890
:10D50C00000000004B00000058C50408000000009B
:10D51C004C0000005CC50408000000004D00000039
:10D52C0060C50408000000004E00000064C504083B
:10D53C00000000004F00000068C504080000000057
:10D54C00500000006CC504080000000051000000F1
:10D55C0070C50408000000005200000078C50408E3
:10D56C00000000005300000084C504080000000007
:10D57C005400000090C50408000000005500000095
:10D58C009CC504080000000056000000A8C5040853
:10D59C000000000057000000B4C5040800000000A3
:10D5AC0058000000C0C5040800000000590000002D
:10D5BC00CCC50408000000005A000000D8C50408BF
:10D5CC00000000005B000000E4C50408000000003F
:10D5DC005C000000F0C50408000000005D000000C5
:10D5EC00FCC50408000000005E00000008C604082A
:10D5FC00000000005F00000014C6040800000000DA
:10D60C006000000020C6040800000000610000005B
:10D61C002CC60408000000006200000038C6040894
:10D62C00000000006300000044C604080000000075
:10D63C006400000050C604080000000065000000F3
:10D64C005CC60408000000006600000068C6040800
:10D65C00000000006700000074C604080000000011
:10D66C006800000080C6040800000000690000008B
:10D67C008CC60408000000006A00000098C604086C
:10D68C00000000006B000000A4C6040800000000AD
:10D69C006C000000B0C60408000000006D00000023
:10D6AC00BCC60408000000006E000000C8C60408D8
:10D6BC00000000006F000000D4C604080000000049
:10D6CC0070000000E0C604080000000071000000BB
:10D6DC00ECC604080000000072000000F8C6040844
:10D6EC00000000007300000004C7040800000000E4
:10D6FC007400000010C70408000000007500000052
:10D70C001CC70408000000007600000028C70408AD
:10D71C00000000007700000034C70408000000007F
:10D72C007800000040C704080000000079000000E9
:10D73C0048C70408010000007A00000050C7040824
:10D74C00000000007B00000058C704080000000027
:10D75C007C00000060C70408010000007D00000090
:10D76C0064C70408010000007E00000068C70408BC
:10D77C00000000007F00000070C7040800000000DB
:10D78C008000000078C70408000000008100000041
:10D79C0080C70408000000008200000088C704084D
:10D7AC00000000008300000090C704080000000087
:10D7BC008400000098C704080000000085000000E9
:10D7CC00A0C704080100000086000000A8C70408D8
:10D7DC000100000087000000B0C704080000000032
:10D7EC0088000000BCC7040800000000890000008D
:10D7FC00C8C70408000000008A000000D4C7040851
:10D80C00000000008B000000E0C7040800000000CE
:10D81C008C000000ECC70408000000008D00000024
:10D82C00F8C70408000000008E00000004C80408BB
:10D83C00000000008F00000010C804080000000069
:10D84C00900000001CC804080000000091000000BB
:10D85C0028C80408000000009200000034C8040826
:10D86C00000000009300000040C804080000000005
:10D87C00940000004CC80408000000009500000053
:10D88C0058C80408000000009600000064C8040892
:10D89C0000000000970000006CC8040800000000A5
:10D8AC009800000074C804080000000099000000F3
:10D8BC007CC80408000000009A00000084C804081A
:10D8CC00000000009B0000008CC804080000000051
:10D8DC009C00000094C80408000000009D0000009B
:10D8EC009CC80408000000009E000000A4C80408A6
:10D8FC00000000009F000000ACC8040800000000FD
:10D90C00A0000000B4C8040800000000A100000042
:10D91C00BCC8040800000000A2000000C4C8040831
:10D92C0000000000A3000000C8C8040800000000AC
:10D93C00A4000000D0C8040800000000A5000000EE
:10D94C00D8C8040800000000A6000000E0C80408C5
:10D95C0000000000A7000000E8C804080000000058
:10D96C00A8000000F0C8040800000000A900000096
:10D97C00F4C8040800000000AA000000F8C804085D
:10D98C0000000000AB00000000C90408000000000B
:10D99C00AC00000008C9040800000000AD00000045
:10D9AC0010C9040800000000AE00000018C90408EB
:10D9BC0000000000AF00000020C9040800000000B7
:10D9CC00B000000028C9040800000000B1000000ED
:10D9DC0030C9040800000000B200000038C9040877
:10D9EC0000000000B300000040C904080000000063
:10D9FC00B400000048C9040800000000B500000095
:10DA0C0050C9040800000000B600000058C9040802
:10DA1C0000000000B700000060C90408000000000E
:10DA2C00B800000068C9040800000000B90000003C
:10DA3C0070C9040800000000BA00000078C904088E
:10DA4C0000000000BB00000080C9040800000000BA
:10DA5C00BC00000084C9040800000000BD000000E8
:10DA6C008CC9040800000000BE00000090C9040826
:10DA7C0000000000BF00000094C904080000000072
:10DA8C00C000000098C9040800000000C10000009C
:10DA9C009CC9040800000000C2000000A4C90408CE
:10DAAC0000000000C3000000ACC904080000000026
:10DABC00C4000000B0C9040800000000C50000004C
:10DACC00BCC9040800000000C6000000C0C904085E
:10DADC0000000000C7000000C4C9040800000000DA
:10DAEC00C8000000C8C9040800000000C9000000FC
:10DAFC00CCC9040800000000CA000000D0C904080A
:10DB0C0000000000CB000000D4C904080000000095
:10DB1C00CC000000E0C9040800000000CD000000AB
:10DB2C00ECC9040800000000CE000000F8C904088D
:10DB3C0000000000CF00000004CA04080000000030
:10DB4C00D000000010CA040800000000D100000042
:10DB5C001CCA040800000000D200000028CA0408F7
:10DB6C0000000000D300000034CA040800000000CC
:10DB7C00D400000040CA040800000000D5000000DA
:10DB8C004CCA040800000000D600000058CA040863
:10DB9C0000000000D700000064CA04080000000068
:10DBAC00D800000070CA040800000000D900000072
:10DBBC007CCA040800000000DA00000088CA0408CF
:10DBCC0000000000DB00000094CA04080000000004
:10DBDC00DC000000A0CA040800000000DD0000000A
:10DBEC00ACCA040800000000DE000000B8CA04083B
:10DBFC0000000000DF000000C4CA040800000000A0
:10DC0C00E0000000D0CA040800000000E1000000A1
:10DC1C00DCCA040800000000E2000000E8CA0408A6
:10DC2C0000000000E3000000F4CA0408000000003B
:10DC3C00E400000000CB040800000000E500000038
:10DC4C000CCB040800000000E600000018CB040810
:10DC5C0000000000E700000024CB040800000000D6
:10DC6C00E800000030CB040800000000E9000000D0
:10DC7C003CCB040800000000EA00000048CB04087C
:10DC8C0000000000EB00000054CB04080000000072
:10DC9C00EC00000060CB040800000000ED00000068
:10DCAC006CCB040800000000EE00000078CB0408E8
:10DCBC0000000000EF00000084CB0408000000000E
:10DCCC00F000000090CB040800000000F100000000
:10DCDC009CCB040800000000F2000000A8CB040854
:10DCEC0000000000F3000000B4CB040800000000AA
:10DCFC00F4000000C0CB040800000000F500000098
:10DD0C00CCCB040800000000F6000000D8CB0408BF
:10DD1C0000000000F7000000E4CB04080000000045
:10DD2C00F8000000F0CB040800000000F90000002F
:10DD3C00FCCB040800000000FA00000008CC04082A
:10DD4C0000000000FB00000014CC040800000000E0
:10DD5C00FC00000020CC040800000000FD000000C6
:10DD6C002CCC040800000000FE00000038CC040895
:10DD7C0000000000FF00000044CC0408000000007C
:10DD8C0078CC04082504000084CC04089A0B00000D
:10DD9C0090CC0408420E00009CCC0408F401000056
:10DDAC00000000000000000001020304060708093F
:10DDBC0000000000010203040006101600061016F5
:10DDCC00002020202020202020202828282828203F
:10DDDC002020202020202020202020202020202037
:10DDEC00208810101010101010101010101010109F
:10DDFC00100404040404040404040410101010108F
:10DE0C001010414141414141010101010101010158
:10DE1C0001010101010101010101010110101010AA
:10DE2C00101042424242424202020202020202022A
:10DE3C00020202020202020202020202101010107E
:10DE4C0020000000000000000000000000000000A6
:10DE5C0000000000000000000000000000000000B6
:10DE6C0000000000000000000000000000000000A6
:10DE7C000000000000000000000000000000000096
:10DE8C000000000000000000000000000000000086
:10DE9C000000000000000000000000000000000076
:10DEAC000000000000000000000000000000000066
:10DEBC000000000000000000000000000000000056
:10DECC0000232D302B2000686C4C0065666745469E
:10DEDC0047003031323334353637383941424344D8
:10DEEC004546003031323334353637383961626368
:04DEFC0064656600F3
:10DF00004C5353502D4E564D0002000000000000AF
:10DF10000000000000000000000000000000000001
:10DF200000000000000000000000000000000000F1
:10DF300000000000000000000000000000000000E1
:10DF400000000000000000000000000000000000D1
:10DF500000000000000000000000000000000000C1
:10DF600000000000000000000000000000000000B1
:10DF7000000000000000000000000000000000623F
:10DF80000000000000000000000000000000000091
:10DF90000000000000000000000000000000000081
:10DFA0000000000000000000000000000000000071
:10DFB0000000000000000000000000000000000061
:10DFC0000000000000000000000000000000000051
:10DFD0000000000000000000000000000000000041
:10DFE0000000000000000000000000000000000031
:10DFF0000000000000000000000000000000000021
:10E000000000000000000000000000000000000010
:10E010000000000000000000000000000000000000
:10E0200000000000000000000000000000000000F0
:10E0300000000000000000000000000000000000E0
:10E0400000000000000000000000000000000000D0
:10E0500000000000000000000000000000000000C0
:10E0600000000000000000000000000000000000B0
:10E0700000000000000000000000000000000000A0
:10E080000106010203040506000064000000000010
:10E090000000000000000000000000000000000080
:10E0A0000000000000000000000000000000000070
:10E0B0000000000000000000000000000000000060
:10E0C0000000000000000000000000000000000050
:10E0D0000000000000000000000000000000000040
:10E0E0000000000000000000000000000000000030
:10E0F00000000000000000000000000000000080A0
:10E1000001000000000000000000008CA0271001AA
:10E110008000000023282710FF01000000000000FD
:10E1200000000000000000000000000000000000EF
:10E1300000000000000000000000000000000000DF
:10E1400000000000000000000000000000000000CF
:10E1500000000000000000000000000000000000BF
:10E1600000000000000000000000000000000000AF
:10E170000000000000000000000000000000006738
:10E180003C646400FA00640000000000000000002D
:10E19000000000000000000000000000000000007F
:10E1A000000000000000000000000000000000006F
:10E1B000000000000000000000000000000000005F
:10E1C000000000000000000000000000000000004F
:10E1D000000000000000000000000000000000003F
:10E1E000000000000000000000000000000000002F
:10E1F00000000000000000000000000000000062BD
:10E20000030000000000000000000000000000000B
:10E2100000000000000000000000000000000000FE
:10E2200000000000000000000000000000000000EE
:10E2300000000000000000000000000000000000DE
:10E2400000000000000000000000000000000000CE
:10E2500000000000000000000000000000000000BE
:10E2600000000000000000000000000000000000AE
:10E27000000000000000000000000000000000039B
:10E28000000000000000000000000000000000008E
:10E29000000000000000000000000000000000007E
:10E2A000000000000000000000000000000000006E
:10E2B000000000000000000000000000000000005E
:10E2C000000000000000000000000000000000004E
:10E2D000000000000000000000000000000000003E
:10E2E000000000000000000000000000000000002E
:10E2F000000000000000000000000000000000001E
:08E300000829FD7F0100000067
:04E30800B501020851
:04E30C009101020871
:10E3100021110208491102085911020815120208B8
:10E3200065120208CDCC4C3D000100000000003F0A
:10E3300001010100000000000101000101000101D4
:10E3400000010100010100010100000000000000C7
:10E3500001010001010001010001010001010000B3
:10E3600000000000000000000101000101000101A7
:10E370000001010000000000000000000101000198
:10E38000010001010000000000000000040400047E
:10E390000400040400000000000000000606000065
:10E3A0000600000001010107070707070707070725
:10E3B00004040407070707070707070706060607F9
:10E3C0000707000000000000060606020202030321
:10E3D0000300000006060606060606060600000004
:10E3E000200400200600000028040020180000007F
:10E3F0004004002015000000580400201200000016
:10E400006C0400200F0000007C0400200F000000BE
:10E410008C04002003000000900400200200000093
:10E42000940400200C000000A00400200C00000058
:10E43000AC04002009000000B8040020090000001E
:10E44000C404002009000000960000004C53535003
:10E450002D43414C44415441000005000A00000096
:10E4600034CF04083CCF040844CF04084CCF040840
:10E470005CCF040868CF040878CF040880CF040874
:10E4800088CF040898CF0408A0CF0408A8CF0408B8
:10E49000FA003C64640064000024F4000A060002F0
:10E4A000000000400100000071BE03086FBF0308B8
:10E4B000E5BF03080000000095C2030875C103080A
:10E4C0003FC2030800000000000000000000000040
:10E4D00011C30308F1C2030831C3030851C3030881
:10E4E00009024300020100C03209040000010202D7
:10E4F000010005240010010524010001042402028A
:10E500000524060001070582030800100904010024
:10E51000020A00000007050102000200070581024F
:10E520000002000009024300020100C03209040099
:10E530000001020201000524001001052401000170
:10E5400004240202052406000107058203080010C6
:10E5500009040100020A0000000705010240000052
:10E56000070581024000000009074300020104C0C2
:10E570003209040000010202010005240010010517
:10E58000240100010424020205240600010705827B
:10E590000308001009040100020A00000007050139
:10E5A000024000000705810240000000AAAAAAAAB2
:10E5B0002DFE030851FE0308B1FE030875FE030893
:10E5C000D9FE0308FDFE030839FF0308120100020B
:10E5D00002020040830440570002010203010000D0
:10E5E000040309041A0300000000000000000000FA
:10E5F000000000000000000000000000000000001B
:10E600001000000001000000FC06002000000000D7
:10E6100000000000000000000000000000000000FA
:10E6200000000000000000000000000000000000EA
:10E6300000000000000000000000000000000000DA
:10E6400000000000000000000000000000000000CA
:10E6500000000000000000000000000000000000BA
:0CE66000000000000000000000000000AE
:10E66C00000000000000000000000000000000009E
:10E67C00000000000000000000000000000000008E
:10E68C00000000000000000000000000000000007E
:10E69C00000000000000000000000000000000006E
:10E6AC00000000000000000000000000000000005E
:10E6BC00000000000000000000000000000000004E
:10E6CC00000000000000000000000000000000003E
:10E6DC00000000000000000000000000000000002E
:10E6EC00000000000000000000000000000000001E
:10E6FC00000000000000000000000000000000000E
:10E70C0000000000000000000000000000000000FD
:10E71C0000000000000000000000000000000000ED
:10E72C0000000000000000000000000000000000DD
:10E73C0000000000000000000000000000000000CD
:10E74C0000000000000000000000000000000000BD
:10E75C0000000000000000000000000000000000AD
:10E76C00000000000000000000000000000000009D
:10E77C00000000000000000000000000000000008D
:10E78C00000000000000000000000000000000007D
:10E79C00000000000000000000000000000000006D
:10E7AC00000000000000000000000000000000005D
:10E7BC00000000000000000000000000000000004D
:10E7CC00000000000000000000000000000000003D
:10E7DC00000000000000000000000000000000002D
:10E7EC00000000000000000000000000000000001D
:10E7FC00000000000000000000000000000000000D
:10E80C0000000000000000000000000000000000FC
:10E81C0000000000000000000000000000000000EC
:10E82C0000000000000000000000000000000000DC
:10E83C0000000000000000000000000000000000CC
:10E84C0000000000000000000000000000000000BC
:10E85C0000000000000000000000000000000000AC
:10E86C00000000000000000000000000000000009C
:10E87C00000000000000000000000000000000008C
:10E88C00000000000000000000000000000000007C
:10E89C00000000000000000000000000000000006C
:10E8AC00000000000000000000000000000000005C
:10E8BC00000000000000000000000000000000004C
:10E8CC00000000000000000000000000000000003C
:10E8DC00000000000000000000000000000000002C
:10E8EC00000000000000000000000000000000001C
:10E8FC00000000000000000000000000000000000C
:10E90C0000000000000000000000000000000000FB
:10E91C0000000000000000000000000000000000EB
:10E92C0000000000000000000000000000000000DB
:10E93C0000000000000000000000000000000000CB
:10E94C0000000000000000000000000000000000BB
:10E95C0000000000000000000000000000000000AB
:10E96C00000000000000000000000000000000009B
:10E97C00000000000000000000000000000000008B
:10E98C00000000000000000000000000000000007B
:10E99C00000000000000000000000000000000006B
:10E9AC00000000000000000000000000000000005B
:10E9BC00000000000000000000000000000000004B
:10E9CC00000000000000000000000000000000003B
:10E9DC00000000000000000000000000000000002B
:10E9EC00000000000000000000000000000000001B
:10E9FC00000000000000000000000000000000000B
:10EA0C0000000000000000000000000000000000FA
:10EA1C0000000000000000000000000000000000EA
:10EA2C0000000000000000000000000000000000DA
:10EA3C0000000000000000000000000000000000CA
:10EA4C0000000000000000000000000000000000BA
:10EA5C0000000000000000000000000000000000AA
:10EA6C00000000000000000000000000000000009A
:10EA7C00000000000000000000000000000000008A
:10EA8C00000000000000000000000000000000007A
:10EA9C00000000000000000000000000000000006A
:10EAAC00000000000000000000000000000000005A
:10EABC00000000000000000000000000000000004A
:10EACC00000000000000000000000000000000003A
:10EADC00000000000000000000000000000000002A
:10EAEC00000000000000000000000000000000001A
:10EAFC00000000000000000000000000000000000A
:10EB0C0000000000000000000000000000000000F9
:10EB1C0000000000000000000000000000000000E9
:10EB2C0000000000000000000000000000000000D9
:10EB3C0000000000000000000000000000000000C9
:10EB4C0000000000000000000000000000000000B9
:10EB5C0000000000000000000000000000000000A9
:10EB6C000000000000000000000000000000000099
:10EB7C000000000000000000000000000000000089
:10EB8C000000000000000000000000000000000079
:10EB9C000000000000000000000000000000000069
:10EBAC000000000000000000000000000000000059
:10EBBC000000000000000000000000000000000049
:10EBCC000000000000000000000000000000000039
:10EBDC000000000000000000000000000000000029
:10EBEC000000000000000000000000000000000019
:10EBFC000000000000000000000000000000000009
:10EC0C0000000000000000000000000000000000F8
:10EC1C0000000000000000000000000000000000E8
:10EC2C0000000000000000000000000000000000D8
:10EC3C0000000000000000000000000000000000C8
:10EC4C0000000000000000000000000000000000B8
:10EC5C0000000000000000000000000000000000A8
:10EC6C000000000000000000000000000000000098
:10EC7C000000000000000000000000000000000088
:10EC8C000000000000000000000000000000000078
:10EC9C000000000000000000000000000000000068
:10ECAC000000000000000000000000000000000058
:10ECBC000000000000000000000000000000000048
:10ECCC000000000000000000000000000000000038
:10ECDC000000000000000000000000000000000028
:10ECEC000000000000000000000000000000000018
:10ECFC000000000000000000000000000000000008
:10ED0C0000000000000000000000000000000000F7
:10ED1C0000000000000000000000000000000000E7
:10ED2C0000000000000000000000000000000000D7
:10ED3C0000000000000000000000000000000000C7
:10ED4C0000000000000000000000000000000000B7
:10ED5C0000000000000000000000000000000000A7
:10ED6C000000000000000000000000000000000097
:10ED7C000000000000000000000000000000000087
:10ED8C000000000000000000000000000000000077
:10ED9C000000000000000000000000000000000067
:10EDAC000000000000000000000000000000000057
:10EDBC000000000000000000000000000000000047
:10EDCC000000000000000000000000000000000037
:10EDDC000000000000000000000000000000000027
:10EDEC000000000000000000000000000000000017
:10EDFC000000000000000000000000000000000007
:10EE0C0000000000000000000000000000000000F6
:10EE1C0000000000000000000000000000000000E6
:10EE2C0000000000000000000000000000000000D6
:10EE3C0000000000000000000000000000000000C6
:10EE4C0000000000000000000000000000000000B6
:10EE5C0000000000000000000000000000000000A6
:10EE6C000000000000000000000000000000000096
:10EE7C000000000000000000000000000000000086
:10EE8C000000000000000000000000000000000076
:10EE9C000000000000000000000000000000000066
:10EEAC000000000000000000000000000000000056
:10EEBC000000000000000000000000000000000046
:10EECC000000000000000000000000000000000036
:10EEDC000000000000000000000000000000000026
:10EEEC000000000000000000000000000000000016
:10EEFC000000000000000000000000000000000006
:10EF0C0000000000000000000000000000000000F5
:10EF1C0000000000000000000000000000000000E5
:10EF2C0000000000000000000000000000000000D5
:10EF3C0000000000000000000000000000000000C5
:10EF4C0000000000000000000000000000000000B5
:10EF5C0000000000000000000000000000000000A5
:10EF6C000000000000000000000000000000000095
:10EF7C000000000000000000000000000000000085
:10EF8C000000000000000000000000000000000075
:10EF9C000000000000000000000000000000000065
:10EFAC000000000000000000000000000000000055
:10EFBC000000000000000000000000000000000045
:10EFCC000000000000000000000000000000000035
:10EFDC000000000000000000000000000000000025
:10EFEC000000000000000000000000000000000015
:10EFFC000000000000000000000000000000000005
:10F00C0000000000000000000000000000000000F4
:10F01C0000000000000000000000000000000000E4
:10F02C0000000000000000000000000000000000D4
:10F03C0000000000000000000000000000000000C4
:10F04C0000000000000000000000000000000000B4
:10F05C0000000000000000000000000000000000A4
:10F06C000000000000000000000000000000000094
:10F07C000000000000000000000000000000000084
:10F08C000000000000000000000000000000000074
:10F09C000000000000000000000000000000000064
:10F0AC000000000000000000000000000000000054
:10F0BC000000000000000000000000000000000044
:10F0CC000000000000000000000000000000000034
:10F0DC000000000000000000000000000000000024
:10F0EC000000000000000000000000000000000014
:10F0FC000000000000000000000000000000000004
:10F10C0000000000000000000000000000000000F3
:10F11C0000000000000000000000000000000000E3
:10F12C0000000000000000000000000000000000D3
:10F13C0000000000000000000000000000000000C3
:10F14C0000000000000000000000000000000000B3
:10F15C0000000000000000000000000000000000A3
:10F16C000000000000000000000000000000000093
:10F17C000000000000000000000000000000000083
:10F18C000000000000000000000000000000000073
:10F19C000000000000000000000000000000000063
:10F1AC000000000000000000000000000000000053
:10F1BC000000000000000000000000000000000043
:10F1CC000000000000000000000000000000000033
:10F1DC000000000000000000000000000000000023
:10F1EC000000000000000000000000000000000013
:10F1FC000000000000000000000000000000000003
:10F20C0000000000000000000000000000000000F2
:10F21C0000000000000000000000000000000000E2
:10F22C0000000000000000000000000000000000D2
:10F23C0000000000000000000000000000000000C2
:10F24C0000000000000000000000000000000000B2
:10F25C0000000000000000000000000000000000A2
:10F26C000000000000000000000000000000000092
:10F27C000000000000000000000000000000000082
:10F28C000000000000000000000000000000000072
:10F29C000000000000000000000000000000000062
:10F2AC000000000000000000000000000000000052
:10F2BC000000000000000000000000000000000042
:10F2CC000000000000000000000000000000000032
:10F2DC000000000000000000000000000000000022
:10F2EC000000000000000000000000000000000012
:10F2FC000000000000000000000000000000000002
:10F30C0000000000000000000000000000000000F1
:10F31C0000000000000000000000000000000000E1
:10F32C0000000000000000000000000000000000D1
:10F33C0000000000000000000000000000000000C1
:10F34C0000000000000000000000000000000000B1
:10F35C0000000000000000000000000000000000A1
:10F36C000000000000000000000000000000000091
:10F37C000000000000000000000000000000000081
:10F38C000000000000000000000000000000000071
:10F39C000000000000000000000000000000000061
:10F3AC000000000000000000000000000000000051
:10F3BC000000000000000000000000000000000041
:10F3CC000000000000000000000000000000000031
:10F3DC000000000000000000000000000000000021
:10F3EC000000000000000000000000000000000011
:10F3FC000000000000000000000000000000000001
:10F40C0000000000000000000000000000000000F0
:10F41C0000000000000000000000000000000000E0
:10F42C0000000000000000000000000000000000D0
:10F43C0000000000000000000000000000000000C0
:10F44C0000000000000000000000000000000000B0
:10F45C0000000000000000000000000000000000A0
:10F46C000000000000000000000000000000000090
:10F47C000000000000000000000000000000000080
:10F48C000000000000000000000000000000000070
:10F49C000000000000000000000000000000000060
:10F4AC000000000000000000000000000000000050
:10F4BC000000000000000000000000000000000040
:10F4CC000000000000000000000000000000000030
:10F4DC000000000000000000000000000000000020
:10F4EC000000000000000000000000000000000010
:10F4FC000000000000000000000000000000000000
:10F50C0000000000000000000000000000000000EF
:10F51C0000000000000000000000000000000000DF
:10F52C0000000000000000000000000000000000CF
:10F53C0000000000000000000000000000000000BF
:10F54C0000000000000000000000000000000000AF
:10F55C00000000000000000000000000000000009F
:10F56C00000000000000000000000000000000008F
:10F57C00000000000000000000000000000000007F
:10F58C00000000000000000000000000000000006F
:10F59C00000000000000000000000000000000005F
:10F5AC00000000000000000000000000000000004F
:10F5BC00000000000000000000000000000000003F
:10F5CC00000000000000000000000000000000002F
:10F5DC00000000000000000000000000000000001F
:10F5EC00000000000000000000000000000000000F
:10F5FC0000000000000000000000000000000000FF
:10F60C0000000000000000000000000000000000EE
:10F61C0000000000000000000000000000000000DE
:10F62C0000000000000000000000000000000000CE
:10F63C0000000000000000000000000000000000BE
:10F64C0000000000000000000000000000000000AE
:10F65C00000000000000000000000000000000009E
:10F66C00000000000000000000000000000000008E
:10F67C00000000000000000000000000000000007E
:10F68C00000000000000000000000000000000006E
:10F69C00000000000000000000000000000000005E
:10F6AC00000000000000000000000000000000004E
:10F6BC00000000000000000000000000000000003E
:10F6CC00000000000000000000000000000000002E
:10F6DC00000000000000000000000000000000001E
:10F6EC00000000000000000000000000000000000E
:10F6FC0000000000000000000000000000000000FE
:10F70C0000000000000000000000000000000000ED
:10F71C0000000000000000000000000000000000DD
:10F72C0000000000000000000000000000000000CD
:10F73C0000000000000000000000000000000000BD
:10F74C0000000000000000000000000000000000AD
:10F75C00000000000000000000000000000000009D
:10F76C00000000000000000000000000000000008D
:10F77C00000000000000000000000000000000007D
:10F78C00000000000000000000000000000000006D
:10F79C00000000000000000000000000000000005D
:10F7AC00000000000000000000000000000000004D
:10F7BC00000000000000000000000000000000003D
:10F7CC00000000000000000000000000000000002D
:10F7DC00000000000000000000000000000000001D
:10F7EC00000000000000000000000000000000000D
:10F7FC0000000000000000000000000000000000FD
:10F80C0000000000000000000000000000000000EC
:10F81C0000000000000000000000000000000000DC
:10F82C0000000000000000000000000000000000CC
:10F83C0000000000000000000000000000000000BC
:10F84C0000000000000000000000000000000000AC
:10F85C00000000000000000000000000000000009C
:10F86C00000000000000000000000000000000008C
:10F87C00000000000000000000000000000000007C
:10F88C00000000000000000000000000000000006C
:10F89C00000000000000000000000000000000005C
:10F8AC00000000000000000000000000000000004C
:10F8BC00000000000000000000000000000000003C
:10F8CC00000000000000000000000000000000002C
:10F8DC00000000000000000000000000000000001C
:10F8EC00000000000000000000000000000000000C
:10F8FC0000000000000000000000000000000000FC
:10F90C0000000000000000000000000000000000EB
:10F91C0000000000000000000000000000000000DB
:10F92C0000000000000000000000000000000000CB
:10F93C0000000000000000000000000000000000BB
:10F94C0000000000000000000000000000000000AB
:10F95C00000000000000000000000000000000009B
:10F96C00000000000000000000000000000000008B
:10F97C00000000000000000000000000000000007B
:10F98C00000000000000000000000000000000006B
:10F99C00000000000000000000000000000000005B
:10F9AC00000000000000000000000000000000004B
:10F9BC00000000000000000000000000000000003B
:10F9CC00000000000000000000000000000000002B
:10F9DC00000000000000000000000000000000001B
:10F9EC00000000000000000000000000000000000B
:10F9FC0000000000000000000000000000000000FB
:10FA0C0000000000000000000000000000000000EA
:10FA1C0000000000000000000000000000000000DA
:10FA2C0000000000000000000000000000000000CA
:10FA3C0000000000000000000000000000000000BA
:10FA4C0000000000000000000000000000000000AA
:10FA5C00000000000000000000000000000000009A
:10FA6C00000000000000000000000000000000008A
:10FA7C00000000000000000000000000000000007A
:10FA8C00000000000000000000000000000000006A
:10FA9C00000000000000000000000000000000005A
:10FAAC00000000000000000000000000000000004A
:10FABC00000000000000000000000000000000003A
:10FACC00000000000000000000000000000000002A
:10FADC00000000000000000000000000000000001A
:10FAEC00000000000000000000000000000000000A
:10FAFC0000000000000000000000000000000000FA
:10FB0C0000000000000000000000000000000000E9
:10FB1C0000000000000000000000000000000000D9
:10FB2C0000000000000000000000000000000000C9
:10FB3C0000000000000000000000000000000000B9
:10FB4C0000000000000000000000000000000000A9
:10FB5C000000000000000000000000000000000099
:10FB6C000000000000000000000000000000000089
:10FB7C000000000000000000000000000000000079
:10FB8C000000000000000000000000000000000069
:10FB9C000000000000000000000000000000000059
:10FBAC000000000000000000000000000000000049
:10FBBC000000000000000000000000000000000039
:10FBCC000000000000000000000000000000000029
:10FBDC000000000000000000000000000000000019
:10FBEC000000000000000000000000000000000009
:10FBFC0000000000000000000000000000000000F9
:10FC0C0000000000000000000000000000000000E8
:10FC1C0000000000000000000000000000000000D8
:10FC2C0000000000000000000000000000000000C8
:10FC3C0000000000000000000000000000000000B8
:10FC4C0000000000000000000000000000000000A8
:10FC5C000000000000000000000000000000000098
:10FC6C000000000000000000000000000000000088
:10FC7C000000000000000000000000000000000078
:10FC8C000000000000000000000000000000000068
:10FC9C000000000000000000000000000000000058
:10FCAC000000000000000000000000000000000048
:10FCBC000000000000000000000000000000000038
:10FCCC000000000000000000000000000000000028
:10FCDC000000000000000000000000000000000018
:10FCEC000000000000000000000000000000000008
:10FCFC0000000000000000000000000000000000F8
:10FD0C0000000000000000000000000000000000E7
:10FD1C0000000000000000000000000000000000D7
:10FD2C0000000000000000000000000000000000C7
:10FD3C0000000000000000000000000000000000B7
:10FD4C0000000000000000000000000000000000A7
:10FD5C000000000000000000000000000000000097
:10FD6C000000000000000000000000000000000087
:10FD7C000000000000000000000000000000000077
:10FD8C000000000000000000000000000000000067
:10FD9C000000000000000000000000000000000057
:10FDAC000000000000000000000000000000000047
:10FDBC000000000000000000000000000000000037
:10FDCC000000000000000000000000000000000027
:10FDDC000000000000000000000000000000000017
:10FDEC000000000000000000000000000000000007
:10FDFC0000000000000000000000000000000000F7
:10FE0C0000000000000000000000000000000000E6
:10FE1C0000000000000000000000000000000000D6
:10FE2C0000000000000000000000000000000000C6
:10FE3C0000000000000000000000000000000000B6
:10FE4C0000000000000000000000000000000000A6
:10FE5C000000000000000000000000000000000096
:10FE6C000000000000000000000000000000000086
:10FE7C000000000000000000000000000000000076
:10FE8C000000000000000000000000000000000066
:10FE9C000000000000000000000000000000000056
:10FEAC000000000000000000000000000000000046
:10FEBC000000000000000000000000000000000036
:10FECC000000000000000000000000000000000026
:10FEDC000000000000000000000000000000000016
:10FEEC000000000000000000000000000000000006
:10FEFC0000000000000000000000000000000000F6
:10FF0C0000000000000000000000000000000000E5
:10FF1C0000000000000000000000000000000000D5
:10FF2C0000000000000000000000000000000000C5
:10FF3C0000000000000000000000000000000000B5
:10FF4C0000000000000000000000000000000000A5
:10FF5C000000000000000000000000000000000095
:10FF6C000000000000000000000000000000000085
:10FF7C000000000000000000000000000000000075
:10FF8C000000000000000000000000000000000065
:10FF9C000000000000000000000000000000000055
:10FFAC000000000000000000000000000000000045
:10FFBC000000000000000000000000000000000035
:10FFCC000000000000000000000000000000000025
:10FFDC000000000000000000000000000000000015
:10FFEC000000000000000000000000000000000005
:04FFFC000000000001
:020000040805ED
:1000000000000000000000000000000000000000F0
:1000100000000000000000000000000000000000E0
:1000200000000000000000000000000000000000D0
:1000300000000000000000000000000000000000C0
:1000400000000000000000000000000000000000B0
:1000500000000000000000000000000000000000A0
:100060000000000000000000000000000000000090
:100070000000000000000000000000000000000080
:100080000000000000000000000000000000000070
:100090000000000000000000000000000000000060
:1000A0000000000000000000000000000000000050
:1000B0000000000000000000000000000000000040
:1000C0000000000000000000000000000000000030
:1000D0000000000000000000000000000000000020
:1000E0000000000000000000000000000000000010
:1000F0000000000000000000000000000000000000
:1001000000000000000000000000000000000000EF
:1001100000000000000000000000000000000000DF
:1001200000000000000000000000000000000000CF
:1001300000000000000000000000000000000000BF
:1001400000000000000000000000000000000000AF
:10015000000000000000000000000000000000009F
:10016000000000000000000000000000000000008F
:10017000000000000000000000000000000000007F
:10018000000000000000000000000000000000006F
:10019000000000000000000000000000000000005F
:1001A000000000000000000000000000000000004F
:1001B000000000000000000000000000000000003F
:1001C000000000000000000000000000000000002F
:1001D000000000000000000000000000000000001F
:1001E000000000000000000000000000000000000F
:1001F00000000000000000000000000000000000FF
:1002000000000000000000000000000000000000EE
:1002100000000000000000000000000000000000DE
:1002200000000000000000000000000000000000CE
:1002300000000000000000000000000000000000BE
:1002400000000000000000000000000000000000AE
:10025000000000000000000000000000000000009E
:10026000000000000000000000000000000000008E
:10027000000000000000000000000000000000007E
:10028000000000000000000000000000000000006E
:10029000000000000000000000000000000000005E
:1002A000000000000000000000000000000000004E
:1002B000000000000000000000000000000000003E
:1002C000000000000000000000000000000000002E
:1002D000000000000000000000000000000000001E
:1002E000000000000000000000000000000000000E
:1002F00000000000000000000000000000000000FE
:1003000000000000000000000000000000000000ED
:1003100000000000000000000000000000000000DD
:1003200000000000000000000000000000000000CD
:1003300000000000000000000000000000000000BD
:1003400000000000000000000000000000000000AD
:10035000000000000000000000000000000000009D
:10036000000000000000000000000000000000008D
:10037000000000000000000000000000000000007D
:10038000000000000000000000000000000000006D
:10039000000000000000000000000000000000005D
:1003A000000000000000000000000000000000004D
:1003B000000000000000000000000000000000003D
:1003C000000000000000000000000000000000002D
:1003D000000000000000000000000000000000001D
:1003E000000000000000000000000000000000000D
:1003F00000000000000000000000000000000000FD
:1004000000000000000000000000000000000000EC
:1004100000000000000000000000000000000000DC
:1004200000000000000000000000000000000000CC
:1004300000000000000000000000000000000000BC
:1004400000000000000000000000000000000000AC
:10045000000000000000000000000000000000009C
:10046000000000000000000000000000000000008C
:10047000000000000000000000000000000000007C
:10048000000000000000000000000000000000006C
:10049000000000000000000000000000000000005C
:1004A000000000000000000000000000000000004C
:1004B000000000000000000000000000000000003C
:1004C000000000000000000000000000000000002C
:1004D000000000000000000000000000000000001C
:1004E000000000000000000000000000000000000C
:1004F00000000000000000000000000000000000FC
:1005000000000000000000000000000000000000EB
:1005100000000000000000000000000000000000DB
:1005200000000000000000000000000000000000CB
:1005300000000000000000000000000000000000BB
:1005400000000000000000000000000000000000AB
:10055000000000000000000000000000000000009B
:10056000000000000000000000000000000000008B
:10057000000000000000000000000000000000007B
:10058000000000000000000000000000000000006B
:10059000000000000000000000000000000000005B
:1005A000000000000000000000000000000000004B
:1005B000000000000000000000000000000000003B
:1005C000000000000000000000000000000000002B
:1005D000000000000000000000000000000000001B
:1005E000000000000000000000000000000000000B
:1005F00000000000000000000000000000000000FB
:1006000000000000000000000000000000000000EA
:1006100000000000000000000000000000000000DA
:1006200000000000000000000000000000000000CA
:1006300000000000000000000000000000000000BA
:1006400000000000000000000000000000000000AA
:10065000000000000000000000000000000000009A
:10066000000000000000000000000000000000008A
:10067000000000000000000000000000000000007A
:10068000000000000000000000000000000000006A
:10069000000000000000000000000000000000005A
:1006A000000000000000000000000000000000004A
:1006B000000000000000000000000000000000003A
:1006C000000000000000000000000000000000002A
:1006D000000000000000000000000000000000001A
:1006E000000000000000000000000000000000000A
:1006F00000000000000000000000000000000000FA
:1007000000000000000000000000000000000000E9
:1007100000000000000000000000000000000000D9
:1007200000000000000000000000000000000000C9
:1007300000000000000000000000000000000000B9
:1007400000000000000000000000000000000000A9
:100750000000000000000000000000000000000099
:100760000000000000000000000000000000000089
:100770000000000000000000000000000000000079
:100780000000000000000000000000000000000069
:100790000000000000000000000000000000000059
:1007A0000000000000000000000000000000000049
:1007B0000000000000000000000000000000000039
:1007C0000000000000000000000000000000000029
:1007D0000000000000000000000000000000000019
:1007E0000000000000000000000000000000000009
:1007F00000000000000000000000000000000000F9
:1008000000000000000000000000000000000000E8
:1008100000000000000000000000000000000000D8
:1008200000000000000000000000000000000000C8
:1008300000000000000000000000000000000000B8
:1008400000000000000000000000000000000000A8
:100850000000000000000000000000000000000098
:100860000000000000000000000000000000000088
:100870000000000000000000000000000000000078
:100880000000000000000000000000000000000068
:100890000000000000000000000000000000000058
:1008A0000000000000000000000000000000000048
:1008B0000000000000000000000000000000000038
:1008C0000000000000000000000000000000000028
:1008D0000000000000000000000000000000000018
:1008E0000000000000000000000000000000000008
:1008F00000000000000000000000000000000000F8
:1009000000000000000000000000000000000000E7
:1009100000000000000000000000000000000000D7
:1009200000000000000000000000000000000000C7
:1009300000000000000000000000000000000000B7
:1009400000000000000000000000000000000000A7
:100950000000000000000000000000000000000097
:100960000000000000000000000000000000000087
:100970000000000000000000000000000000000077
:100980000000000000000000000000000000000067
:100990000000000000000000000000000000000057
:1009A0000000000000000000000000000000000047
:1009B0000000000000000000000000000000000037
:1009C0000000000000000000000000000000000027
:1009D0000000000000000000000000000000000017
:1009E0000000000000000000000000000000000007
:1009F00000000000000000000000000000000000F7
:100A000000000000000000000000000000000000E6
:100A100000000000000000000000000000000000D6
:100A200000000000000000000000000000000000C6
:100A300000000000000000000000000000000000B6
:100A400000000000000000000000000000000000A6
:100A50000000000000000000000000000000000096
:100A60000000000000000000000000000000000086
:100A70000000000000000000000000000000000076
:100A80000000000000000000000000000000000066
:100A90000000000000000000000000000000000056
:100AA0000000000000000000000000000000000046
:100AB0000000000000000000000000000000000036
:100AC0000000000000000000000000000000000026
:100AD0000000000000000000000000000000000016
:100AE0000000000000000000000000000000000006
:100AF00000000000000000000000000000000000F6
:100B000000000000000000000000000000000000E5
:100B100000000000000000000000000000000000D5
:100B200000000000000000000000000000000000C5
:100B300000000000000000000000000000000000B5
:100B400000000000000000000000000000000000A5
:100B50000000000000000000000000000000000095
:100B60000000000000000000000000000000000085
:100B70000000000000000000000000000000000075
:100B80000000000000000000000000000000000065
:100B90000000000000000000000000000000000055
:100BA0000000000000000000000000000000000045
:100BB0000000000000000000000000000000000035
:100BC0000000000000000000000000000000000025
:100BD0000000000000000000000000000000000015
:100BE0000000000000000000000000000000000005
:100BF00000000000000000000000000000000000F5
:100C000000000000000000000000000000000000E4
:100C100000000000000000000000000000000000D4
:100C200000000000000000000000000000000000C4
:100C300000000000000000000000000000000000B4
:100C400000000000000000000000000000000000A4
:100C50000000000000000000000000000000000094
:100C60000000000000000000000000000000000084
:100C70000000000000000000000000000000000074
:100C80000000000000000000000000000000000064
:100C90000000000000000000000000000000000054
:100CA0000000000000000000000000000000000044
:100CB0000000000000000000000000000000000034
:100CC0000000000000000000000000000000000024
:100CD0000000000000000000000000000000000014
:100CE0000000000000000000000000000000000004
:100CF00000000000000000000000000000000000F4
:100D000000000000000000000000000000000000E3
:100D100000000000000000000000000000000000D3
:100D200000000000000000000000000000000000C3
:100D300000000000000000000000000000000000B3
:100D400000000000000000000000000000000000A3
:100D50000000000000000000000000000000000093
:100D60000000000000000000000000000000000083
:100D70000000000000000000000000000000000073
:100D80000000000000000000000000000000000063
:100D90000000000000000000000000000000000053
:100DA0000000000000000000000000000000000043
:100DB0000000000000000000000000000000000033
:100DC0000000000000000000000000000000000023
:100DD0000000000000000000000000000000000013
:100DE0000000000000000000000000000000000003
:100DF00000000000000000000000000000000000F3
:100E000000000000000000000000000000000000E2
:100E100000000000000000000000000000000000D2
:100E200000000000000000000000000000000000C2
:100E300000000000000000000000000000000000B2
:100E400000000000000000000000000000000000A2
:100E50000000000000000000000000000000000092
:100E60000000000000000000000000000000000082
:100E70000000000000000000000000000000000072
:100E80000000000000000000000000000000000062
:100E90000000000000000000000000000000000052
:100EA0000000000000000000000000000000000042
:100EB0000000000000000000000000000000000032
:100EC0000000000000000000000000000000000022
:100ED0000000000000000000000000000000000012
:100EE0000000000000000000000000000000000002
:100EF00000000000000000000000000000000000F2
:100F000000000000000000000000000000000000E1
:100F100000000000000000000000000000000000D1
:100F200000000000000000000000000000000000C1
:100F300000000000000000000000000000000000B1
:100F400000000000000000000000000000000000A1
:100F50000000000000000000000000000000000091
:100F60000000000000000000000000000000000081
:100F70000000000000000000000000000000000071
:100F80000000000000000000000000000000000061
:100F90000000000000000000000000000000000051
:100FA0000000000000000000000000000000000041
:100FB0000000000000000000000000000000000031
:100FC0000000000000000000000000000000000021
:100FD0000000000000000000000000000000000011
:100FE0000000000000000000000000000000000001
:100FF00000000000000000000000000000000000F1
:1010000000000000000000000000000000000000E0
:1010100000000000000000000000000000000000D0
:1010200000000000000000000000000000000000C0
:1010300000000000000000000000000000000000B0
:1010400000000000000000000000000000000000A0
:101050000000000000000000000000000000000090
:101060000000000000000000000000000000000080
:101070000000000000000000000000000000000070
:101080000000000000000000000000000000000060
:101090000000000000000000000000000000000050
:1010A0000000000000000000000000000000000040
:1010B0000000000000000000000000000000000030
:1010C0000000000000000000000000000000000020
:1010D0000000000000000000000000000000000010
:1010E0000000000000000000000000000000000000
:1010F00000000000000000000000000000000000F0
:1011000000000000000000000000000000000000DF
:1011100000000000000000000000000000000000CF
:1011200000000000000000000000000000000000BF
:1011300000000000000000000000000000000000AF
:10114000000000000000000000000000000000009F
:10115000000000000000000000000000000000008F
:10116000000000000000000000000000000000007F
:10117000000000000000000000000000000000006F
:10118000000000000000000000000000000000005F
:10119000000000000000000000000000000000004F
:1011A000000000000000000000000000000000003F
:1011B000000000000000000000000000000000002F
:1011C000000000000000000000000000000000001F
:1011D000000000000000000000000000000000000F
:1011E00000000000000000000000000000000000FF
:1011F00000000000000000000000000000000000EF
:1012000000000000000000000000000000000000DE
:1012100000000000000000000000000000000000CE
:1012200000000000000000000000000000000000BE
:1012300000000000000000000000000000000000AE
:10124000000000000000000000000000000000009E
:10125000000000000000000000000000000000008E
:10126000000000000000000000000000000000007E
:10127000000000000000000000000000000000006E
:10128000000000000000000000000000000000005E
:10129000000000000000000000000000000000004E
:1012A000000000000000000000000000000000003E
:1012B000000000000000000000000000000000002E
:1012C000000000000000000000000000000000001E
:1012D000000000000000000000000000000000000E
:1012E00000000000000000000000000000000000FE
:1012F00000000000000000000000000000000000EE
:1013000000000000000000000000000000000000DD
:1013100000000000000000000000000000000000CD
:1013200000000000000000000000000000000000BD
:1013300000000000000000000000000000000000AD
:10134000000000000000000000000000000000009D
:10135000000000000000000000000000000000008D
:10136000000000000000000000000000000000007D
:10137000000000000000000000000000000000006D
:10138000000000000000000000000000000000005D
:10139000000000000000000000000000000000004D
:1013A000000000000000000000000000000000003D
:1013B000000000000000000000000000000000002D
:1013C000000000000000000000000000000000001D
:1013D000000000000000000000000000000000000D
:1013E00000000000000000000000000000000000FD
:1013F00000000000000000000000000000000000ED
:1014000000000000000000000000000000000000DC
:1014100000000000000000000000000000000000CC
:1014200000000000000000000000000000000000BC
:1014300000000000000000000000000000000000AC
:10144000000000000000000000000000000000009C
:10145000000000000000000000000000000000008C
:10146000000000000000000000000000000000007C
:10147000000000000000000000000000000000006C
:10148000000000000000000000000000000000005C
:10149000000000000000000000000000000000004C
:1014A000000000000000000000000000000000003C
:1014B000000000000000000000000000000000002C
:1014C000000000000000000000000000000000001C
:1014D000000000000000000000000000000000000C
:1014E00000000000000000000000000000000000FC
:1014F00000000000000000000000000000000000EC
:1015000000000000000000000000000000000000DB
:1015100000000000000000000000000000000000CB
:1015200000000000000000000000000000000000BB
:1015300000000000000000000000000000000000AB
:10154000000000000000000000000000000000009B
:10155000000000000000000000000000000000008B
:10156000000000000000000000000000000000007B
:10157000000000000000000000000000000000006B
:10158000000000000000000000000000000000005B
:10159000000000000000000000000000000000004B
:1015A000000000000000000000000000000000003B
:1015B000000000000000000000000000000000002B
:1015C000000000000000000000000000000000001B
:1015D000000000000000000000000000000000000B
:1015E00000000000000000000000000000000000FB
:1015F00000000000000000000000000000000000EB
:1016000000000000000000000000000000000000DA
:1016100000000000000000000000000000000000CA
:1016200000000000000000000000000000000000BA
:1016300000000000000000000000000000000000AA
:10164000000000000000000000000000000000009A
:10165000000000000000000000000000000000008A
:10166000000000000000000000000000000000007A
:10167000000000000000000000000000000000006A
:10168000000000000000000000000000000000005A
:10169000000000000000000000000000000000004A
:1016A000000000000000000000000000000000003A
:1016B000000000000000000000000000000000002A
:1016C000000000000000000000000000000000001A
:1016D000000000000000000000000000000000000A
:1016E00000000000000000000000000000000000FA
:1016F00000000000000000000000000000000000EA
:1017000000000000000000000000000000000000D9
:1017100000000000000000000000000000000000C9
:1017200000000000000000000000000000000000B9
:1017300000000000000000000000000000000000A9
:101740000000000000000000000000000000000099
:101750000000000000000000000000000000000089
:101760000000000000000000000000000000000079
:101770000000000000000000000000000000000069
:101780000000000000000000000000000000000059
:101790000000000000000000000000000000000049
:1017A0000000000000000000000000000000000039
:1017B0000000000000000000000000000000000029
:1017C0000000000000000000000000000000000019
:1017D0000000000000000000000000000000000009
:1017E00000000000000000000000000000000000F9
:1017F00000000000000000000000000000000000E9
:1018000000000000000000000000000000000000D8
:1018100000000000000000000000000000000000C8
:1018200000000000000000000000000000000000B8
:1018300000000000000000000000000000000000A8
:101840000000000000000000000000000000000098
:101850000000000000000000000000000000000088
:101860000000000000000000000000000000000078
:101870000000000000000000000000000000000068
:101880000000000000000000000000000000000058
:101890000000000000000000000000000000000048
:1018A0000000000000000000000000000000000038
:1018B0000000000000000000000000000000000028
:1018C0000000000000000000000000000000000018
:1018D0000000000000000000000000000000000008
:1018E00000000000000000000000000000000000F8
:1018F00000000000000000000000000000000000E8
:1019000000000000000000000000000000000000D7
:1019100000000000000000000000000000000000C7
:1019200000000000000000000000000000000000B7
:1019300000000000000000000000000000000000A7
:101940000000000000000000000000000000000097
:101950000000000000000000000000000000000087
:101960000000000000000000000000000000000077
:101970000000000000000000000000000000000067
:101980000000000000000000000000000000000057
:101990000000000000000000000000000000000047
:1019A0000000000000000000000000000000000037
:1019B0000000000000000000000000000000000027
:1019C0000000000000000000000000000000000017
:1019D0000000000000000000000000000000000007
:1019E00000000000000000000000000000000000F7
:1019F00000000000000000000000000000000000E7
:101A000000000000000000000000000000000000D6
:101A100000000000000000000000000000000000C6
:101A200000000000000000000000000000000000B6
:101A300000000000000000000000000000000000A6
:101A40000000000000000000000000000000000096
:101A50000000000000000000000000000000000086
:101A60000000000000000000000000000000000076
:101A70000000000000000000000000000000000066
:101A80000000000000000000000000000000000056
:101A90000000000000000000000000000000000046
:101AA0000000000000000000000000000000000036
:101AB0000000000000000000000000000000000026
:101AC0000000000000000000000000000000000016
:101AD0000000000000000000000000000000000006
:101AE00000000000000000000000000000000000F6
:101AF00000000000000000000000000000000000E6
:101B000000000000000000000000000000000000D5
:101B100000000000000000000000000000000000C5
:101B200000000000000000000000000000000000B5
:101B300000000000000000000000000000000000A5
:101B40000000000000000000000000000000000095
:101B50000000000000000000000000000000000085
:101B60000000000000000000000000000000000075
:101B70000000000000000000000000000000000065
:101B80000000000000000000000000000000000055
:101B90000000000000000000000000000000000045
:101BA0000000000000000000000000000000000035
:101BB0000000000000000000000000000000000025
:101BC0000000000000000000000000000000000015
:101BD0000000000000000000000000000000000005
:101BE00000000000000000000000000000000000F5
:101BF00000000000000000000000000000000000E5
:101C000000000000000000000000000000000000D4
:101C100000000000000000000000000000000000C4
:101C200000000000000000000000000000000000B4
:101C300000000000000000000000000000000000A4
:101C40000000000000000000000000000000000094
:101C50000000000000000000000000000000000084
:101C60000000000000000000000000000000000074
:101C70000000000000000000000000000000000064
:101C80000000000000000000000000000000000054
:101C90000000000000000000000000000000000044
:101CA0000000000000000000000000000000000034
:101CB0000000000000000000000000000000000024
:101CC0000000000000000000000000000000000014
:101CD0000000000000000000000000000000000004
:101CE00000000000000000000000000000000000F4
:101CF00000000000000000000000000000000000E4
:101D000000000000000000000000000000000000D3
:101D100000000000000000000000000000000000C3
:101D200000000000000000000000000000000000B3
:101D300000000000000000000000000000000000A3
:101D40000000000000000000000000000000000093
:101D50000000000000000000000000000000000083
:101D60000000000000000000000000000000000073
:101D70000000000000000000000000000000000063
:101D80000000000000000000000000000000000053
:101D90000000000000000000000000000000000043
:101DA0000000000000000000000000000000000033
:101DB0000000000000000000000000000000000023
:101DC0000000000000000000000000000000000013
:101DD0000000000000000000000000000000000003
:101DE00000000000000000000000000000000000F3
:101DF00000000000000000000000000000000000E3
:101E000000000000000000000000000000000000D2
:101E100000000000000000000000000000000000C2
:101E200000000000000000000000000000000000B2
:101E300000000000000000000000000000000000A2
:101E40000000000000000000000000000000000092
:101E50000000000000000000000000000000000082
:101E60000000000000000000000000000000000072
:101E70000000000000000000000000000000000062
:101E80000000000000000000000000000000000052
:101E90000000000000000000000000000000000042
:101EA0000000000000000000000000000000000032
:101EB0000000000000000000000000000000000022
:101EC0000000000000000000000000000000000012
:101ED0000000000000000000000000000000000002
:101EE00000000000000000000000000000000000F2
:101EF00000000000000000000000000000000000E2
:101F000000000000000000000000000000000000D1
:101F100000000000000000000000000000000000C1
:101F200000000000000000000000000000000000B1
:101F300000000000000000000000000000000000A1
:101F40000000000000000000000000000000000091
:101F50000000000000000000000000000000000081
:101F60000000000000000000000000000000000071
:101F70000000000000000000000000000000000061
:101F80000000000000000000000000000000000051
:101F90000000000000000000000000000000000041
:101FA0000000000000000000000000000000000031
:101FB0000000000000000000000000000000000021
:101FC0000000000000000000000000000000000011
:101FD0000000000000000000000000000000000001
:101FE00000000000000000000000000000000000F1
:101FF00000000000000000000000000000000000E1
:1020000000000000000000000000000000000000D0
:1020100000000000000000000000000000000000C0
:1020200000000000000000000000000000000000B0
:1020300000000000000000000000000000000000A0
:102040000000000000000000000000000000000090
:102050000000000000000000000000000000000080
:102060000000000000000000000000000000000070
:102070000000000000000000000000000000000060
:102080000000000000000000000000000000000050
:102090000000000000000000000000000000000040
:1020A0000000000000000000000000000000000030
:1020B0000000000000000000000000000000000020
:1020C0000000000000000000000000000000000010
:1020D0000000000000000000000000000000000000
:1020E00000000000000000000000000000000000F0
:1020F00000000000000000000000000000000000E0
:1021000000000000000000000000000000000000CF
:1021100000000000000000000000000000000000BF
:1021200000000000000000000000000000000000AF
:10213000000000000000000000000000000000009F
:10214000000000000000000000000000000000008F
:10215000000000000000000000000000000000007F
:10216000000000000000000000000000000000006F
:10217000000000000000000000000000000000005F
:10218000000000000000000000000000000000004F
:10219000000000000000000000000000000000003F
:1021A000000000000000000000000000000000002F
:1021B000000000000000000000000000000000001F
:1021C000000000000000000000000000000000000F
:1021D00000000000000000000000000000000000FF
:1021E00000000000000000000000000000000000EF
:1021F00000000000000000000000000000000000DF
:1022000000000000000000000000000000000000CE
:1022100000000000000000000000000000000000BE
:1022200000000000000000000000000000000000AE
:10223000000000000000000000000000000000009E
:10224000000000000000000000000000000000008E
:10225000000000000000000000000000000000007E
:10226000000000000000000000000000000000006E
:10227000000000000000000000000000000000005E
:10228000000000000000000000000000000000004E
:10229000000000000000000000000000000000003E
:1022A000000000000000000000000000000000002E
:1022B000000000000000000000000000000000001E
:1022C000000000000000000000000000000000000E
:1022D00000000000000000000000000000000000FE
:1022E00000000000000000000000000000000000EE
:1022F00000000000000000000000000000000000DE
:1023000000000000000000000000000000000000CD
:1023100000000000000000000000000000000000BD
:1023200000000000000000000000000000000000AD
:10233000000000000000000000000000000000009D
:10234000000000000000000000000000000000008D
:10235000000000000000000000000000000000007D
:10236000000000000000000000000000000000006D
:10237000000000000000000000000000000000005D
:10238000000000000000000000000000000000004D
:10239000000000000000000000000000000000003D
:1023A000000000000000000000000000000000002D
:1023B000000000000000000000000000000000001D
:1023C000000000000000000000000000000000000D
:1023D00000000000000000000000000000000000FD
:1023E00000000000000000000000000000000000ED
:1023F00000000000000000000000000000000000DD
:1024000000000000000000000000000000000000CC
:1024100000000000000000000000000000000000BC
:1024200000000000000000000000000000000000AC
:10243000000000000000000000000000000000009C
:10244000000000000000000000000000000000008C
:10245000000000000000000000000000000000007C
:10246000000000000000000000000000000000006C
:10247000000000000000000000000000000000005C
:10248000000000000000000000000000000000004C
:10249000000000000000000000000000000000003C
:1024A000000000000000000000000000000000002C
:1024B000000000000000000000000000000000001C
:1024C000000000000000000000000000000000000C
:1024D00000000000000000000000000000000000FC
:1024E00000000000000000000000000000000000EC
:1024F00000000000000000000000000000000000DC
:1025000000000000000000000000000000000000CB
:1025100000000000000000000000000000000000BB
:1025200000000000000000000000000000000000AB
:10253000000000000000000000000000000000009B
:10254000000000000000000000000000000000008B
:10255000000000000000000000000000000000007B
:10256000000000000000000000000000000000006B
:10257000000000000000000000000000000000005B
:10258000000000000000000000000000000000004B
:10259000000000000000000000000000000000003B
:1025A000000000000000000000000000000000002B
:1025B000000000000000000000000000000000001B
:1025C000000000000000000000000000000000000B
:1025D00000000000000000000000000000000000FB
:1025E00000000000000000000000000000000000EB
:1025F00000000000000000000000000000000000DB
:1026000000000000000000000000000000000000CA
:1026100000000000000000000000000000000000BA
:1026200000000000000000000000000000000000AA
:10263000000000000000000000000000000000009A
:10264000000000000000000000000000000000008A
:10265000000000000000000000000000000000007A
:10266000000000000000000000000000000000006A
:10267000000000000000000000000000000000005A
:10268000000000000000000000000000000000004A
:10269000000000000000000000000000000000003A
:1026A000000000000000000000000000000000002A
:1026B000000000000000000000000000000000001A
:1026C000000000000000000000000000000000000A
:1026D00000000000000000000000000000000000FA
:1026E00000000000000000000000000000000000EA
:1026F00000000000000000000000000000000000DA
:1027000000000000000000000000000000000000C9
:1027100000000000000000000000000000000000B9
:1027200000000000000000000000000000000000A9
:102730000000000000000000000000000000000099
:102740000000000000000000000000000000000089
:102750000000000000000000000000000000000079
:102760000000000000000000000000000000000069
:102770000000000000000000000000000000000059
:102780000000000000000000000000000000000049
:102790000000000000000000000000000000000039
:1027A0000000000000000000000000000000000029
:1027B0000000000000000000000000000000000019
:1027C0000000000000000000000000000000000009
:1027D00000000000000000000000000000000000F9
:1027E00000000000000000000000000000000000E9
:1027F00000000000000000000000000000000000D9
:1028000000000000000000000000000000000000C8
:1028100000000000000000000000000000000000B8
:1028200000000000000000000000000000000000A8
:102830000000000000000000000000000000000098
:102840000000000000000000000000000000000088
:102850000000000000000000000000000000000078
:102860000000000000000000000000000000000068
:102870000000000000000000000000000000000058
:102880000000000000000000000000000000000048
:102890000000000000000000000000000000000038
:1028A0000000000000000000000000000000000028
:1028B0000000000000000000000000000000000018
:1028C0000000000000000000000000000000000008
:1028D00000000000000000000000000000000000F8
:1028E00000000000000000000000000000000000E8
:1028F00000000000000000000000000000000000D8
:1029000000000000000000000000000000000000C7
:1029100000000000000000000000000000000000B7
:1029200000000000000000000000000000000000A7
:102930000000000000000000000000000000000097
:102940000000000000000000000000000000000087
:102950000000000000000000000000000000000077
:102960000000000000000000000000000000000067
:102970000000000000000000000000000000000057
:102980000000000000000000000000000000000047
:102990000000000000000000000000000000000037
:1029A0000000000000000000000000000000000027
:1029B0000000000000000000000000000000000017
:1029C0000000000000000000000000000000000007
:1029D00000000000000000000000000000000000F7
:1029E00000000000000000000000000000000000E7
:1029F00000000000000000000000000000000000D7
:102A000000000000000000000000000000000000C6
:102A100000000000000000000000000000000000B6
:102A200000000000000000000000000000000000A6
:102A30000000000000000000000000000000000096
:102A40000000000000000000000000000000000086
:102A50000000000000000000000000000000000076
:102A60000000000000000000000000000000000066
:102A70000000000000000000000000000000000056
:102A80000000000000000000000000000000000046
:102A90000000000000000000000000000000000036
:102AA0000000000000000000000000000000000026
:102AB0000000000000000000000000000000000016
:102AC0000000000000000000000000000000000006
:102AD00000000000000000000000000000000000F6
:102AE00000000000000000000000000000000000E6
:102AF00000000000000000000000000000000000D6
:102B000000000000000000000000000000000000C5
:102B100000000000000000000000000000000000B5
:102B200000000000000000000000000000000000A5
:102B30000000000000000000000000000000000095
:102B40000000000000000000000000000000000085
:102B50000000000000000000000000000000000075
:102B60000000000000000000000000000000000065
:102B70000000000000000000000000000000000055
:102B80000000000000000000000000000000000045
:102B90000000000000000000000000000000000035
:102BA0000000000000000000000000000000000025
:102BB0000000000000000000000000000000000015
:102BC0000000000000000000000000000000000005
:102BD00000000000000000000000000000000000F5
:102BE00000000000000000000000000000000000E5
:102BF00000000000000000000000000000000000D5
:102C000000000000000000000000000000000000C4
:102C100000000000000000000000000000000000B4
:102C200000000000000000000000000000000000A4
:102C30000000000000000000000000000000000094
:102C40000000000000000000000000000000000084
:102C50000000000000000000000000000000000074
:102C60000000000000000000000000000000000064
:102C70000000000000000000000000000000000054
:102C80000000000000000000000000000000000044
:102C90000000000000000000000000000000000034
:102CA0000000000000000000000000000000000024
:102CB0000000000000000000000000000000000014
:102CC0000000000000000000000000000000000004
:102CD00000000000000000000000000000000000F4
:102CE00000000000000000000000000000000000E4
:102CF00000000000000000000000000000000000D4
:102D000000000000000000000000000000000000C3
:102D100000000000000000000000000000000000B3
:102D200000000000000000000000000000000000A3
:102D30000000000000000000000000000000000093
:102D40000000000000000000000000000000000083
:102D50000000000000000000000000000000000073
:102D60000000000000000000000000000000000063
:102D70000000000000000000000000000000000053
:102D80000000000000000000000000000000000043
:102D90000000000000000000000000000000000033
:102DA0000000000000000000000000000000000023
:102DB0000000000000000000000000000000000013
:102DC0000000000000000000000000000000000003
:102DD00000000000000000000000000000000000F3
:102DE00000000000000000000000000000000000E3
:102DF00000000000000000000000000000000000D3
:102E000000000000000000000000000000000000C2
:102E100000000000000000000000000000000000B2
:102E200000000000000000000000000000000000A2
:102E30000000000000000000000000000000000092
:102E40000000000000000000000000000000000082
:102E50000000000000000000000000000000000072
:102E60000000000000000000000000000000000062
:102E70000000000000000000000000000000000052
:102E80000000000000000000000000000000000042
:102E90000000000000000000000000000000000032
:102EA0000000000000000000000000000000000022
:102EB0000000000000000000000000000000000012
:102EC0000000000000000000000000000000000002
:102ED00000000000000000000000000000000000F2
:102EE00000000000000000000000000000000000E2
:102EF00000000000000000000000000000000000D2
:102F000000000000000000000000000000000000C1
:102F100000000000000000000000000000000000B1
:102F200000000000000000000000000000000000A1
:102F30000000000000000000000000000000000091
:102F40000000000000000000000000000000000081
:102F50000000000000000000000000000000000071
:102F60000000000000000000000000000000000061
:102F70000000000000000000000000000000000051
:102F80000000000000000000000000000000000041
:102F90000000000000000000000000000000000031
:102FA0000000000000000000000000000000000021
:102FB0000000000000000000000000000000000011
:102FC0000000000000000000000000000000000001
:102FD00000000000000000000000000000000000F1
:102FE00000000000000000000000000000000000E1
:102FF00000000000000000000000000000000000D1
:1030000000000000000000000000000000000000C0
:1030100000000000000000000000000000000000B0
:1030200000000000000000000000000000000000A0
:103030000000000000000000000000000000000090
:103040000000000000000000000000000000000080
:103050000000000000000000000000000000000070
:103060000000000000000000000000000000000060
:103070000000000000000000000000000000000050
:103080000000000000000000000000000000000040
:103090000000000000000000000000000000000030
:1030A0000000000000000000000000000000000020
:1030B0000000000000000000000000000000000010
:1030C0000000000000000000000000000000000000
:1030D00000000000000000000000000000000000F0
:1030E00000000000000000000000000000000000E0
:1030F00000000000000000000000000000000000D0
:1031000000000000000000000000000000000000BF
:1031100000000000000000000000000000000000AF
:10312000000000000000000000000000000000009F
:10313000000000000000000000000000000000008F
:10314000000000000000000000000000000000007F
:10315000000000000000000000000000000000006F
:10316000000000000000000000000000000000005F
:10317000000000000000000000000000000000004F
:10318000000000000000000000000000000000003F
:10319000000000000000000000000000000000002F
:1031A000000000000000000000000000000000001F
:1031B000000000000000000000000000000000000F
:1031C00000000000000000000000000000000000FF
:1031D00000000000000000000000000000000000EF
:1031E00000000000000000000000000000000000DF
:1031F00000000000000000000000000000000000CF
:1032000000000000000000000000000000000000BE
:1032100000000000000000000000000000000000AE
:10322000000000000000000000000000000000009E
:10323000000000000000000000000000000000008E
:10324000000000000000000000000000000000007E
:10325000000000000000000000000000000000006E
:10326000000000000000000000000000000000005E
:10327000000000000000000000000000000000004E
:10328000000000000000000000000000000000003E
:10329000000000000000000000000000000000002E
:1032A000000000000000000000000000000000001E
:1032B000000000000000000000000000000000000E
:1032C00000000000000000000000000000000000FE
:1032D00000000000000000000000000000000000EE
:1032E00000000000000000000000000000000000DE
:1032F00000000000000000000000000000000000CE
:1033000000000000000000000000000000000000BD
:1033100000000000000000000000000000000000AD
:10332000000000000000000000000000000000009D
:10333000000000000000000000000000000000008D
:10334000000000000000000000000000000000007D
:10335000000000000000000000000000000000006D
:10336000000000000000000000000000000000005D
:10337000000000000000000000000000000000004D
:10338000000000000000000000000000000000003D
:10339000000000000000000000000000000000002D
:1033A000000000000000000000000000000000001D
:1033B000000000000000000000000000000000000D
:1033C00000000000000000000000000000000000FD
:1033D00000000000000000000000000000000000ED
:1033E00000000000000000000000000000000000DD
:1033F00000000000000000000000000000000000CD
:1034000000000000000000000000000000000000BC
:1034100000000000000000000000000000000000AC
:10342000000000000000000000000000000000009C
:10343000000000000000000000000000000000008C
:10344000000000000000000000000000000000007C
:10345000000000000000000000000000000000006C
:10346000000000000000000000000000000000005C
:10347000000000000000000000000000000000004C
:10348000000000000000000000000000000000003C
:10349000000000000000000000000000000000002C
:1034A000000000000000000000000000000000001C
:1034B000000000000000000000000000000000000C
:1034C00000000000000000000000000000000000FC
:1034D00000000000000000000000000000000000EC
:1034E00000000000000000000000000000000000DC
:1034F00000000000000000000000000000000000CC
:1035000000000000000000000000000000000000BB
:1035100000000000000000000000000000000000AB
:10352000000000000000000000000000000000009B
:10353000000000000000000000000000000000008B
:10354000000000000000000000000000000000007B
:10355000000000000000000000000000000000006B
:10356000000000000000000000000000000000005B
:10357000000000000000000000000000000000004B
:10358000000000000000000000000000000000003B
:10359000000000000000000000000000000000002B
:1035A000000000000000000000000000000000001B
:1035B000000000000000000000000000000000000B
:1035C00000000000000000000000000000000000FB
:1035D00000000000000000000000000000000000EB
:1035E00000000000000000000000000000000000DB
:1035F00000000000000000000000000000000000CB
:1036000000000000000000000000000000000000BA
:1036100000000000000000000000000000000000AA
:10362000000000000000000000000000000000009A
:10363000000000000000000000000000000000008A
:10364000000000000000000000000000000000007A
:10365000000000000000000000000000000000006A
:10366000000000000000000000000000000000005A
:10367000000000000000000000000000000000004A
:10368000000000000000000000000000000000003A
:10369000000000000000000000000000000000002A
:1036A000000000000000000000000000000000001A
:1036B000000000000000000000000000000000000A
:1036C00000000000000000000000000000000000FA
:1036D00000000000000000000000000000000000EA
:1036E00000000000000000000000000000000000DA
:1036F00000000000000000000000000000000000CA
:1037000000000000000000000000000000000000B9
:1037100000000000000000000000000000000000A9
:103720000000000000000000000000000000000099
:103730000000000000000000000000000000000089
:103740000000000000000000000000000000000079
:103750000000000000000000000000000000000069
:103760000000000000000000000000000000000059
:103770000000000000000000000000000000000049
:103780000000000000000000000000000000000039
:103790000000000000000000000000000000000029
:1037A0000000000000000000000000000000000019
:1037B0000000000000000000000000000000000009
:1037C00000000000000000000000000000000000F9
:1037D00000000000000000000000000000000000E9
:1037E00000000000000000000000000000000000D9
:1037F00000000000000000000000000000000000C9
:1038000000000000000000000000000000000000B8
:1038100000000000000000000000000000000000A8
:103820000000000000000000000000000000000098
:103830000000000000000000000000000000000088
:103840000000000000000000000000000000000078
:103850000000000000000000000000000000000068
:103860000000000000000000000000000000000058
:103870000000000000000000000000000000000048
:103880000000000000000000000000000000000038
:103890000000000000000000000000000000000028
:1038A0000000000000000000000000000000000018
:1038B0000000000000000000000000000000000008
:1038C00000000000000000000000000000000000F8
:1038D00000000000000000000000000000000000E8
:1038E00000000000000000000000000000000000D8
:1038F00000000000000000000000000000000000C8
:1039000000000000000000000000000000000000B7
:1039100000000000000000000000000000000000A7
:103920000000000000000000000000000000000097
:103930000000000000000000000000000000000087
:103940000000000000000000000000000000000077
:103950000000000000000000000000000000000067
:103960000000000000000000000000000000000057
:103970000000000000000000000000000000000047
:103980000000000000000000000000000000000037
:103990000000000000000000000000000000000027
:1039A0000000000000000000000000000000000017
:1039B0000000000000000000000000000000000007
:1039C00000000000000000000000000000000000F7
:1039D00000000000000000000000000000000000E7
:1039E00000000000000000000000000000000000D7
:1039F00000000000000000000000000000000000C7
:103A000000000000000000000000000000000000B6
:103A100000000000000000000000000000000000A6
:103A20000000000000000000000000000000000096
:103A30000000000000000000000000000000000086
:103A40000000000000000000000000000000000076
:103A50000000000000000000000000000000000066
:103A60000000000000000000000000000000000056
:103A70000000000000000000000000000000000046
:103A80000000000000000000000000000000000036
:103A90000000000000000000000000000000000026
:103AA0000000000000000000000000000000000016
:103AB0000000000000000000000000000000000006
:103AC00000000000000000000000000000000000F6
:103AD00000000000000000000000000000000000E6
:103AE00000000000000000000000000000000000D6
:103AF00000000000000000000000000000000000C6
:103B000000000000000000000000000000000000B5
:103B100000000000000000000000000000000000A5
:103B20000000000000000000000000000000000095
:103B30000000000000000000000000000000000085
:103B40000000000000000000000000000000000075
:103B50000000000000000000000000000000000065
:103B60000000000000000000000000000000000055
:103B70000000000000000000000000000000000045
:103B80000000000000000000000000000000000035
:103B90000000000000000000000000000000000025
:103BA0000000000000000000000000000000000015
:103BB0000000000000000000000000000000000005
:103BC00000000000000000000000000000000000F5
:103BD00000000000000000000000000000000000E5
:103BE00000000000000000000000000000000000D5
:103BF00000000000000000000000000000000000C5
:103C000000000000000000000000000000000000B4
:103C100000000000000000000000000000000000A4
:103C20000000000000000000000000000000000094
:103C30000000000000000000000000000000000084
:103C40000000000000000000000000000000000074
:103C50000000000000000000000000000000000064
:103C60000000000000000000000000000000000054
:103C70000000000000000000000000000000000044
:103C80000000000000000000000000000000000034
:103C90000000000000000000000000000000000024
:103CA0000000000000000000000000000000000014
:103CB0000000000000000000000000000000000004
:103CC00000000000000000000000000000000000F4
:103CD00000000000000000000000000000000000E4
:103CE00000000000000000000000000000000000D4
:103CF00000000000000000000000000000000000C4
:103D000000000000000000000000000000000000B3
:103D100000000000000000000000000000000000A3
:103D20000000000000000000000000000000000093
:103D30000000000000000000000000000000000083
:103D40000000000000000000000000000000000073
:103D50000000000000000000000000000000000063
:103D60000000000000000000000000000000000053
:103D70000000000000000000000000000000000043
:103D80000000000000000000000000000000000033
:103D90000000000000000000000000000000000023
:103DA0000000000000000000000000000000000013
:103DB0000000000000000000000000000000000003
:103DC00000000000000000000000000000000000F3
:103DD00000000000000000000000000000000000E3
:103DE00000000000000000000000000000000000D3
:103DF00000000000000000000000000000000000C3
:103E000000000000000000000000000000000000B2
:103E100000000000000000000000000000000000A2
:103E20000000000000000000000000000000000092
:103E30000000000000000000000000000000000082
:103E40000000000000000000000000000000000072
:103E50000000000000000000000000000000000062
:103E60000000000000000000000000000000000052
:103E70000000000000000000000000000000000042
:103E80000000000000000000000000000000000032
:103E90000000000000000000000000000000000022
:103EA0000000000000000000000000000000000012
:103EB0000000000000000000000000000000000002
:103EC00000000000000000000000000000000000F2
:103ED00000000000000000000000000000000000E2
:103EE00000000000000000000000000000000000D2
:103EF00000000000000000000000000000000000C2
:103F000000000000000000000000000000000000B1
:103F100000000000000000000000000000000000A1
:103F20000000000000000000000000000000000091
:103F30000000000000000000000000000000000081
:103F40000000000000000000000000000000000071
:103F50000000000000000000000000000000000061
:103F60000000000000000000000000000000000051
:103F70000000000000000000000000000000000041
:103F80000000000000000000000000000000000031
:103F90000000000000000000000000000000000021
:103FA0000000000000000000000000000000000011
:103FB0000000000000000000000000000000000001
:103FC00000000000000000000000000000000000F1
:103FD00000000000000000000000000000000000E1
:103FE00000000000000000000000000000000000D1
:103FF00000000000000000000000000000000000C1
:1040000000000000000000000000000000000000B0
:1040100000000000000000000000000000000000A0
:104020000000000000000000000000000000000090
:104030000000000000000000000000000000000080
:104040000000000000000000000000000000000070
:104050000000000000000000000000000000000060
:104060000000000000000000000000000000000050
:104070000000000000000000000000000000000040
:104080000000000000000000000000000000000030
:104090000000000000000000000000000000000020
:1040A0000000000000000000000000000000000010
:1040B0000000000000000000000000000000000000
:1040C00000000000000000000000000000000000F0
:1040D00000000000000000000000000000000000E0
:1040E00000000000000000000000000000000000D0
:1040F00000000000000000000000000000000000C0
:1041000000000000000000000000000000000000AF
:10411000000000000000000000000000000000009F
:10412000000000000000000000000000000000008F
:10413000000000000000000000000000000000007F
:10414000000000000000000000000000000000006F
:10415000000000000000000000000000000000005F
:10416000000000000000000000000000000000004F
:10417000000000000000000000000000000000003F
:10418000000000000000000000000000000000002F
:10419000000000000000000000000000000000001F
:1041A000000000000000000000000000000000000F
:1041B00000000000000000000000000000000000FF
:1041C00000000000000000000000000000000000EF
:1041D00000000000000000000000000000000000DF
:1041E00000000000000000000000000000000000CF
:1041F00000000000000000000000000000000000BF
:1042000000000000000000000000000000000000AE
:10421000000000000000000000000000000000009E
:10422000000000000000000000000000000000008E
:10423000000000000000000000000000000000007E
:10424000000000000000000000000000000000006E
:10425000000000000000000000000000000000005E
:10426000000000000000000000000000000000004E
:10427000000000000000000000000000000000003E
:10428000000000000000000000000000000000002E
:10429000000000000000000000000000000000001E
:1042A000000000000000000000000000000000000E
:1042B00000000000000000000000000000000000FE
:1042C00000000000000000000000000000000000EE
:1042D00000000000000000000000000000000000DE
:1042E00000000000000000000000000000000000CE
:1042F00000000000000000000000000000000000BE
:1043000000000000000000000000000000000000AD
:10431000000000000000000000000000000000009D
:10432000000000000000000000000000000000008D
:10433000000000000000000000000000000000007D
:10434000000000000000000000000000000000006D
:10435000000000000000000000000000000000005D
:10436000000000000000000000000000000000004D
:10437000000000000000000000000000000000003D
:10438000000000000000000000000000000000002D
:10439000000000000000000000000000000000001D
:1043A000000000000000000000000000000000000D
:1043B00000000000000000000000000000000000FD
:1043C00000000000000000000000000000000000ED
:1043D00000000000000000000000000000000000DD
:1043E00000000000000000000000000000000000CD
:1043F00000000000000000000000000000000000BD
:1044000000000000000000000000000000000000AC
:10441000000000000000000000000000000000009C
:10442000000000000000000000000000000000008C
:10443000000000000000000000000000000000007C
:10444000000000000000000000000000000000006C
:10445000000000000000000000000000000000005C
:10446000000000000000000000000000000000004C
:10447000000000000000000000000000000000003C
:10448000000000000000000000000000000000002C
:10449000000000000000000000000000000000001C
:1044A000000000000000000000000000000000000C
:1044B00000000000000000000000000000000000FC
:1044C00000000000000000000000000000000000EC
:1044D00000000000000000000000000000000000DC
:1044E00000000000000000000000000000000000CC
:1044F00000000000000000000000000000000000BC
:1045000000000000000000000000000000000000AB
:10451000000000000000000000000000000000009B
:10452000000000000000000000000000000000008B
:10453000000000000000000000000000000000007B
:10454000000000000000000000000000000000006B
:10455000000000000000000000000000000000005B
:10456000000000000000000000000000000000004B
:10457000000000000000000000000000000000003B
:10458000000000000000000000000000000000002B
:10459000000000000000000000000000000000001B
:1045A000000000000000000000000000000000000B
:1045B00000000000000000000000000000000000FB
:1045C00000000000000000000000000000000000EB
:1045D00000000000000000000000000000000000DB
:1045E00000000000000000000000000000000000CB
:1045F00000000000000000000000000000000000BB
:1046000000000000000000000000000000000000AA
:10461000000000000000000000000000000000009A
:10462000000000000000000000000000000000008A
:10463000000000000000000000000000000000007A
:10464000000000000000000000000000000000006A
:10465000000000000000000000000000000000005A
:10466000000000000000000000000000000000004A
:10467000000000000000000000000000000000003A
:10468000000000000000000000000000000000002A
:10469000000000000000000000000000000000001A
:1046A000000000000000000000000000000000000A
:1046B00000000000000000000000000000000000FA
:1046C00000000000000000000000000000000000EA
:1046D00000000000000000000000000000000000DA
:1046E00000000000000000000000000000000000CA
:1046F00000000000000000000000000000000000BA
:1047000000000000000000000000000000000000A9
:104710000000000000000000000000000000000099
:104720000000000000000000000000000000000089
:104730000000000000000000000000000000000079
:104740000000000000000000000000000000000069
:104750000000000000000000000000000000000059
:104760000000000000000000000000000000000049
:104770000000000000000000000000000000000039
:104780000000000000000000000000000000000029
:104790000000000000000000000000000000000019
:1047A0000000000000000000000000000000000009
:1047B00000000000000000000000000000000000F9
:1047C00000000000000000000000000000000000E9
:1047D00000000000000000000000000000000000D9
:1047E00000000000000000000000000000000000C9
:1047F00000000000000000000000000000000000B9
:1048000000000000000000000000000000000000A8
:104810000000000000000000000000000000000098
:104820000000000000000000000000000000000088
:104830000000000000000000000000000000000078
:104840000000000000000000000000000000000068
:104850000000000000000000000000000000000058
:104860000000000000000000000000000000000048
:104870000000000000000000000000000000000038
:104880000000000000000000000000000000000028
:104890000000000000000000000000000000000018
:1048A0000000000000000000000000000000000008
:1048B00000000000000000000000000000000000F8
:1048C00000000000000000000000000000000000E8
:1048D00000000000000000000000000000000000D8
:1048E00000000000000000000000000000000000C8
:1048F00000000000000000000000000000000000B8
:1049000000000000000000000000000000000000A7
:104910000000000000000000000000000000000097
:104920000000000000000000000000000000000087
:104930000000000000000000000000000000000077
:104940000000000000000000000000000000000067
:104950000000000000000000000000000000000057
:104960000000000000000000000000000000000047
:104970000000000000000000000000000000000037
:104980000000000000000000000000000000000027
:104990000000000000000000000000000000000017
:1049A0000000000000000000000000000000000007
:1049B00000000000000000000000000000000000F7
:1049C00000000000000000000000000000000000E7
:1049D00000000000000000000000000000000000D7
:1049E00000000000000000000000000000000000C7
:1049F00000000000000000000000000000000000B7
:104A000000000000000000000000000000000000A6
:104A10000000000000000000000000000000000096
:104A20000000000000000000000000000000000086
:104A30000000000000000000000000000000000076
:104A40000000000000000000000000000000000066
:104A50000000000000000000000000000000000056
:104A60000000000000000000000000000000000046
:104A70000000000000000000000000000000000036
:104A80000000000000000000000000000000000026
:104A90000000000000000000000000000000000016
:104AA0000000000000000000000000000000000006
:104AB00000000000000000000000000000000000F6
:104AC00000000000000000000000000000000000E6
:104AD00000000000000000000000000000000000D6
:104AE00000000000000000000000000000000000C6
:104AF00000000000000000000000000000000000B6
:104B000000000000000000000000000000000000A5
:104B10000000000000000000000000000000000095
:104B20000000000000000000000000000000000085
:104B30000000000000000000000000000000000075
:104B40000000000000000000000000000000000065
:104B50000000000000000000000000000000000055
:104B60000000000000000000000000000000000045
:104B70000000000000000000000000000000000035
:104B80000000000000000000000000000000000025
:104B90000000000000000000000000000000000015
:104BA0000000000000000000000000000000000005
:104BB00000000000000000000000000000000000F5
:104BC00000000000000000000000000000000000E5
:104BD00000000000000000000000000000000000D5
:104BE00000000000000000000000000000000000C5
:104BF00000000000000000000000000000000000B5
:104C000000000000000000000000000000000000A4
:104C10000000000000000000000000000000000094
:104C20000000000000000000000000000000000084
:104C30000000000000000000000000000000000074
:104C40000000000000000000000000000000000064
:104C50000000000000000000000000000000000054
:104C60000000000000000000000000000000000044
:104C70000000000000000000000000000000000034
:104C80000000000000000000000000000000000024
:104C90000000000000000000000000000000000014
:104CA0000000000000000000000000000000000004
:104CB00000000000000000000000000000000000F4
:104CC00000000000000000000000000000000000E4
:104CD00000000000000000000000000000000000D4
:104CE00000000000000000000000000000000000C4
:104CF00000000000000000000000000000000000B4
:104D000000000000000000000000000000000000A3
:104D10000000000000000000000000000000000093
:104D20000000000000000000000000000000000083
:104D30000000000000000000000000000000000073
:104D40000000000000000000000000000000000063
:104D50000000000000000000000000000000000053
:104D60000000000000000000000000000000000043
:104D70000000000000000000000000000000000033
:104D80000000000000000000000000000000000023
:104D90000000000000000000000000000000000013
:104DA0000000000000000000000000000000000003
:104DB00000000000000000000000000000000000F3
:104DC00000000000000000000000000000000000E3
:104DD00000000000000000000000000000000000D3
:104DE00000000000000000000000000000000000C3
:104DF00000000000000000000000000000000000B3
:104E000000000000000000000000000000000000A2
:104E10000000000000000000000000000000000092
:104E20000000000000000000000000000000000082
:104E30000000000000000000000000000000000072
:104E40000000000000000000000000000000000062
:104E50000000000000000000000000000000000052
:104E60000000000000000000000000000000000042
:104E70000000000000000000000000000000000032
:104E80000000000000000000000000000000000022
:104E90000000000000000000000000000000000012
:104EA0000000000000000000000000000000000002
:104EB00000000000000000000000000000000000F2
:104EC00000000000000000000000000000000000E2
:104ED00000000000000000000000000000000000D2
:104EE00000000000000000000000000000000000C2
:104EF00000000000000000000000000000000000B2
:104F000000000000000000000000000000000000A1
:104F10000000000000000000000000000000000091
:104F20000000000000000000000000000000000081
:104F30000000000000000000000000000000000071
:104F40000000000000000000000000000000000061
:104F50000000000000000000000000000000000051
:104F60000000000000000000000000000000000041
:104F70000000000000000000000000000000000031
:104F80000000000000000000000000000000000021
:104F90000000000000000000000000000000000011
:104FA0000000000000000000000000000000000001
:104FB00000000000000000000000000000000000F1
:104FC00000000000000000000000000000000000E1
:104FD00000000000000000000000000000000000D1
:104FE00000000000000000000000000000000000C1
:104FF00000000000000000000000000000000000B1
:1050000000000000000000000000000000000000A0
:105010000000000000000000000000000000000090
:105020000000000000000000000000000000000080
:105030000000000000000000000000000000000070
:105040000000000000000000000000000000000060
:105050000000000000000000000000000000000050
:105060000000000000000000000000000000000040
:105070000000000000000000000000000000000030
:105080000000000000000000000000000000000020
:105090000000000000000000000000000000000010
:1050A0000000000000000000000000000000000000
:1050B00000000000000000000000000000000000F0
:1050C00000000000000000000000000000000000E0
:1050D00000000000000000000000000000000000D0
:1050E00000000000000000000000000000000000C0
:1050F00000000000000000000000000000000000B0
:10510000000000000000000000000000000000009F
:10511000000000000000000000000000000000008F
:10512000000000000000000000000000000000007F
:10513000000000000000000000000000000000006F
:10514000000000000000000000000000000000005F
:10515000000000000000000000000000000000004F
:10516000000000000000000000000000000000003F
:10517000000000000000000000000000000000002F
:10518000000000000000000000000000000000001F
:10519000000000000000000000000000000000000F
:1051A00000000000000000000000000000000000FF
:1051B00000000000000000000000000000000000EF
:1051C00000000000000000000000000000000000DF
:1051D00000000000000000000000000000000000CF
:1051E00000000000000000000000000000000000BF
:1051F00000000000000000000000000000000000AF
:10520000000000000000000000000000000000009E
:10521000000000000000000000000000000000008E
:10522000000000000000000000000000000000007E
:10523000000000000000000000000000000000006E
:10524000000000000000000000000000000000005E
:10525000000000000000000000000000000000004E
:10526000000000000000000000000000000000003E
:10527000000000000000000000000000000000002E
:10528000000000000000000000000000000000001E
:10529000000000000000000000000000000000000E
:1052A00000000000000000000000000000000000FE
:1052B00000000000000000000000000000000000EE
:1052C00000000000000000000000000000000000DE
:1052D00000000000000000000000000000000000CE
:1052E00000000000000000000000000000000000BE
:1052F00000000000000000000000000000000000AE
:10530000000000000000000000000000000000009D
:10531000000000000000000000000000000000008D
:10532000000000000000000000000000000000007D
:10533000000000000000000000000000000000006D
:10534000000000000000000000000000000000005D
:10535000000000000000000000000000000000004D
:10536000000000000000000000000000000000003D
:10537000000000000000000000000000000000002D
:10538000000000000000000000000000000000001D
:10539000000000000000000000000000000000000D
:1053A00000000000000000000000000000000000FD
:1053B00000000000000000000000000000000000ED
:1053C00000000000000000000000000000000000DD
:1053D00000000000000000000000000000000000CD
:1053E00000000000000000000000000000000000BD
:1053F00000000000000000000000000000000000AD
:10540000000000000000000000000000000000009C
:10541000000000000000000000000000000000008C
:10542000000000000000000000000000000000007C
:10543000000000000000000000000000000000006C
:10544000000000000000000000000000000000005C
:10545000000000000000000000000000000000004C
:10546000000000000000000000000000000000003C
:10547000000000000000000000000000000000002C
:10548000000000000000000000000000000000001C
:10549000000000000000000000000000000000000C
:1054A00000000000000000000000000000000000FC
:1054B00000000000000000000000000000000000EC
:1054C00000000000000000000000000000000000DC
:1054D00000000000000000000000000000000000CC
:1054E00000000000000000000000000000000000BC
:1054F00000000000000000000000000000000000AC
:10550000000000000000000000000000000000009B
:10551000000000000000000000000000000000008B
:10552000000000000000000000000000000000007B
:10553000000000000000000000000000000000006B
:10554000000000000000000000000000000000005B
:10555000000000000000000000000000000000004B
:10556000000000000000000000000000000000003B
:10557000000000000000000000000000000000002B
:10558000000000000000000000000000000000001B
:10559000000000000000000000000000000000000B
:1055A00000000000000000000000000000000000FB
:1055B00000000000000000000000000000000000EB
:1055C00000000000000000000000000000000000DB
:1055D00000000000000000000000000000000000CB
:1055E00000000000000000000000000000000000BB
:1055F00000000000000000000000000000000000AB
:10560000000000000000000000000000000000009A
:10561000000000000000000000000000000000008A
:10562000000000000000000000000000000000007A
:10563000000000000000000000000000000000006A
:10564000000000000000000000000000000000005A
:10565000000000000000000000000000000000004A
:10566000000000000000000000000000000000003A
:10567000000000000000000000000000000000002A
:10568000000000000000000000000000000000001A
:10569000000000000000000000000000000000000A
:1056A00000000000000000000000000000000000FA
:1056B00000000000000000000000000000000000EA
:1056C00000000000000000000000000000000000DA
:1056D00000000000000000000000000000000000CA
:1056E00000000000000000000000000000000000BA
:1056F00000000000000000000000000000000000AA
:105700000000000000000000000000000000000099
:105710000000000000000000000000000000000089
:105720000000000000000000000000000000000079
:105730000000000000000000000000000000000069
:105740000000000000000000000000000000000059
:105750000000000000000000000000000000000049
:105760000000000000000000000000000000000039
:105770000000000000000000000000000000000029
:105780000000000000000000000000000000000019
:105790000000000000000000000000000000000009
:1057A00000000000000000000000000000000000F9
:1057B00000000000000000000000000000000000E9
:1057C00000000000000000000000000000000000D9
:1057D00000000000000000000000000000000000C9
:1057E00000000000000000000000000000000000B9
:1057F00000000000000000000000000000000000A9
:105800000000000000000000000000000000000098
:105810000000000000000000000000000000000088
:105820000000000000000000000000000000000078
:105830000000000000000000000000000000000068
:105840000000000000000000000000000000000058
:105850000000000000000000000000000000000048
:105860000000000000000000000000000000000038
:105870000000000000000000000000000000000028
:105880000000000000000000000000000000000018
:105890000000000000000000000000000000000008
:1058A00000000000000000000000000000000000F8
:1058B00000000000000000000000000000000000E8
:1058C00000000000000000000000000000000000D8
:1058D00000000000000000000000000000000000C8
:1058E00000000000000000000000000000000000B8
:1058F00000000000000000000000000000000000A8
:105900000000000000000000000000000000000097
:105910000000000000000000000000000000000087
:105920000000000000000000000000000000000077
:105930000000000000000000000000000000000067
:105940000000000000000000000000000000000057
:105950000000000000000000000000000000000047
:105960000000000000000000000000000000000037
:105970000000000000000000000000000000000027
:105980000000000000000000000000000000000017
:105990000000000000000000000000000000000007
:1059A00000000000000000000000000000000000F7
:1059B00000000000000000000000000000000000E7
:1059C00000000000000000000000000000000000D7
:1059D00000000000000000000000000000000000C7
:1059E00000000000000000000000000000000000B7
:1059F00000000000000000000000000000000000A7
:105A00000000000000000000000000000000000096
:105A10000000000000000000000000000000000086
:105A20000000000000000000000000000000000076
:105A30000000000000000000000000000000000066
:105A40000000000000000000000000000000000056
:105A50000000000000000000000000000000000046
:105A60000000000000000000000000000000000036
:105A70000000000000000000000000000000000026
:105A80000000000000000000000000000000000016
:105A90000000000000000000000000000000000006
:105AA00000000000000000000000000000000000F6
:105AB00000000000000000000000000000000000E6
:105AC00000000000000000000000000000000000D6
:105AD00000000000000000000000000000000000C6
:105AE00000000000000000000000000000000000B6
:105AF00000000000000000000000000000000000A6
:105B00000000000000000000000000000000000095
:105B10000000000000000000000000000000000085
:105B20000000000000000000000000000000000075
:105B30000000000000000000000000000000000065
:105B40000000000000000000000000000000000055
:105B50000000000000000000000000000000000045
:105B60000000000000000000000000000000000035
:105B70000000000000000000000000000000000025
:105B80000000000000000000000000000000000015
:105B90000000000000000000000000000000000005
:105BA00000000000000000000000000000000000F5
:105BB00000000000000000000000000000000000E5
:105BC00000000000000000000000000000000000D5
:105BD00000000000000000000000000000000000C5
:105BE00000000000000000000000000000000000B5
:105BF00000000000000000000000000000000000A5
:105C00000000000000000000000000000000000094
:105C10000000000000000000000000000000000084
:105C20000000000000000000000000000000000074
:105C30000000000000000000000000000000000064
:105C40000000000000000000000000000000000054
:105C50000000000000000000000000000000000044
:105C60000000000000000000000000000000000034
:105C70000000000000000000000000000000000024
:105C80000000000000000000000000000000000014
:105C90000000000000000000000000000000000004
:105CA00000000000000000000000000000000000F4
:105CB00000000000000000000000000000000000E4
:105CC00000000000000000000000000000000000D4
:105CD00000000000000000000000000000000000C4
:105CE00000000000000000000000000000000000B4
:105CF00000000000000000000000000000000000A4
:105D00000000000000000000000000000000000093
:105D10000000000000000000000000000000000083
:105D20000000000000000000000000000000000073
:105D30000000000000000000000000000000000063
:105D40000000000000000000000000000000000053
:105D50000000000000000000000000000000000043
:105D60000000000000000000000000000000000033
:105D70000000000000000000000000000000000023
:105D80000000000000000000000000000000000013
:105D90000000000000000000000000000000000003
:105DA00000000000000000000000000000000000F3
:105DB00000000000000000000000000000000000E3
:105DC00000000000000000000000000000000000D3
:105DD00000000000000000000000000000000000C3
:105DE00000000000000000000000000000000000B3
:105DF00000000000000000000000000000000000A3
:105E00000000000000000000000000000000000092
:105E10000000000000000000000000000000000082
:105E20000000000000000000000000000000000072
:105E30000000000000000000000000000000000062
:105E40000000000000000000000000000000000052
:105E50000000000000000000000000000000000042
:105E60000000000000000000000000000000000032
:105E70000000000000000000000000000000000022
:105E80000000000000000000000000000000000012
:105E90000000000000000000000000000000000002
:105EA00000000000000000000000000000000000F2
:105EB00000000000000000000000000000000000E2
:105EC00000000000000000000000000000000000D2
:105ED00000000000000000000000000000000000C2
:105EE00000000000000000000000000000000000B2
:105EF00000000000000000000000000000000000A2
:105F00000000000000000000000000000000000091
:105F10000000000000000000000000000000000081
:105F20000000000000000000000000000000000071
:105F30000000000000000000000000000000000061
:105F40000000000000000000000000000000000051
:105F50000000000000000000000000000000000041
:105F60000000000000000000000000000000000031
:105F70000000000000000000000000000000000021
:105F80000000000000000000000000000000000011
:105F90000000000000000000000000000000000001
:105FA00000000000000000000000000000000000F1
:105FB00000000000000000000000000000000000E1
:105FC00000000000000000000000000000000000D1
:105FD00000000000000000000000000000000000C1
:105FE00000000000000000000000000000000000B1
:105FF00000000000000000000000000000000000A1
:106000000000000000000000000000000000000090
:106010000000000000000000000000000000000080
:106020000000000000000000000000000000000070
:106030000000000000000000000000000000000060
:106040000000000000000000000000000000000050
:106050000000000000000000000000000000000040
:106060000000000000000000000000000000000030
:106070000000000000000000000000000000000020
:106080000000000000000000000000000000000010
:106090000000000000000000000000000000000000
:1060A00000000000000000000000000000000000F0
:1060B00000000000000000000000000000000000E0
:1060C00000000000000000000000000000000000D0
:1060D00000000000000000000000000000000000C0
:1060E00000000000000000000000000000000000B0
:1060F00000000000000000000000000000000000A0
:10610000000000000000000000000000000000008F
:10611000000000000000000000000000000000007F
:10612000000000000000000000000000000000006F
:10613000000000000000000000000000000000005F
:10614000000000000000000000000000000000004F
:10615000000000000000000000000000000000003F
:10616000000000000000000000000000000000002F
:10617000000000000000000000000000000000001F
:10618000000000000000000000000000000000000F
:1061900000000000000000000000000000000000FF
:1061A00000000000000000000000000000000000EF
:1061B00000000000000000000000000000000000DF
:1061C00000000000000000000000000000000000CF
:1061D00000000000000000000000000000000000BF
:1061E00000000000000000000000000000000000AF
:1061F000000000000000000000000000000000009F
:10620000000000000000000000000000000000008E
:10621000000000000000000000000000000000007E
:10622000000000000000000000000000000000006E
:10623000000000000000000000000000000000005E
:10624000000000000000000000000000000000004E
:10625000000000000000000000000000000000003E
:10626000000000000000000000000000000000002E
:10627000000000000000000000000000000000001E
:10628000000000000000000000000000000000000E
:1062900000000000000000000000000000000000FE
:1062A00000000000000000000000000000000000EE
:1062B00000000000000000000000000000000000DE
:1062C00000000000000000000000000000000000CE
:1062D00000000000000000000000000000000000BE
:1062E00000000000000000000000000000000000AE
:1062F000000000000000000000000000000000009E
:10630000000000000000000000000000000000008D
:10631000000000000000000000000000000000007D
:10632000000000000000000000000000000000006D
:10633000000000000000000000000000000000005D
:10634000000000000000000000000000000000004D
:10635000000000000000000000000000000000003D
:10636000000000000000000000000000000000002D
:10637000000000000000000000000000000000001D
:10638000000000000000000000000000000000000D
:1063900000000000000000000000000000000000FD
:1063A00000000000000000000000000000000000ED
:1063B00000000000000000000000000000000000DD
:1063C00000000000000000000000000000000000CD
:1063D00000000000000000000000000000000000BD
:1063E00000000000000000000000000000000000AD
:1063F000000000000000000000000000000000009D
:10640000000000000000000000000000000000008C
:10641000000000000000000000000000000000007C
:10642000000000000000000000000000000000006C
:10643000000000000000000000000000000000005C
:10644000000000000000000000000000000000004C
:10645000000000000000000000000000000000003C
:10646000000000000000000000000000000000002C
:10647000000000000000000000000000000000001C
:10648000000000000000000000000000000000000C
:1064900000000000000000000000000000000000FC
:1064A00000000000000000000000000000000000EC
:1064B00000000000000000000000000000000000DC
:1064C00000000000000000000000000000000000CC
:1064D00000000000000000000000000000000000BC
:1064E00000000000000000000000000000000000AC
:1064F000000000000000000000000000000000009C
:10650000000000000000000000000000000000008B
:10651000000000000000000000000000000000007B
:10652000000000000000000000000000000000006B
:10653000000000000000000000000000000000005B
:10654000000000000000000000000000000000004B
:10655000000000000000000000000000000000003B
:10656000000000000000000000000000000000002B
:10657000000000000000000000000000000000001B
:10658000000000000000000000000000000000000B
:1065900000000000000000000000000000000000FB
:1065A00000000000000000000000000000000000EB
:1065B00000000000000000000000000000000000DB
:1065C00000000000000000000000000000000000CB
:1065D00000000000000000000000000000000000BB
:1065E00000000000000000000000000000000000AB
:1065F000000000000000000000000000000000009B
:10660000000000000000000000000000000000008A
:10661000000000000000000000000000000000007A
:10662000000000000000000000000000000000006A
:10663000000000000000000000000000000000005A
:10664000000000000000000000000000000000004A
:10665000000000000000000000000000000000003A
:10666000000000000000000000000000000000002A
:10667000000000000000000000000000000000001A
:10668000000000000000000000000000000000000A
:1066900000000000000000000000000000000000FA
:1066A00000000000000000000000000000000000EA
:1066B00000000000000000000000000000000000DA
:1066C00000000000000000000000000000000000CA
:1066D00000000000000000000000000000000000BA
:1066E00000000000000000000000000000000000AA
:1066F000000000000000000000000000000000009A
:106700000000000000000000000000000000000089
:106710000000000000000000000000000000000079
:106720000000000000000000000000000000000069
:106730000000000000000000000000000000000059
:106740000000000000000000000000000000000049
:106750000000000000000000000000000000000039
:106760000000000000000000000000000000000029
:106770000000000000000000000000000000000019
:106780000000000000000000000000000000000009
:1067900000000000000000000000000000000000F9
:1067A00000000000000000000000000000000000E9
:1067B00000000000000000000000000000000000D9
:1067C00000000000000000000000000000000000C9
:1067D00000000000000000000000000000000000B9
:1067E00000000000000000000000000000000000A9
:1067F0000000000000000000000000000000000099
:106800000000000000000000000000000000000088
:106810000000000000000000000000000000000078
:106820000000000000000000000000000000000068
:106830000000000000000000000000000000000058
:106840000000000000000000000000000000000048
:106850000000000000000000000000000000000038
:106860000000000000000000000000000000000028
:106870000000000000000000000000000000000018
:106880000000000000000000000000000000000008
:1068900000000000000000000000000000000000F8
:1068A00000000000000000000000000000000000E8
:1068B00000000000000000000000000000000000D8
:1068C00000000000000000000000000000000000C8
:1068D00000000000000000000000000000000000B8
:1068E00000000000000000000000000000000000A8
:1068F0000000000000000000000000000000000098
:106900000000000000000000000000000000000087
:106910000000000000000000000000000000000077
:106920000000000000000000000000000000000067
:106930000000000000000000000000000000000057
:106940000000000000000000000000000000000047
:106950000000000000000000000000000000000037
:106960000000000000000000000000000000000027
:106970000000000000000000000000000000000017
:106980000000000000000000000000000000000007
:1069900000000000000000000000000000000000F7
:1069A00000000000000000000000000000000000E7
:1069B00000000000000000000000000000000000D7
:1069C00000000000000000000000000000000000C7
:1069D00000000000000000000000000000000000B7
:1069E00000000000000000000000000000000000A7
:1069F0000000000000000000000000000000000097
:106A00000000000000000000000000000000000086
:106A10000000000000000000000000000000000076
:106A20000000000000000000000000000000000066
:106A30000000000000000000000000000000000056
:106A40000000000000000000000000000000000046
:106A50000000000000000000000000000000000036
:106A60000000000000000000000000000000000026
:106A70000000000000000000000000000000000016
:106A80000000000000000000000000000000000006
:106A900000000000000000000000000000000000F6
:106AA00000000000000000000000000000000000E6
:106AB00000000000000000000000000000000000D6
:106AC00000000000000000000000000000000000C6
:106AD00000000000000000000000000000000000B6
:106AE00000000000000000000000000000000000A6
:106AF0000000000000000000000000000000000096
:106B00000000000000000000000000000000000085
:106B10000000000000000000000000000000000075
:106B20000000000000000000000000000000000065
:106B30000000000000000000000000000000000055
:106B40000000000000000000000000000000000045
:106B50000000000000000000000000000000000035
:106B60000000000000000000000000000000000025
:106B70000000000000000000000000000000000015
:106B80000000000000000000000000000000000005
:106B900000000000000000000000000000000000F5
:106BA00000000000000000000000000000000000E5
:106BB00000000000000000000000000000000000D5
:106BC00000000000000000000000000000000000C5
:106BD00000000000000000000000000000000000B5
:106BE00000000000000000000000000000000000A5
:106BF0000000000000000000000000000000000095
:106C00000000000000000000000000000000000084
:106C10000000000000000000000000000000000074
:106C20000000000000000000000000000000000064
:106C30000000000000000000000000000000000054
:106C40000000000000000000000000000000000044
:106C50000000000000000000000000000000000034
:106C60000000000000000000000000000000000024
:106C70000000000000000000000000000000000014
:106C80000000000000000000000000000000000004
:106C900000000000000000000000000000000000F4
:106CA00000000000000000000000000000000000E4
:106CB00000000000000000000000000000000000D4
:106CC00000000000000000000000000000000000C4
:106CD00000000000000000000000000000000000B4
:106CE00000000000000000000000000000000000A4
:106CF0000000000000000000000000000000000094
:106D00000000000000000000000000000000000083
:106D10000000000000000000000000000000000073
:106D20000000000000000000000000000000000063
:106D30000000000000000000000000000000000053
:106D40000000000000000000000000000000000043
:106D50000000000000000000000000000000000033
:106D60000000000000000000000000000000000023
:106D70000000000000000000000000000000000013
:106D80000000000000000000000000000000000003
:106D900000000000000000000000000000000000F3
:106DA00000000000000000000000000000000000E3
:106DB00000000000000000000000000000000000D3
:106DC00000000000000000000000000000000000C3
:106DD00000000000000000000000000000000000B3
:106DE00000000000000000000000000000000000A3
:106DF0000000000000000000000000000000000093
:106E00000000000000000000000000000000000082
:106E10000000000000000000000000000000000072
:106E20000000000000000000000000000000000062
:106E30000000000000000000000000000000000052
:106E40000000000000000000000000000000000042
:106E50000000000000000000000000000000000032
:106E60000000000000000000000000000000000022
:106E70000000000000000000000000000000000012
:106E80000000000000000000000000000000000002
:106E900000000000000000000000000000000000F2
:106EA00000000000000000000000000000000000E2
:106EB00000000000000000000000000000000000D2
:106EC00000000000000000000000000000000000C2
:106ED00000000000000000000000000000000000B2
:106EE00000000000000000000000000000000000A2
:106EF0000000000000000000000000000000000092
:106F00000000000000000000000000000000000081
:106F10000000000000000000000000000000000071
:106F20000000000000000000000000000000000061
:106F30000000000000000000000000000000000051
:106F40000000000000000000000000000000000041
:106F50000000000000000000000000000000000031
:106F60000000000000000000000000000000000021
:106F70000000000000000000000000000000000011
:106F80000000000000000000000000000000000001
:106F900000000000000000000000000000000000F1
:106FA00000000000000000000000000000000000E1
:106FB00000000000000000000000000000000000D1
:106FC00000000000000000000000000000000000C1
:106FD00000000000000000000000000000000000B1
:106FE00000000000000000000000000000000000A1
:106FF0000000000000000000000000000000000091
:107000000000000000000000000000000000000080
:107010000000000000000000000000000000000070
:107020000000000000000000000000000000000060
:107030000000000000000000000000000000000050
:107040000000000000000000000000000000000040
:107050000000000000000000000000000000000030
:107060000000000000000000000000000000000020
:107070000000000000000000000000000000000010
:107080000000000000000000000000000000000000
:1070900000000000000000000000000000000000F0
:1070A00000000000000000000000000000000000E0
:1070B00000000000000000000000000000000000D0
:1070C00000000000000000000000000000000000C0
:1070D00000000000000000000000000000000000B0
:1070E00000000000000000000000000000000000A0
:1070F0000000000000000000000000000000000090
:10710000000000000000000000000000000000007F
:10711000000000000000000000000000000000006F
:10712000000000000000000000000000000000005F
:10713000000000000000000000000000000000004F
:10714000000000000000000000000000000000003F
:10715000000000000000000000000000000000002F
:10716000000000000000000000000000000000001F
:10717000000000000000000000000000000000000F
:1071800000000000000000000000000000000000FF
:1071900000000000000000000000000000000000EF
:1071A00000000000000000000000000000000000DF
:1071B00000000000000000000000000000000000CF
:1071C00000000000000000000000000000000000BF
:1071D00000000000000000000000000000000000AF
:1071E000000000000000000000000000000000009F
:1071F000000000000000000000000000000000008F
:10720000000000000000000000000000000000007E
:10721000000000000000000000000000000000006E
:10722000000000000000000000000000000000005E
:10723000000000000000000000000000000000004E
:10724000000000000000000000000000000000003E
:10725000000000000000000000000000000000002E
:10726000000000000000000000000000000000001E
:10727000000000000000000000000000000000000E
:1072800000000000000000000000000000000000FE
:1072900000000000000000000000000000000000EE
:1072A00000000000000000000000000000000000DE
:1072B00000000000000000000000000000000000CE
:1072C00000000000000000000000000000000000BE
:1072D00000000000000000000000000000000000AE
:1072E000000000000000000000000000000000009E
:1072F000000000000000000000000000000000008E
:10730000000000000000000000000000000000007D
:10731000000000000000000000000000000000006D
:10732000000000000000000000000000000000005D
:10733000000000000000000000000000000000004D
:10734000000000000000000000000000000000003D
:10735000000000000000000000000000000000002D
:10736000000000000000000000000000000000001D
:10737000000000000000000000000000000000000D
:1073800000000000000000000000000000000000FD
:1073900000000000000000000000000000000000ED
:1073A00000000000000000000000000000000000DD
:1073B00000000000000000000000000000000000CD
:1073C00000000000000000000000000000000000BD
:1073D00000000000000000000000000000000000AD
:1073E000000000000000000000000000000000009D
:1073F000000000000000000000000000000000008D
:10740000000000000000000000000000000000007C
:10741000000000000000000000000000000000006C
:10742000000000000000000000000000000000005C
:10743000000000000000000000000000000000004C
:10744000000000000000000000000000000000003C
:10745000000000000000000000000000000000002C
:10746000000000000000000000000000000000001C
:10747000000000000000000000000000000000000C
:1074800000000000000000000000000000000000FC
:1074900000000000000000000000000000000000EC
:1074A00000000000000000000000000000000000DC
:1074B00000000000000000000000000000000000CC
:1074C00000000000000000000000000000000000BC
:1074D00000000000000000000000000000000000AC
:1074E000000000000000000000000000000000009C
:1074F000000000000000000000000000000000008C
:10750000000000000000000000000000000000007B
:10751000000000000000000000000000000000006B
:10752000000000000000000000000000000000005B
:10753000000000000000000000000000000000004B
:10754000000000000000000000000000000000003B
:10755000000000000000000000000000000000002B
:10756000000000000000000000000000000000001B
:10757000000000000000000000000000000000000B
:1075800000000000000000000000000000000000FB
:1075900000000000000000000000000000000000EB
:1075A00000000000000000000000000000000000DB
:1075B00000000000000000000000000000000000CB
:1075C00000000000000000000000000000000000BB
:1075D00000000000000000000000000000000000AB
:1075E000000000000000000000000000000000009B
:1075F000000000000000000000000000000000008B
:10760000000000000000000000000000000000007A
:10761000000000000000000000000000000000006A
:10762000000000000000000000000000000000005A
:10763000000000000000000000000000000000004A
:10764000000000000000000000000000000000003A
:10765000000000000000000000000000000000002A
:10766000000000000000000000000000000000001A
:10767000000000000000000000000000000000000A
:1076800000000000000000000000000000000000FA
:1076900000000000000000000000000000000000EA
:1076A00000000000000000000000000000000000DA
:1076B00000000000000000000000000000000000CA
:1076C00000000000000000000000000000000000BA
:1076D00000000000000000000000000000000000AA
:1076E000000000000000000000000000000000009A
:1076F000000000000000000000000000000000008A
:107700000000000000000000000000000000000079
:107710000000000000000000000000000000000069
:107720000000000000000000000000000000000059
:107730000000000000000000000000000000000049
:107740000000000000000000000000000000000039
:107750000000000000000000000000000000000029
:107760000000000000000000000000000000000019
:107770000000000000000000000000000000000009
:1077800000000000000000000000000000000000F9
:1077900000000000000000000000000000000000E9
:1077A00000000000000000000000000000000000D9
:1077B00000000000000000000000000000000000C9
:1077C00000000000000000000000000000000000B9
:1077D00000000000000000000000000000000000A9
:1077E0000000000000000000000000000000000099
:1077F0000000000000000000000000000000000089
:107800000000000000000000000000000000000078
:107810000000000000000000000000000000000068
:107820000000000000000000000000000000000058
:107830000000000000000000000000000000000048
:107840000000000000000000000000000000000038
:107850000000000000000000000000000000000028
:107860000000000000000000000000000000000018
:107870000000000000000000000000000000000008
:1078800000000000000000000000000000000000F8
:1078900000000000000000000000000000000000E8
:1078A00000000000000000000000000000000000D8
:1078B00000000000000000000000000000000000C8
:1078C00000000000000000000000000000000000B8
:1078D00000000000000000000000000000000000A8
:1078E0000000000000000000000000000000000098
:1078F0000000000000000000000000000000000088
:107900000000000000000000000000000000000077
:107910000000000000000000000000000000000067
:107920000000000000000000000000000000000057
:107930000000000000000000000000000000000047
:107940000000000000000000000000000000000037
:107950000000000000000000000000000000000027
:107960000000000000000000000000000000000017
:107970000000000000000000000000000000000007
:1079800000000000000000000000000000000000F7
:1079900000000000000000000000000000000000E7
:1079A00000000000000000000000000000000000D7
:1079B00000000000000000000000000000000000C7
:1079C00000000000000000000000000000000000B7
:1079D00000000000000000000000000000000000A7
:1079E0000000000000000000000000000000000097
:1079F0000000000000000000000000000000000087
:107A00000000000000000000000000000000000076
:107A10000000000000000000000000000000000066
:107A20000000000000000000000000000000000056
:107A30000000000000000000000000000000000046
:107A40000000000000000000000000000000000036
:107A50000000000000000000000000000000000026
:107A60000000000000000000000000000000000016
:107A70000000000000000000000000000000000006
:107A800000000000000000000000000000000000F6
:107A900000000000000000000000000000000000E6
:107AA00000000000000000000000000000000000D6
:107AB00000000000000000000000000000000000C6
:107AC00000000000000000000000000000000000B6
:107AD00000000000000000000000000000000000A6
:107AE0000000000000000000000000000000000096
:107AF0000000000000000000000000000000000086
:107B00000000000000000000000000000000000075
:107B10000000000000000000000000000000000065
:107B20000000000000000000000000000000000055
:107B30000000000000000000000000000000000045
:107B40000000000000000000000000000000000035
:107B50000000000000000000000000000000000025
:107B60000000000000000000000000000000000015
:107B70000000000000000000000000000000000005
:107B800000000000000000000000000000000000F5
:107B900000000000000000000000000000000000E5
:107BA00000000000000000000000000000000000D5
:107BB00000000000000000000000000000000000C5
:107BC00000000000000000000000000000000000B5
:107BD00000000000000000000000000000000000A5
:107BE0000000000000000000000000000000000095
:107BF0000000000000000000000000000000000085
:107C00000000000000000000000000000000000074
:107C10000000000000000000000000000000000064
:107C20000000000000000000000000000000000054
:107C30000000000000000000000000000000000044
:107C40000000000000000000000000000000000034
:107C50000000000000000000000000000000000024
:107C60000000000000000000000000000000000014
:107C70000000000000000000000000000000000004
:107C800000000000000000000000000000000000F4
:107C900000000000000000000000000000000000E4
:107CA00000000000000000000000000000000000D4
:107CB00000000000000000000000000000000000C4
:107CC00000000000000000000000000000000000B4
:107CD00000000000000000000000000000000000A4
:107CE0000000000000000000000000000000000094
:107CF0000000000000000000000000000000000084
:107D00000000000000000000000000000000000073
:107D10000000000000000000000000000000000063
:107D20000000000000000000000000000000000053
:107D30000000000000000000000000000000000043
:107D40000000000000000000000000000000000033
:107D50000000000000000000000000000000000023
:107D60000000000000000000000000000000000013
:107D70000000000000000000000000000000000003
:107D800000000000000000000000000000000000F3
:107D900000000000000000000000000000000000E3
:107DA00000000000000000000000000000000000D3
:107DB00000000000000000000000000000000000C3
:107DC00000000000000000000000000000000000B3
:107DD00000000000000000000000000000000000A3
:107DE0000000000000000000000000000000000093
:107DF0000000000000000000000000000000000083
:107E00000000000000000000000000000000000072
:107E10000000000000000000000000000000000062
:107E20000000000000000000000000000000000052
:107E30000000000000000000000000000000000042
:107E40000000000000000000000000000000000032
:107E50000000000000000000000000000000000022
:107E60000000000000000000000000000000000012
:107E70000000000000000000000000000000000002
:107E800000000000000000000000000000000000F2
:107E900000000000000000000000000000000000E2
:107EA00000000000000000000000000000000000D2
:107EB00000000000000000000000000000000000C2
:107EC00000000000000000000000000000000000B2
:107ED00000000000000000000000000000000000A2
:107EE0000000000000000000000000000000000092
:107EF0000000000000000000000000000000000082
:107F00000000000000000000000000000000000071
:107F10000000000000000000000000000000000061
:107F20000000000000000000000000000000000051
:107F30000000000000000000000000000000000041
:107F40000000000000000000000000000000000031
:107F50000000000000000000000000000000000021
:107F60000000000000000000000000000000000011
:107F70000000000000000000000000000000000001
:107F800000000000000000000000000000000000F1
:107F900000000000000000000000000000000000E1
:107FA00000000000000000000000000000000000D1
:107FB00000000000000000000000000000000000C1
:107FC00000000000000000000000000000000000B1
:107FD00000000000000000000000000000000000A1
:107FE0000000000000000000000000000000000091
:107FF0000000000000000000000000000000000081
:108000000000000000000000000000000000000070
:108010000000000000000000000000000000000060
:108020000000000000000000000000000000000050
:108030000000000000000000000000000000000040
:108040000000000000000000000000000000000030
:108050000000000000000000000000000000000020
:108060000000000000000000000000000000000010
:108070000000000000000000000000000000000000
:1080800000000000000000000000000000000000F0
:1080900000000000000000000000000000000000E0
:1080A00000000000000000000000000000000000D0
:1080B00000000000000000000000000000000000C0
:1080C00000000000000000000000000000000000B0
:1080D00000000000000000000000000000000000A0
:1080E0000000000000000000000000000000000090
:1080F0000000000000000000000000000000000080
:10810000000000000000000000000000000000006F
:10811000000000000000000000000000000000005F
:10812000000000000000000000000000000000004F
:10813000000000000000000000000000000000003F
:10814000000000000000000000000000000000002F
:10815000000000000000000000000000000000001F
:10816000000000000000000000000000000000000F
:1081700000000000000000000000000000000000FF
:1081800000000000000000000000000000000000EF
:1081900000000000000000000000000000000000DF
:1081A00000000000000000000000000000000000CF
:1081B00000000000000000000000000000000000BF
:1081C00000000000000000000000000000000000AF
:1081D000000000000000000000000000000000009F
:1081E000000000000000000000000000000000008F
:1081F000000000000000000000000000000000007F
:10820000000000000000000000000000000000006E
:10821000000000000000000000000000000000005E
:10822000000000000000000000000000000000004E
:10823000000000000000000000000000000000003E
:10824000000000000000000000000000000000002E
:10825000000000000000000000000000000000001E
:10826000000000000000000000000000000000000E
:1082700000000000000000000000000000000000FE
:1082800000000000000000000000000000000000EE
:1082900000000000000000000000000000000000DE
:1082A00000000000000000000000000000000000CE
:1082B00000000000000000000000000000000000BE
:1082C00000000000000000000000000000000000AE
:1082D000000000000000000000000000000000009E
:1082E000000000000000000000000000000000008E
:1082F000000000000000000000000000000000007E
:10830000000000000000000000000000000000006D
:10831000000000000000000000000000000000005D
:10832000000000000000000000000000000000004D
:10833000000000000000000000000000000000003D
:10834000000000000000000000000000000000002D
:10835000000000000000000000000000000000001D
:10836000000000000000000000000000000000000D
:1083700000000000000000000000000000000000FD
:1083800000000000000000000000000000000000ED
:1083900000000000000000000000000000000000DD
:1083A00000000000000000000000000000000000CD
:1083B00000000000000000000000000000000000BD
:1083C00000000000000000000000000000000000AD
:1083D000000000000000000000000000000000009D
:1083E000000000000000000000000000000000008D
:1083F000000000000000000000000000000000007D
:10840000000000000000000000000000000000006C
:10841000000000000000000000000000000000005C
:10842000000000000000000000000000000000004C
:10843000000000000000000000000000000000003C
:10844000000000000000000000000000000000002C
:10845000000000000000000000000000000000001C
:10846000000000000000000000000000000000000C
:1084700000000000000000000000000000000000FC
:1084800000000000000000000000000000000000EC
:1084900000000000000000000000000000000000DC
:1084A00000000000000000000000000000000000CC
:1084B00000000000000000000000000000000000BC
:1084C00000000000000000000000000000000000AC
:1084D000000000000000000000000000000000009C
:1084E000000000000000000000000000000000008C
:1084F000000000000000000000000000000000007C
:10850000000000000000000000000000000000006B
:10851000000000000000000000000000000000005B
:10852000000000000000000000000000000000004B
:10853000000000000000000000000000000000003B
:10854000000000000000000000000000000000002B
:10855000000000000000000000000000000000001B
:10856000000000000000000000000000000000000B
:1085700000000000000000000000000000000000FB
:1085800000000000000000000000000000000000EB
:1085900000000000000000000000000000000000DB
:1085A00000000000000000000000000000000000CB
:1085B00000000000000000000000000000000000BB
:1085C00000000000000000000000000000000000AB
:1085D000000000000000000000000000000000009B
:1085E000000000000000000000000000000000008B
:1085F000000000000000000000000000000000007B
:10860000000000000000000000000000000000006A
:10861000000000000000000000000000000000005A
:10862000000000000000000000000000000000004A
:10863000000000000000000000000000000000003A
:10864000000000000000000000000000000000002A
:10865000000000000000000000000000000000001A
:10866000000000000000000000000000000000000A
:1086700000000000000000000000000000000000FA
:1086800000000000000000000000000000000000EA
:1086900000000000000000000000000000000000DA
:1086A00000000000000000000000000000000000CA
:1086B00000000000000000000000000000000000BA
:1086C00000000000000000000000000000000000AA
:1086D000000000000000000000000000000000009A
:1086E000000000000000000000000000000000008A
:1086F000000000000000000000000000000000007A
:108700000000000000000000000000000000000069
:108710000000000000000000000000000000000059
:108720000000000000000000000000000000000049
:108730000000000000000000000000000000000039
:108740000000000000000000000000000000000029
:108750000000000000000000000000000000000019
:108760000000000000000000000000000000000009
:1087700000000000000000000000000000000000F9
:1087800000000000000000000000000000000000E9
:1087900000000000000000000000000000000000D9
:1087A00000000000000000000000000000000000C9
:1087B00000000000000000000000000000000000B9
:1087C00000000000000000000000000000000000A9
:1087D0000000000000000000000000000000000099
:1087E0000000000000000000000000000000000089
:1087F0000000000000000000000000000000000079
:108800000000000000000000000000000000000068
:108810000000000000000000000000000000000058
:108820000000000000000000000000000000000048
:108830000000000000000000000000000000000038
:108840000000000000000000000000000000000028
:108850000000000000000000000000000000000018
:108860000000000000000000000000000000000008
:1088700000000000000000000000000000000000F8
:1088800000000000000000000000000000000000E8
:1088900000000000000000000000000000000000D8
:1088A00000000000000000000000000000000000C8
:1088B00000000000000000000000000000000000B8
:1088C00000000000000000000000000000000000A8
:1088D0000000000000000000000000000000000098
:1088E0000000000000000000000000000000000088
:1088F0000000000000000000000000000000000078
:108900000000000000000000000000000000000067
:108910000000000000000000000000000000000057
:108920000000000000000000000000000000000047
:108930000000000000000000000000000000000037
:108940000000000000000000000000000000000027
:108950000000000000000000000000000000000017
:108960000000000000000000000000000000000007
:1089700000000000000000000000000000000000F7
:1089800000000000000000000000000000000000E7
:1089900000000000000000000000000000000000D7
:1089A00000000000000000000000000000000000C7
:1089B00000000000000000000000000000000000B7
:1089C00000000000000000000000000000000000A7
:1089D0000000000000000000000000000000000097
:1089E0000000000000000000000000000000000087
:1089F0000000000000000000000000000000000077
:108A00000000000000000000000000000000000066
:108A10000000000000000000000000000000000056
:108A20000000000000000000000000000000000046
:108A30000000000000000000000000000000000036
:108A40000000000000000000000000000000000026
:108A50000000000000000000000000000000000016
:108A60000000000000000000000000000000000006
:108A700000000000000000000000000000000000F6
:108A800000000000000000000000000000000000E6
:108A900000000000000000000000000000000000D6
:108AA00000000000000000000000000000000000C6
:108AB00000000000000000000000000000000000B6
:108AC00000000000000000000000000000000000A6
:108AD0000000000000000000000000000000000096
:108AE0000000000000000000000000000000000086
:108AF0000000000000000000000000000000000076
:108B00000000000000000000000000000000000065
:108B10000000000000000000000000000000000055
:108B20000000000000000000000000000000000045
:108B30000000000000000000000000000000000035
:108B40000000000000000000000000000000000025
:108B50000000000000000000000000000000000015
:108B60000000000000000000000000000000000005
:108B700000000000000000000000000000000000F5
:108B800000000000000000000000000000000000E5
:108B900000000000000000000000000000000000D5
:108BA00000000000000000000000000000000000C5
:108BB00000000000000000000000000000000000B5
:108BC00000000000000000000000000000000000A5
:108BD0000000000000000000000000000000000095
:108BE0000000000000000000000000000000000085
:108BF0000000000000000000000000000000000075
:108C00000000000000000000000000000000000064
:108C10000000000000000000000000000000000054
:108C20000000000000000000000000000000000044
:108C30000000000000000000000000000000000034
:108C40000000000000000000000000000000000024
:108C50000000000000000000000000000000000014
:108C60000000000000000000000000000000000004
:108C700000000000000000000000000000000000F4
:108C800000000000000000000000000000000000E4
:108C900000000000000000000000000000000000D4
:108CA00000000000000000000000000000000000C4
:108CB00000000000000000000000000000000000B4
:108CC00000000000000000000000000000000000A4
:108CD0000000000000000000000000000000000094
:108CE0000000000000000000000000000000000084
:108CF0000000000000000000000000000000000074
:108D00000000000000000000000000000000000063
:108D10000000000000000000000000000000000053
:108D20000000000000000000000000000000000043
:108D30000000000000000000000000000000000033
:108D40000000000000000000000000000000000023
:108D50000000000000000000000000000000000013
:108D60000000000000000000000000000000000003
:108D700000000000000000000000000000000000F3
:108D800000000000000000000000000000000000E3
:108D900000000000000000000000000000000000D3
:108DA00000000000000000000000000000000000C3
:108DB00000000000000000000000000000000000B3
:108DC00000000000000000000000000000000000A3
:108DD0000000000000000000000000000000000093
:108DE0000000000000000000000000000000000083
:108DF0000000000000000000000000000000000073
:108E00000000000000000000000000000000000062
:108E10000000000000000000000000000000000052
:108E20000000000000000000000000000000000042
:108E30000000000000000000000000000000000032
:108E40000000000000000000000000000000000022
:108E50000000000000000000000000000000000012
:108E60000000000000000000000000000000000002
:108E700000000000000000000000000000000000F2
:108E800000000000000000000000000000000000E2
:108E900000000000000000000000000000000000D2
:108EA00000000000000000000000000000000000C2
:108EB00000000000000000000000000000000000B2
:108EC00000000000000000000000000000000000A2
:108ED0000000000000000000000000000000000092
:108EE0000000000000000000000000000000000082
:108EF0000000000000000000000000000000000072
:108F00000000000000000000000000000000000061
:108F10000000000000000000000000000000000051
:108F20000000000000000000000000000000000041
:108F30000000000000000000000000000000000031
:108F40000000000000000000000000000000000021
:108F50000000000000000000000000000000000011
:108F60000000000000000000000000000000000001
:108F700000000000000000000000000000000000F1
:108F800000000000000000000000000000000000E1
:108F900000000000000000000000000000000000D1
:108FA00000000000000000000000000000000000C1
:108FB00000000000000000000000000000000000B1
:108FC00000000000000000000000000000000000A1
:108FD0000000000000000000000000000000000091
:108FE0000000000000000000000000000000000081
:108FF0000000000000000000000000000000000071
:109000000000000000000000000000000000000060
:109010000000000000000000000000000000000050
:109020000000000000000000000000000000000040
:109030000000000000000000000000000000000030
:109040000000000000000000000000000000000020
:109050000000000000000000000000000000000010
:109060000000000000000000000000000000000000
:1090700000000000000000000000000000000000F0
:1090800000000000000000000000000000000000E0
:1090900000000000000000000000000000000000D0
:1090A00000000000000000000000000000000000C0
:1090B00000000000000000000000000000000000B0
:1090C00000000000000000000000000000000000A0
:1090D0000000000000000000000000000000000090
:1090E0000000000000000000000000000000000080
:1090F0000000000000000000000000000000000070
:10910000000000000000000000000000000000005F
:10911000000000000000000000000000000000004F
:10912000000000000000000000000000000000003F
:10913000000000000000000000000000000000002F
:10914000000000000000000000000000000000001F
:10915000000000000000000000000000000000000F
:1091600000000000000000000000000000000000FF
:1091700000000000000000000000000000000000EF
:1091800000000000000000000000000000000000DF
:1091900000000000000000000000000000000000CF
:1091A00000000000000000000000000000000000BF
:1091B00000000000000000000000000000000000AF
:1091C000000000000000000000000000000000009F
:1091D000000000000000000000000000000000008F
:1091E000000000000000000000000000000000007F
:1091F000000000000000000000000000000000006F
:10920000000000000000000000000000000000005E
:10921000000000000000000000000000000000004E
:10922000000000000000000000000000000000003E
:10923000000000000000000000000000000000002E
:10924000000000000000000000000000000000001E
:10925000000000000000000000000000000000000E
:1092600000000000000000000000000000000000FE
:1092700000000000000000000000000000000000EE
:1092800000000000000000000000000000000000DE
:1092900000000000000000000000000000000000CE
:1092A00000000000000000000000000000000000BE
:1092B00000000000000000000000000000000000AE
:1092C000000000000000000000000000000000009E
:1092D000000000000000000000000000000000008E
:1092E000000000000000000000000000000000007E
:1092F000000000000000000000000000000000006E
:10930000000000000000000000000000000000005D
:10931000000000000000000000000000000000004D
:10932000000000000000000000000000000000003D
:10933000000000000000000000000000000000002D
:10934000000000000000000000000000000000001D
:10935000000000000000000000000000000000000D
:1093600000000000000000000000000000000000FD
:1093700000000000000000000000000000000000ED
:1093800000000000000000000000000000000000DD
:1093900000000000000000000000000000000000CD
:1093A00000000000000000000000000000000000BD
:1093B00000000000000000000000000000000000AD
:1093C000000000000000000000000000000000009D
:1093D000000000000000000000000000000000008D
:1093E000000000000000000000000000000000007D
:1093F000000000000000000000000000000000006D
:10940000000000000000000000000000000000005C
:10941000000000000000000000000000000000004C
:10942000000000000000000000000000000000003C
:10943000000000000000000000000000000000002C
:10944000000000000000000000000000000000001C
:10945000000000000000000000000000000000000C
:1094600000000000000000000000000000000000FC
:1094700000000000000000000000000000000000EC
:1094800000000000000000000000000000000000DC
:1094900000000000000000000000000000000000CC
:1094A00000000000000000000000000000000000BC
:1094B00000000000000000000000000000000000AC
:1094C000000000000000000000000000000000009C
:1094D000000000000000000000000000000000008C
:1094E000000000000000000000000000000000007C
:1094F000000000000000000000000000000000006C
:10950000000000000000000000000000000000005B
:10951000000000000000000000000000000000004B
:10952000000000000000000000000000000000003B
:10953000000000000000000000000000000000002B
:10954000000000000000000000000000000000001B
:10955000000000000000000000000000000000000B
:1095600000000000000000000000000000000000FB
:1095700000000000000000000000000000000000EB
:1095800000000000000000000000000000000000DB
:1095900000000000000000000000000000000000CB
:1095A00000000000000000000000000000000000BB
:1095B00000000000000000000000000000000000AB
:1095C000000000000000000000000000000000009B
:1095D000000000000000000000000000000000008B
:1095E000000000000000000000000000000000007B
:1095F000000000000000000000000000000000006B
:10960000000000000000000000000000000000005A
:10961000000000000000000000000000000000004A
:10962000000000000000000000000000000000003A
:10963000000000000000000000000000000000002A
:10964000000000000000000000000000000000001A
:10965000000000000000000000000000000000000A
:1096600000000000000000000000000000000000FA
:1096700000000000000000000000000000000000EA
:1096800000000000000000000000000000000000DA
:1096900000000000000000000000000000000000CA
:1096A00000000000000000000000000000000000BA
:1096B00000000000000000000000000000000000AA
:1096C000000000000000000000000000000000009A
:1096D000000000000000000000000000000000008A
:1096E000000000000000000000000000000000007A
:1096F000000000000000000000000000000000006A
:109700000000000000000000000000000000000059
:109710000000000000000000000000000000000049
:109720000000000000000000000000000000000039
:109730000000000000000000000000000000000029
:109740000000000000000000000000000000000019
:109750000000000000000000000000000000000009
:1097600000000000000000000000000000000000F9
:1097700000000000000000000000000000000000E9
:1097800000000000000000000000000000000000D9
:1097900000000000000000000000000000000000C9
:1097A00000000000000000000000000000000000B9
:1097B00000000000000000000000000000000000A9
:1097C0000000000000000000000000000000000099
:1097D0000000000000000000000000000000000089
:1097E0000000000000000000000000000000000079
:1097F0000000000000000000000000000000000069
:109800000000000000000000000000000000000058
:109810000000000000000000000000000000000048
:109820000000000000000000000000000000000038
:109830000000000000000000000000000000000028
:109840000000000000000000000000000000000018
:109850000000000000000000000000000000000008
:1098600000000000000000000000000000000000F8
:1098700000000000000000000000000000000000E8
:1098800000000000000000000000000000000000D8
:1098900000000000000000000000000000000000C8
:1098A00000000000000000000000000000000000B8
:1098B00000000000000000000000000000000000A8
:1098C0000000000000000000000000000000000098
:1098D0000000000000000000000000000000000088
:1098E0000000000000000000000000000000000078
:1098F0000000000000000000000000000000000068
:109900000000000000000000000000000000000057
:109910000000000000000000000000000000000047
:109920000000000000000000000000000000000037
:109930000000000000000000000000000000000027
:109940000000000000000000000000000000000017
:109950000000000000000000000000000000000007
:1099600000000000000000000000000000000000F7
:1099700000000000000000000000000000000000E7
:1099800000000000000000000000000000000000D7
:1099900000000000000000000000000000000000C7
:1099A00000000000000000000000000000000000B7
:1099B00000000000000000000000000000000000A7
:1099C0000000000000000000000000000000000097
:1099D0000000000000000000000000000000000087
:1099E0000000000000000000000000000000000077
:1099F0000000000000000000000000000000000067
:109A00000000000000000000000000000000000056
:109A10000000000000000000000000000000000046
:109A20000000000000000000000000000000000036
:109A30000000000000000000000000000000000026
:109A40000000000000000000000000000000000016
:109A50000000000000000000000000000000000006
:109A600000000000000000000000000000000000F6
:109A700000000000000000000000000000000000E6
:109A800000000000000000000000000000000000D6
:109A900000000000000000000000000000000000C6
:109AA00000000000000000000000000000000000B6
:109AB00000000000000000000000000000000000A6
:109AC0000000000000000000000000000000000096
:109AD0000000000000000000000000000000000086
:109AE0000000000000000000000000000000000076
:109AF0000000000000000000000000000000000066
:109B00000000000000000000000000000000000055
:109B10000000000000000000000000000000000045
:109B20000000000000000000000000000000000035
:109B30000000000000000000000000000000000025
:109B40000000000000000000000000000000000015
:109B50000000000000000000000000000000000005
:109B600000000000000000000000000000000000F5
:109B700000000000000000000000000000000000E5
:109B800000000000000000000000000000000000D5
:109B900000000000000000000000000000000000C5
:109BA00000000000000000000000000000000000B5
:109BB00000000000000000000000000000000000A5
:109BC0000000000000000000000000000000000095
:109BD0000000000000000000000000000000000085
:109BE0000000000000000000000000000000000075
:109BF0000000000000000000000000000000000065
:109C00000000000000000000000000000000000054
:109C10000000000000000000000000000000000044
:109C20000000000000000000000000000000000034
:109C30000000000000000000000000000000000024
:109C40000000000000000000000000000000000014
:109C50000000000000000000000000000000000004
:109C600000000000000000000000000000000000F4
:109C700000000000000000000000000000000000E4
:109C800000000000000000000000000000000000D4
:109C900000000000000000000000000000000000C4
:109CA00000000000000000000000000000000000B4
:109CB00000000000000000000000000000000000A4
:109CC0000000000000000000000000000000000094
:109CD0000000000000000000000000000000000084
:109CE0000000000000000000000000000000000074
:109CF0000000000000000000000000000000000064
:109D00000000000000000000000000000000000053
:109D10000000000000000000000000000000000043
:109D20000000000000000000000000000000000033
:109D30000000000000000000000000000000000023
:109D40000000000000000000000000000000000013
:109D50000000000000000000000000000000000003
:109D600000000000000000000000000000000000F3
:109D700000000000000000000000000000000000E3
:109D800000000000000000000000000000000000D3
:109D900000000000000000000000000000000000C3
:109DA00000000000000000000000000000000000B3
:109DB00000000000000000000000000000000000A3
:109DC0000000000000000000000000000000000093
:109DD0000000000000000000000000000000000083
:109DE0000000000000000000000000000000000073
:109DF0000000000000000000000000000000000063
:109E00000000000000000000000000000000000052
:109E10000000000000000000000000000000000042
:109E20000000000000000000000000000000000032
:109E30000000000000000000000000000000000022
:109E40000000000000000000000000000000000012
:109E50000000000000000000000000000000000002
:109E600000000000000000000000000000000000F2
:109E700000000000000000000000000000000000E2
:109E800000000000000000000000000000000000D2
:109E900000000000000000000000000000000000C2
:109EA00000000000000000000000000000000000B2
:109EB00000000000000000000000000000000000A2
:109EC0000000000000000000000000000000000092
:109ED0000000000000000000000000000000000082
:109EE0000000000000000000000000000000000072
:109EF0000000000000000000000000000000000062
:109F00000000000000000000000000000000000051
:109F10000000000000000000000000000000000041
:109F20000000000000000000000000000000000031
:109F30000000000000000000000000000000000021
:109F40000000000000000000000000000000000011
:109F50000000000000000000000000000000000001
:109F600000000000000000000000000000000000F1
:109F700000000000000000000000000000000000E1
:109F800000000000000000000000000000000000D1
:109F900000000000000000000000000000000000C1
:109FA00000000000000000000000000000000000B1
:109FB00000000000000000000000000000000000A1
:109FC0000000000000000000000000000000000091
:109FD0000000000000000000000000000000000081
:109FE0000000000000000000000000000000000071
:109FF0000000000000000000000000000000000061
:10A000000000000000000000000000000000000050
:10A010000000000000000000000000000000000040
:10A020000000000000000000000000000000000030
:10A030000000000000000000000000000000000020
:10A040000000000000000000000000000000000010
:10A050000000000000000000000000000000000000
:10A0600000000000000000000000000000000000F0
:10A0700000000000000000000000000000000000E0
:10A0800000000000000000000000000000000000D0
:10A0900000000000000000000000000000000000C0
:10A0A00000000000000000000000000000000000B0
:10A0B00000000000000000000000000000000000A0
:10A0C0000000000000000000000000000000000090
:10A0D0000000000000000000000000000000000080
:10A0E0000000000000000000000000000000000070
:10A0F0000000000000000000000000000000000060
:10A10000000000000000000000000000000000004F
:10A11000000000000000000000000000000000003F
:10A12000000000000000000000000000000000002F
:10A13000000000000000000000000000000000001F
:10A14000000000000000000000000000000000000F
:10A1500000000000000000000000000000000000FF
:10A1600000000000000000000000000000000000EF
:10A1700000000000000000000000000000000000DF
:10A1800000000000000000000000000000000000CF
:10A1900000000000000000000000000000000000BF
:10A1A00000000000000000000000000000000000AF
:10A1B000000000000000000000000000000000009F
:10A1C000000000000000000000000000000000008F
:10A1D000000000000000000000000000000000007F
:10A1E000000000000000000000000000000000006F
:10A1F000000000000000000000000000000000005F
:10A20000000000000000000000000000000000004E
:10A21000000000000000000000000000000000003E
:10A22000000000000000000000000000000000002E
:10A23000000000000000000000000000000000001E
:10A24000000000000000000000000000000000000E
:10A2500000000000000000000000000000000000FE
:10A2600000000000000000000000000000000000EE
:10A2700000000000000000000000000000000000DE
:10A2800000000000000000000000000000000000CE
:10A2900000000000000000000000000000000000BE
:10A2A00000000000000000000000000000000000AE
:10A2B000000000000000000000000000000000009E
:10A2C000000000000000000000000000000000008E
:10A2D000000000000000000000000000000000007E
:10A2E000000000000000000000000000000000006E
:10A2F000000000000000000000000000000000005E
:10A30000000000000000000000000000000000004D
:10A31000000000000000000000000000000000003D
:10A32000000000000000000000000000000000002D
:10A33000000000000000000000000000000000001D
:10A34000000000000000000000000000000000000D
:10A3500000000000000000000000000000000000FD
:10A3600000000000000000000000000000000000ED
:10A3700000000000000000000000000000000000DD
:10A3800000000000000000000000000000000000CD
:10A3900000000000000000000000000000000000BD
:10A3A00000000000000000000000000000000000AD
:10A3B000000000000000000000000000000000009D
:10A3C000000000000000000000000000000000008D
:10A3D000000000000000000000000000000000007D
:10A3E000000000000000000000000000000000006D
:10A3F000000000000000000000000000000000005D
:10A40000000000000000000000000000000000004C
:10A41000000000000000000000000000000000003C
:10A42000000000000000000000000000000000002C
:10A43000000000000000000000000000000000001C
:10A44000000000000000000000000000000000000C
:10A4500000000000000000000000000000000000FC
:10A4600000000000000000000000000000000000EC
:10A4700000000000000000000000000000000000DC
:10A4800000000000000000000000000000000000CC
:10A4900000000000000000000000000000000000BC
:10A4A00000000000000000000000000000000000AC
:10A4B000000000000000000000000000000000009C
:10A4C000000000000000000000000000000000008C
:10A4D000000000000000000000000000000000007C
:10A4E000000000000000000000000000000000006C
:10A4F000000000000000000000000000000000005C
:10A50000000000000000000000000000000000004B
:10A51000000000000000000000000000000000003B
:10A52000000000000000000000000000000000002B
:10A53000000000000000000000000000000000001B
:10A54000000000000000000000000000000000000B
:10A5500000000000000000000000000000000000FB
:10A5600000000000000000000000000000000000EB
:10A5700000000000000000000000000000000000DB
:10A5800000000000000000000000000000000000CB
:10A5900000000000000000000000000000000000BB
:10A5A00000000000000000000000000000000000AB
:10A5B000000000000000000000000000000000009B
:10A5C000000000000000000000000000000000008B
:10A5D000000000000000000000000000000000007B
:10A5E000000000000000000000000000000000006B
:10A5F000000000000000000000000000000000005B
:10A60000000000000000000000000000000000004A
:10A61000000000000000000000000000000000003A
:10A62000000000000000000000000000000000002A
:10A63000000000000000000000000000000000001A
:10A64000000000000000000000000000000000000A
:10A6500000000000000000000000000000000000FA
:10A6600000000000000000000000000000000000EA
:10A6700000000000000000000000000000000000DA
:10A6800000000000000000000000000000000000CA
:10A6900000000000000000000000000000000000BA
:10A6A00000000000000000000000000000000000AA
:10A6B000000000000000000000000000000000009A
:10A6C000000000000000000000000000000000008A
:10A6D000000000000000000000000000000000007A
:10A6E000000000000000000000000000000000006A
:10A6F000000000000000000000000000000000005A
:10A700000000000000000000000000000000000049
:10A710000000000000000000000000000000000039
:10A720000000000000000000000000000000000029
:10A730000000000000000000000000000000000019
:10A740000000000000000000000000000000000009
:10A7500000000000000000000000000000000000F9
:10A7600000000000000000000000000000000000E9
:10A7700000000000000000000000000000000000D9
:10A7800000000000000000000000000000000000C9
:10A7900000000000000000000000000000000000B9
:10A7A00000000000000000000000000000000000A9
:10A7B0000000000000000000000000000000000099
:10A7C0000000000000000000000000000000000089
:10A7D0000000000000000000000000000000000079
:10A7E0000000000000000000000000000000000069
:10A7F0000000000000000000000000000000000059
:10A800000000000000000000000000000000000048
:10A810000000000000000000000000000000000038
:10A820000000000000000000000000000000000028
:10A830000000000000000000000000000000000018
:10A840000000000000000000000000000000000008
:10A8500000000000000000000000000000000000F8
:10A8600000000000000000000000000000000000E8
:10A8700000000000000000000000000000000000D8
:10A8800000000000000000000000000000000000C8
:10A8900000000000000000000000000000000000B8
:10A8A00000000000000000000000000000000000A8
:10A8B0000000000000000000000000000000000098
:10A8C0000000000000000000000000000000000088
:10A8D0000000000000000000000000000000000078
:10A8E0000000000000000000000000000000000068
:10A8F0000000000000000000000000000000000058
:10A900000000000000000000000000000000000047
:10A910000000000000000000000000000000000037
:10A920000000000000000000000000000000000027
:10A930000000000000000000000000000000000017
:10A940000000000000000000000000000000000007
:10A9500000000000000000000000000000000000F7
:10A9600000000000000000000000000000000000E7
:10A9700000000000000000000000000000000000D7
:10A9800000000000000000000000000000000000C7
:10A9900000000000000000000000000000000000B7
:10A9A00000000000000000000000000000000000A7
:10A9B0000000000000000000000000000000000097
:10A9C0000000000000000000000000000000000087
:10A9D0000000000000000000000000000000000077
:10A9E0000000000000000000000000000000000067
:10A9F0000000000000000000000000000000000057
:10AA00000000000000000000000000000000000046
:10AA10000000000000000000000000000000000036
:10AA20000000000000000000000000000000000026
:10AA30000000000000000000000000000000000016
:10AA40000000000000000000000000000000000006
:10AA500000000000000000000000000000000000F6
:10AA600000000000000000000000000000000000E6
:10AA700000000000000000000000000000000000D6
:10AA800000000000000000000000000000000000C6
:10AA900000000000000000000000000000000000B6
:10AAA00000000000000000000000000000000000A6
:10AAB0000000000000000000000000000000000096
:10AAC0000000000000000000000000000000000086
:10AAD0000000000000000000000000000000000076
:10AAE0000000000000000000000000000000000066
:10AAF0000000000000000000000000000000000056
:10AB00000000000000000000000000000000000045
:10AB10000000000000000000000000000000000035
:10AB20000000000000000000000000000000000025
:10AB30000000000000000000000000000000000015
:10AB40000000000000000000000000000000000005
:10AB500000000000000000000000000000000000F5
:10AB600000000000000000000000000000000000E5
:10AB700000000000000000000000000000000000D5
:10AB800000000000000000000000000000000000C5
:10AB900000000000000000000000000000000000B5
:10ABA00000000000000000000000000000000000A5
:10ABB0000000000000000000000000000000000095
:10ABC0000000000000000000000000000000000085
:10ABD0000000000000000000000000000000000075
:10ABE0000000000000000000000000000000000065
:10ABF0000000000000000000000000000000000055
:10AC00000000000000000000000000000000000044
:10AC10000000000000000000000000000000000034
:10AC20000000000000000000000000000000000024
:10AC30000000000000000000000000000000000014
:10AC40000000000000000000000000000000000004
:10AC500000000000000000000000000000000000F4
:10AC600000000000000000000000000000000000E4
:10AC700000000000000000000000000000000000D4
:10AC800000000000000000000000000000000000C4
:10AC900000000000000000000000000000000000B4
:10ACA00000000000000000000000000000000000A4
:10ACB0000000000000000000000000000000000094
:10ACC0000000000000000000000000000000000084
:10ACD0000000000000000000000000000000000074
:10ACE0000000000000000000000000000000000064
:10ACF0000000000000000000000000000000000054
:10AD00000000000000000000000000000000000043
:10AD10000000000000000000000000000000000033
:10AD20000000000000000000000000000000000023
:10AD30000000000000000000000000000000000013
:10AD40000000000000000000000000000000000003
:10AD500000000000000000000000000000000000F3
:10AD600000000000000000000000000000000000E3
:10AD700000000000000000000000000000000000D3
:10AD800000000000000000000000000000000000C3
:10AD900000000000000000000000000000000000B3
:10ADA00000000000000000000000000000000000A3
:10ADB0000000000000000000000000000000000093
:10ADC0000000000000000000000000000000000083
:10ADD0000000000000000000000000000000000073
:10ADE0000000000000000000000000000000000063
:10ADF0000000000000000000000000000000000053
:10AE00000000000000000000000000000000000042
:10AE10000000000000000000000000000000000032
:10AE20000000000000000000000000000000000022
:10AE30000000000000000000000000000000000012
:10AE40000000000000000000000000000000000002
:10AE500000000000000000000000000000000000F2
:10AE600000000000000000000000000000000000E2
:10AE700000000000000000000000000000000000D2
:10AE800000000000000000000000000000000000C2
:10AE900000000000000000000000000000000000B2
:10AEA00000000000000000000000000000000000A2
:10AEB0000000000000000000000000000000000092
:10AEC0000000000000000000000000000000000082
:10AED0000000000000000000000000000000000072
:10AEE0000000000000000000000000000000000062
:10AEF0000000000000000000000000000000000052
:10AF00000000000000000000000000000000000041
:10AF10000000000000000000000000000000000031
:10AF20000000000000000000000000000000000021
:10AF30000000000000000000000000000000000011
:10AF40000000000000000000000000000000000001
:10AF500000000000000000000000000000000000F1
:10AF600000000000000000000000000000000000E1
:10AF700000000000000000000000000000000000D1
:10AF800000000000000000000000000000000000C1
:10AF900000000000000000000000000000000000B1
:10AFA00000000000000000000000000000000000A1
:10AFB0000000000000000000000000000000000091
:10AFC0000000000000000000000000000000000081
:10AFD0000000000000000000000000000000000071
:10AFE0000000000000000000000000000000000061
:10AFF0000000000000000000000000000000000051
:10B000000000000000000000000000000000000040
:10B010000000000000000000000000000000000030
:10B020000000000000000000000000000000000020
:10B030000000000000000000000000000000000010
:10B040000000000000000000000000000000000000
:10B0500000000000000000000000000000000000F0
:10B0600000000000000000000000000000000000E0
:10B0700000000000000000000000000000000000D0
:10B0800000000000000000000000000000000000C0
:10B0900000000000000000000000000000000000B0
:10B0A00000000000000000000000000000000000A0
:10B0B0000000000000000000000000000000000090
:10B0C0000000000000000000000000000000000080
:10B0D0000000000000000000000000000000000070
:10B0E0000000000000000000000000000000000060
:10B0F0000000000000000000000000000000000050
:10B10000000000000000000000000000000000003F
:10B11000000000000000000000000000000000002F
:10B12000000000000000000000000000000000001F
:10B13000000000000000000000000000000000000F
:10B1400000000000000000000000000000000000FF
:10B1500000000000000000000000000000000000EF
:10B1600000000000000000000000000000000000DF
:10B1700000000000000000000000000000000000CF
:10B1800000000000000000000000000000000000BF
:10B1900000000000000000000000000000000000AF
:10B1A000000000000000000000000000000000009F
:10B1B000000000000000000000000000000000008F
:10B1C000000000000000000000000000000000007F
:10B1D000000000000000000000000000000000006F
:10B1E000000000000000000000000000000000005F
:10B1F000000000000000000000000000000000004F
:10B20000000000000000000000000000000000003E
:10B21000000000000000000000000000000000002E
:10B22000000000000000000000000000000000001E
:10B23000000000000000000000000000000000000E
:10B2400000000000000000000000000000000000FE
:10B2500000000000000000000000000000000000EE
:10B2600000000000000000000000000000000000DE
:10B2700000000000000000000000000000000000CE
:10B2800000000000000000000000000000000000BE
:10B2900000000000000000000000000000000000AE
:10B2A000000000000000000000000000000000009E
:10B2B000000000000000000000000000000000008E
:10B2C000000000000000000000000000000000007E
:10B2D000000000000000000000000000000000006E
:10B2E000000000000000000000000000000000005E
:10B2F000000000000000000000000000000000004E
:10B30000000000000000000000000000000000003D
:10B31000000000000000000000000000000000002D
:10B32000000000000000000000000000000000001D
:10B33000000000000000000000000000000000000D
:10B3400000000000000000000000000000000000FD
:10B3500000000000000000000000000000000000ED
:10B3600000000000000000000000000000000000DD
:10B3700000000000000000000000000000000000CD
:10B3800000000000000000000000000000000000BD
:10B3900000000000000000000000000000000000AD
:10B3A000000000000000000000000000000000009D
:10B3B000000000000000000000000000000000008D
:10B3C000000000000000000000000000000000007D
:10B3D000000000000000000000000000000000006D
:10B3E000000000000000000000000000000000005D
:10B3F000000000000000000000000000000000004D
:10B40000000000000000000000000000000000003C
:10B41000000000000000000000000000000000002C
:10B42000000000000000000000000000000000001C
:10B43000000000000000000000000000000000000C
:10B4400000000000000000000000000000000000FC
:10B4500000000000000000000000000000000000EC
:10B4600000000000000000000000000000000000DC
:10B4700000000000000000000000000000000000CC
:10B4800000000000000000000000000000000000BC
:10B4900000000000000000000000000000000000AC
:10B4A000000000000000000000000000000000009C
:10B4B000000000000000000000000000000000008C
:10B4C000000000000000000000000000000000007C
:10B4D000000000000000000000000000000000006C
:10B4E000000000000000000000000000000000005C
:10B4F000000000000000000000000000000000004C
:10B50000000000000000000000000000000000003B
:10B51000000000000000000000000000000000002B
:10B52000000000000000000000000000000000001B
:10B53000000000000000000000000000000000000B
:10B5400000000000000000000000000000000000FB
:10B5500000000000000000000000000000000000EB
:10B5600000000000000000000000000000000000DB
:10B5700000000000000000000000000000000000CB
:10B5800000000000000000000000000000000000BB
:10B5900000000000000000000000000000000000AB
:10B5A000000000000000000000000000000000009B
:10B5B000000000000000000000000000000000008B
:10B5C000000000000000000000000000000000007B
:10B5D000000000000000000000000000000000006B
:10B5E000000000000000000000000000000000005B
:10B5F000000000000000000000000000000000004B
:10B60000000000000000000000000000000000003A
:10B61000000000000000000000000000000000002A
:10B62000000000000000000000000000000000001A
:10B63000000000000000000000000000000000000A
:10B6400000000000000000000000000000000000FA
:10B6500000000000000000000000000000000000EA
:10B6600000000000000000000000000000000000DA
:10B6700000000000000000000000000000000000CA
:10B6800000000000000000000000000000000000BA
:10B6900000000000000000000000000000000000AA
:10B6A000000000000000000000000000000000009A
:10B6B000000000000000000000000000000000008A
:10B6C000000000000000000000000000000000007A
:10B6D000000000000000000000000000000000006A
:10B6E000000000000000000000000000000000005A
:10B6F000000000000000000000000000000000004A
:10B700000000000000000000000000000000000039
:10B710000000000000000000000000000000000029
:10B720000000000000000000000000000000000019
:10B730000000000000000000000000000000000009
:10B7400000000000000000000000000000000000F9
:10B7500000000000000000000000000000000000E9
:10B7600000000000000000000000000000000000D9
:10B7700000000000000000000000000000000000C9
:10B7800000000000000000000000000000000000B9
:10B7900000000000000000000000000000000000A9
:10B7A0000000000000000000000000000000000099
:10B7B0000000000000000000000000000000000089
:10B7C0000000000000000000000000000000000079
:10B7D0000000000000000000000000000000000069
:10B7E0000000000000000000000000000000000059
:10B7F0000000000000000000000000000000000049
:10B800000000000000000000000000000000000038
:10B810000000000000000000000000000000000028
:10B820000000000000000000000000000000000018
:10B830000000000000000000000000000000000008
:10B8400000000000000000000000000000000000F8
:10B8500000000000000000000000000000000000E8
:10B8600000000000000000000000000000000000D8
:10B8700000000000000000000000000000000000C8
:10B8800000000000000000000000000000000000B8
:10B8900000000000000000000000000000000000A8
:10B8A0000000000000000000000000000000000098
:10B8B0000000000000000000000000000000000088
:10B8C0000000000000000000000000000000000078
:10B8D0000000000000000000000000000000000068
:10B8E0000000000000000000000000000000000058
:10B8F0000000000000000000000000000000000048
:10B900000000000000000000000000000000000037
:10B910000000000000000000000000000000000027
:10B920000000000000000000000000000000000017
:10B930000000000000000000000000000000000007
:10B9400000000000000000000000000000000000F7
:10B9500000000000000000000000000000000000E7
:10B9600000000000000000000000000000000000D7
:10B9700000000000000000000000000000000000C7
:10B9800000000000000000000000000000000000B7
:10B9900000000000000000000000000000000000A7
:10B9A0000000000000000000000000000000000097
:10B9B0000000000000000000000000000000000087
:10B9C0000000000000000000000000000000000077
:10B9D0000000000000000000000000000000000067
:10B9E0000000000000000000000000000000000057
:10B9F0000000000000000000000000000000000047
:10BA00000000000000000000000000000000000036
:10BA10000000000000000000000000000000000026
:10BA20000000000000000000000000000000000016
:10BA30000000000000000000000000000000000006
:10BA400000000000000000000000000000000000F6
:10BA500000000000000000000000000000000000E6
:10BA600000000000000000000000000000000000D6
:10BA700000000000000000000000000000000000C6
:10BA800000000000000000000000000000000000B6
:10BA900000000000000000000000000000000000A6
:10BAA0000000000000000000000000000000000096
:10BAB0000000000000000000000000000000000086
:10BAC0000000000000000000000000000000000076
:10BAD0000000000000000000000000000000000066
:10BAE0000000000000000000000000000000000056
:10BAF0000000000000000000000000000000000046
:10BB00000000000000000000000000000000000035
:10BB10000000000000000000000000000000000025
:10BB20000000000000000000000000000000000015
:10BB30000000000000000000000000000000000005
:10BB400000000000000000000000000000000000F5
:10BB500000000000000000000000000000000000E5
:10BB600000000000000000000000000000000000D5
:10BB700000000000000000000000000000000000C5
:10BB800000000000000000000000000000000000B5
:10BB900000000000000000000000000000000000A5
:10BBA0000000000000000000000000000000000095
:10BBB0000000000000000000000000000000000085
:10BBC0000000000000000000000000000000000075
:10BBD0000000000000000000000000000000000065
:10BBE0000000000000000000000000000000000055
:10BBF0000000000000000000000000000000000045
:10BC00000000000000000000000000000000000034
:10BC10000000000000000000000000000000000024
:10BC20000000000000000000000000000000000014
:10BC30000000000000000000000000000000000004
:10BC400000000000000000000000000000000000F4
:10BC500000000000000000000000000000000000E4
:10BC600000000000000000000000000000000000D4
:10BC700000000000000000000000000000000000C4
:10BC800000000000000000000000000000000000B4
:10BC900000000000000000000000000000000000A4
:10BCA0000000000000000000000000000000000094
:10BCB0000000000000000000000000000000000084
:10BCC0000000000000000000000000000000000074
:10BCD0000000000000000000000000000000000064
:10BCE0000000000000000000000000000000000054
:10BCF0000000000000000000000000000000000044
:10BD00000000000000000000000000000000000033
:10BD10000000000000000000000000000000000023
:10BD20000000000000000000000000000000000013
:10BD30000000000000000000000000000000000003
:10BD400000000000000000000000000000000000F3
:10BD500000000000000000000000000000000000E3
:10BD600000000000000000000000000000000000D3
:10BD700000000000000000000000000000000000C3
:10BD800000000000000000000000000000000000B3
:10BD900000000000000000000000000000000000A3
:10BDA0000000000000000000000000000000000093
:10BDB0000000000000000000000000000000000083
:10BDC0000000000000000000000000000000000073
:10BDD0000000000000000000000000000000000063
:10BDE0000000000000000000000000000000000053
:10BDF0000000000000000000000000000000000043
:10BE00000000000000000000000000000000000032
:10BE10000000000000000000000000000000000022
:10BE20000000000000000000000000000000000012
:10BE30000000000000000000000000000000000002
:10BE400000000000000000000000000000000000F2
:10BE500000000000000000000000000000000000E2
:10BE600000000000000000000000000000000000D2
:10BE700000000000000000000000000000000000C2
:10BE800000000000000000000000000000000000B2
:10BE900000000000000000000000000000000000A2
:10BEA0000000000000000000000000000000000092
:10BEB0000000000000000000000000000000000082
:10BEC0000000000000000000000000000000000072
:10BED0000000000000000000000000000000000062
:10BEE0000000000000000000000000000000000052
:10BEF0000000000000000000000000000000000042
:10BF00000000000000000000000000000000000031
:10BF10000000000000000000000000000000000021
:10BF20000000000000000000000000000000000011
:10BF30000000000000000000000000000000000001
:10BF400000000000000000000000000000000000F1
:10BF500000000000000000000000000000000000E1
:10BF600000000000000000000000000000000000D1
:10BF700000000000000000000000000000000000C1
:10BF800000000000000000000000000000000000B1
:10BF900000000000000000000000000000000000A1
:10BFA0000000000000000000000000000000000091
:10BFB0000000000000000000000000000000000081
:10BFC0000000000000000000000000000000000071
:10BFD0000000000000000000000000000000000061
:10BFE0000000000000000000000000000000000051
:10BFF0000000000000000000000000000000000041
:10C000000000000000000000000000000000000030
:10C010000000000000000000000000000000000020
:10C020000000000000000000000000000000000010
:10C030000000000000000000000000000000000000
:10C0400000000000000000000000000000000000F0
:10C0500000000000000000000000000000000000E0
:10C0600000000000000000000000000000000000D0
:10C0700000000000000000000000000000000000C0
:10C0800000000000000000000000000000000000B0
:10C0900000000000000000000000000000000000A0
:10C0A0000000000000000000000000000000000090
:10C0B0000000000000000000000000000000000080
:10C0C0000000000000000000000000000000000070
:10C0D0000000000000000000000000000000000060
:10C0E0000000000000000000000000000000000050
:10C0F0000000000000000000000000000000000040
:10C10000000000000000000000000000000000002F
:10C11000000000000000000000000000000000001F
:10C12000000000000000000000000000000000000F
:10C1300000000000000000000000000000000000FF
:10C1400000000000000000000000000000000000EF
:10C1500000000000000000000000000000000000DF
:10C1600000000000000000000000000000000000CF
:10C1700000000000000000000000000000000000BF
:10C1800000000000000000000000000000000000AF
:10C19000000000000000000000000000000000009F
:10C1A000000000000000000000000000000000008F
:10C1B000000000000000000000000000000000007F
:10C1C000000000000000000000000000000000006F
:10C1D000000000000000000000000000000000005F
:10C1E000000000000000000000000000000000004F
:10C1F000000000000000000000000000000000003F
:10C20000000000000000000000000000000000002E
:10C21000000000000000000000000000000000001E
:10C22000000000000000000000000000000000000E
:10C2300000000000000000000000000000000000FE
:10C2400000000000000000000000000000000000EE
:10C2500000000000000000000000000000000000DE
:10C2600000000000000000000000000000000000CE
:10C2700000000000000000000000000000000000BE
:10C2800000000000000000000000000000000000AE
:10C29000000000000000000000000000000000009E
:10C2A000000000000000000000000000000000008E
:10C2B000000000000000000000000000000000007E
:10C2C000000000000000000000000000000000006E
:10C2D000000000000000000000000000000000005E
:10C2E000000000000000000000000000000000004E
:10C2F000000000000000000000000000000000003E
:10C30000000000000000000000000000000000002D
:10C31000000000000000000000000000000000001D
:10C32000000000000000000000000000000000000D
:10C3300000000000000000000000000000000000FD
:10C3400000000000000000000000000000000000ED
:10C3500000000000000000000000000000000000DD
:10C3600000000000000000000000000000000000CD
:10C3700000000000000000000000000000000000BD
:10C3800000000000000000000000000000000000AD
:10C39000000000000000000000000000000000009D
:10C3A000000000000000000000000000000000008D
:10C3B000000000000000000000000000000000007D
:10C3C000000000000000000000000000000000006D
:10C3D000000000000000000000000000000000005D
:10C3E000000000000000000000000000000000004D
:10C3F000000000000000000000000000000000003D
:10C40000000000000000000000000000000000002C
:10C41000000000000000000000000000000000001C
:10C42000000000000000000000000000000000000C
:10C4300000000000000000000000000000000000FC
:10C4400000000000000000000000000000000000EC
:10C4500000000000000000000000000000000000DC
:10C4600000000000000000000000000000000000CC
:10C4700000000000000000000000000000000000BC
:10C4800000000000000000000000000000000000AC
:10C49000000000000000000000000000000000009C
:10C4A000000000000000000000000000000000008C
:10C4B000000000000000000000000000000000007C
:10C4C000000000000000000000000000000000006C
:10C4D000000000000000000000000000000000005C
:10C4E000000000000000000000000000000000004C
:10C4F000000000000000000000000000000000003C
:10C50000000000000000000000000000000000002B
:10C51000000000000000000000000000000000001B
:10C52000000000000000000000000000000000000B
:10C5300000000000000000000000000000000000FB
:10C5400000000000000000000000000000000000EB
:10C5500000000000000000000000000000000000DB
:10C5600000000000000000000000000000000000CB
:10C5700000000000000000000000000000000000BB
:10C5800000000000000000000000000000000000AB
:10C59000000000000000000000000000000000009B
:10C5A000000000000000000000000000000000008B
:10C5B000000000000000000000000000000000007B
:10C5C000000000000000000000000000000000006B
:10C5D000000000000000000000000000000000005B
:10C5E000000000000000000000000000000000004B
:10C5F000000000000000000000000000000000003B
:10C60000000000000000000000000000000000002A
:10C61000000000000000000000000000000000001A
:10C62000000000000000000000000000000000000A
:10C6300000000000000000000000000000000000FA
:10C6400000000000000000000000000000000000EA
:10C6500000000000000000000000000000000000DA
:10C6600000000000000000000000000000000000CA
:10C6700000000000000000000000000000000000BA
:10C6800000000000000000000000000000000000AA
:10C69000000000000000000000000000000000009A
:10C6A000000000000000000000000000000000008A
:10C6B000000000000000000000000000000000007A
:10C6C000000000000000000000000000000000006A
:10C6D000000000000000000000000000000000005A
:10C6E000000000000000000000000000000000004A
:10C6F000000000000000000000000000000000003A
:10C700000000000000000000000000000000000029
:10C710000000000000000000000000000000000019
:10C720000000000000000000000000000000000009
:10C7300000000000000000000000000000000000F9
:10C7400000000000000000000000000000000000E9
:10C7500000000000000000000000000000000000D9
:10C7600000000000000000000000000000000000C9
:10C7700000000000000000000000000000000000B9
:10C7800000000000000000000000000000000000A9
:10C790000000000000000000000000000000000099
:10C7A0000000000000000000000000000000000089
:10C7B0000000000000000000000000000000000079
:10C7C0000000000000000000000000000000000069
:10C7D0000000000000000000000000000000000059
:10C7E0000000000000000000000000000000000049
:10C7F0000000000000000000000000000000000039
:10C800000000000000000000000000000000000028
:10C810000000000000000000000000000000000018
:10C820000000000000000000000000000000000008
:10C8300000000000000000000000000000000000F8
:10C8400000000000000000000000000000000000E8
:10C8500000000000000000000000000000000000D8
:10C8600000000000000000000000000000000000C8
:10C8700000000000000000000000000000000000B8
:10C8800000000000000000000000000000000000A8
:10C890000000000000000000000000000000000098
:10C8A0000000000000000000000000000000000088
:10C8B0000000000000000000000000000000000078
:10C8C0000000000000000000000000000000000068
:10C8D0000000000000000000000000000000000058
:10C8E0000000000000000000000000000000000048
:10C8F0000000000000000000000000000000000038
:10C900000000000000000000000000000000000027
:10C910000000000000000000000000000000000017
:10C920000000000000000000000000000000000007
:10C9300000000000000000000000000000000000F7
:10C9400000000000000000000000000000000000E7
:10C9500000000000000000000000000000000000D7
:10C9600000000000000000000000000000000000C7
:10C9700000000000000000000000000000000000B7
:10C9800000000000000000000000000000000000A7
:10C990000000000000000000000000000000000097
:10C9A0000000000000000000000000000000000087
:10C9B0000000000000000000000000000000000077
:10C9C0000000000000000000000000000000000067
:10C9D0000000000000000000000000000000000057
:10C9E0000000000000000000000000000000000047
:10C9F0000000000000000000000000000000000037
:10CA00000000000000000000000000000000000026
:10CA10000000000000000000000000000000000016
:10CA20000000000000000000000000000000000006
:10CA300000000000000000000000000000000000F6
:10CA400000000000000000000000000000000000E6
:10CA500000000000000000000000000000000000D6
:10CA600000000000000000000000000000000000C6
:10CA700000000000000000000000000000000000B6
:10CA800000000000000000000000000000000000A6
:10CA90000000000000000000000000000000000096
:10CAA0000000000000000000000000000000000086
:10CAB0000000000000000000000000000000000076
:10CAC0000000000000000000000000000000000066
:10CAD0000000000000000000000000000000000056
:10CAE0000000000000000000000000000000000046
:10CAF0000000000000000000000000000000000036
:10CB00000000000000000000000000000000000025
:10CB10000000000000000000000000000000000015
:10CB20000000000000000000000000000000000005
:10CB300000000000000000000000000000000000F5
:10CB400000000000000000000000000000000000E5
:10CB500000000000000000000000000000000000D5
:10CB600000000000000000000000000000000000C5
:10CB700000000000000000000000000000000000B5
:10CB800000000000000000000000000000000000A5
:10CB90000000000000000000000000000000000095
:10CBA0000000000000000000000000000000000085
:10CBB0000000000000000000000000000000000075
:10CBC0000000000000000000000000000000000065
:10CBD0000000000000000000000000000000000055
:10CBE0000000000000000000000000000000000045
:10CBF0000000000000000000000000000000000035
:10CC00000000000000000000000000000000000024
:10CC10000000000000000000000000000000000014
:10CC20000000000000000000000000000000000004
:10CC300000000000000000000000000000000000F4
:10CC400000000000000000000000000000000000E4
:10CC500000000000000000000000000000000000D4
:10CC600000000000000000000000000000000000C4
:10CC700000000000000000000000000000000000B4
:10CC800000000000000000000000000000000000A4
:10CC90000000000000000000000000000000000094
:10CCA0000000000000000000000000000000000084
:10CCB0000000000000000000000000000000000074
:10CCC0000000000000000000000000000000000064
:10CCD0000000000000000000000000000000000054
:10CCE0000000000000000000000000000000000044
:10CCF0000000000000000000000000000000000034
:10CD00000000000000000000000000000000000023
:10CD10000000000000000000000000000000000013
:10CD20000000000000000000000000000000000003
:10CD300000000000000000000000000000000000F3
:10CD400000000000000000000000000000000000E3
:10CD500000000000000000000000000000000000D3
:10CD600000000000000000000000000000000000C3
:10CD700000000000000000000000000000000000B3
:10CD800000000000000000000000000000000000A3
:10CD90000000000000000000000000000000000093
:10CDA0000000000000000000000000000000000083
:10CDB0000000000000000000000000000000000073
:10CDC0000000000000000000000000000000000063
:10CDD0000000000000000000000000000000000053
:10CDE0000000000000000000000000000000000043
:10CDF0000000000000000000000000000000000033
:10CE00000000000000000000000000000000000022
:10CE10000000000000000000000000000000000012
:10CE20000000000000000000000000000000000002
:10CE300000000000000000000000000000000000F2
:10CE400000000000000000000000000000000000E2
:10CE500000000000000000000000000000000000D2
:10CE600000000000000000000000000000000000C2
:10CE700000000000000000000000000000000000B2
:10CE800000000000000000000000000000000000A2
:10CE90000000000000000000000000000000000092
:10CEA0000000000000000000000000000000000082
:10CEB0000000000000000000000000000000000072
:10CEC0000000000000000000000000000000000062
:10CED0000000000000000000000000000000000052
:10CEE0000000000000000000000000000000000042
:10CEF0000000000000000000000000000000000032
:10CF00000000000000000000000000000000000021
:10CF10000000000000000000000000000000000011
:10CF20000000000000000000000000000000000001
:10CF300000000000000000000000000000000000F1
:10CF400000000000000000000000000000000000E1
:10CF500000000000000000000000000000000000D1
:10CF600000000000000000000000000000000000C1
:10CF700000000000000000000000000000000000B1
:10CF800000000000000000000000000000000000A1
:10CF90000000000000000000000000000000000091
:10CFA0000000000000000000000000000000000081
:10CFB0000000000000000000000000000000000071
:10CFC0000000000000000000000000000000000061
:10CFD0000000000000000000000000000000000051
:10CFE0000000000000000000000000000000000041
:10CFF0000000000000000000000000000000000031
:10D000000000000000000000000000000000000020
:10D010000000000000000000000000000000000010
:10D020000000000000000000000000000000000000
:10D0300000000000000000000000000000000000F0
:10D0400000000000000000000000000000000000E0
:10D0500000000000000000000000000000000000D0
:10D0600000000000000000000000000000000000C0
:10D0700000000000000000000000000000000000B0
:10D0800000000000000000000000000000000000A0
:10D090000000000000000000000000000000000090
:10D0A0000000000000000000000000000000000080
:10D0B0000000000000000000000000000000000070
:10D0C0000000000000000000000000000000000060
:10D0D0000000000000000000000000000000000050
:10D0E0000000000000000000000000000000000040
:10D0F0000000000000000000000000000000000030
:10D10000000000000000000000000000000000001F
:10D11000000000000000000000000000000000000F
:10D1200000000000000000000000000000000000FF
:10D1300000000000000000000000000000000000EF
:10D1400000000000000000000000000000000000DF
:10D1500000000000000000000000000000000000CF
:10D1600000000000000000000000000000000000BF
:10D1700000000000000000000000000000000000AF
:10D18000000000000000000000000000000000009F
:10D19000000000000000000000000000000000008F
:10D1A000000000000000000000000000000000007F
:10D1B000000000000000000000000000000000006F
:10D1C000000000000000000000000000000000005F
:10D1D000000000000000000000000000000000004F
:10D1E000000000000000000000000000000000003F
:10D1F000000000000000000000000000000000002F
:10D20000000000000000000000000000000000001E
:10D21000000000000000000000000000000000000E
:10D2200000000000000000000000000000000000FE
:10D2300000000000000000000000000000000000EE
:10D2400000000000000000000000000000000000DE
:10D2500000000000000000000000000000000000CE
:10D2600000000000000000000000000000000000BE
:10D2700000000000000000000000000000000000AE
:10D28000000000000000000000000000000000009E
:10D29000000000000000000000000000000000008E
:10D2A000000000000000000000000000000000007E
:10D2B000000000000000000000000000000000006E
:10D2C000000000000000000000000000000000005E
:10D2D000000000000000000000000000000000004E
:10D2E000000000000000000000000000000000003E
:10D2F000000000000000000000000000000000002E
:10D30000000000000000000000000000000000001D
:10D31000000000000000000000000000000000000D
:10D3200000000000000000000000000000000000FD
:10D3300000000000000000000000000000000000ED
:10D3400000000000000000000000000000000000DD
:10D3500000000000000000000000000000000000CD
:10D3600000000000000000000000000000000000BD
:10D3700000000000000000000000000000000000AD
:10D38000000000000000000000000000000000009D
:10D39000000000000000000000000000000000008D
:10D3A000000000000000000000000000000000007D
:10D3B000000000000000000000000000000000006D
:10D3C000000000000000000000000000000000005D
:10D3D000000000000000000000000000000000004D
:10D3E000000000000000000000000000000000003D
:10D3F000000000000000000000000000000000002D
:10D40000000000000000000000000000000000001C
:10D41000000000000000000000000000000000000C
:10D4200000000000000000000000000000000000FC
:10D4300000000000000000000000000000000000EC
:10D4400000000000000000000000000000000000DC
:10D4500000000000000000000000000000000000CC
:10D4600000000000000000000000000000000000BC
:10D4700000000000000000000000000000000000AC
:10D48000000000000000000000000000000000009C
:10D49000000000000000000000000000000000008C
:10D4A000000000000000000000000000000000007C
:10D4B000000000000000000000000000000000006C
:10D4C000000000000000000000000000000000005C
:10D4D000000000000000000000000000000000004C
:10D4E000000000000000000000000000000000003C
:10D4F000000000000000000000000000000000002C
:10D50000000000000000000000000000000000001B
:10D51000000000000000000000000000000000000B
:10D5200000000000000000000000000000000000FB
:10D5300000000000000000000000000000000000EB
:10D5400000000000000000000000000000000000DB
:10D5500000000000000000000000000000000000CB
:10D5600000000000000000000000000000000000BB
:10D5700000000000000000000000000000000000AB
:10D58000000000000000000000000000000000009B
:10D59000000000000000000000000000000000008B
:10D5A000000000000000000000000000000000007B
:10D5B000000000000000000000000000000000006B
:10D5C000000000000000000000000000000000005B
:10D5D000000000000000000000000000000000004B
:10D5E000000000000000000000000000000000003B
:10D5F000000000000000000000000000000000002B
:10D60000000000000000000000000000000000001A
:10D61000000000000000000000000000000000000A
:10D6200000000000000000000000000000000000FA
:10D6300000000000000000000000000000000000EA
:10D6400000000000000000000000000000000000DA
:10D6500000000000000000000000000000000000CA
:10D6600000000000000000000000000000000000BA
:10D6700000000000000000000000000000000000AA
:10D68000000000000000000000000000000000009A
:10D69000000000000000000000000000000000008A
:10D6A000000000000000000000000000000000007A
:10D6B000000000000000000000000000000000006A
:10D6C000000000000000000000000000000000005A
:10D6D000000000000000000000000000000000004A
:10D6E000000000000000000000000000000000003A
:10D6F000000000000000000000000000000000002A
:10D700000000000000000000000000000000000019
:10D710000000000000000000000000000000000009
:10D7200000000000000000000000000000000000F9
:10D7300000000000000000000000000000000000E9
:10D7400000000000000000000000000000000000D9
:10D7500000000000000000000000000000000000C9
:10D7600000000000000000000000000000000000B9
:10D7700000000000000000000000000000000000A9
:10D780000000000000000000000000000000000099
:10D790000000000000000000000000000000000089
:10D7A0000000000000000000000000000000000079
:10D7B0000000000000000000000000000000000069
:10D7C0000000000000000000000000000000000059
:10D7D0000000000000000000000000000000000049
:10D7E0000000000000000000000000000000000039
:10D7F0000000000000000000000000000000000029
:10D800000000000000000000000000000000000018
:10D810000000000000000000000000000000000008
:10D8200000000000000000000000000000000000F8
:10D8300000000000000000000000000000000000E8
:10D8400000000000000000000000000000000000D8
:10D8500000000000000000000000000000000000C8
:10D8600000000000000000000000000000000000B8
:10D8700000000000000000000000000000000000A8
:10D880000000000000000000000000000000000098
:10D890000000000000000000000000000000000088
:10D8A0000000000000000000000000000000000078
:10D8B0000000000000000000000000000000000068
:10D8C0000000000000000000000000000000000058
:10D8D0000000000000000000000000000000000048
:10D8E0000000000000000000000000000000000038
:10D8F0000000000000000000000000000000000028
:10D900000000000000000000000000000000000017
:10D910000000000000000000000000000000000007
:10D9200000000000000000000000000000000000F7
:10D9300000000000000000000000000000000000E7
:10D9400000000000000000000000000000000000D7
:10D9500000000000000000000000000000000000C7
:10D9600000000000000000000000000000000000B7
:10D9700000000000000000000000000000000000A7
:10D980000000000000000000000000000000000097
:10D990000000000000000000000000000000000087
:10D9A0000000000000000000000000000000000077
:10D9B0000000000000000000000000000000000067
:10D9C0000000000000000000000000000000000057
:10D9D0000000000000000000000000000000000047
:10D9E0000000000000000000000000000000000037
:10D9F0000000000000000000000000000000000027
:10DA00000000000000000000000000000000000016
:10DA10000000000000000000000000000000000006
:10DA200000000000000000000000000000000000F6
:10DA300000000000000000000000000000000000E6
:10DA400000000000000000000000000000000000D6
:10DA500000000000000000000000000000000000C6
:10DA600000000000000000000000000000000000B6
:10DA700000000000000000000000000000000000A6
:10DA80000000000000000000000000000000000096
:10DA90000000000000000000000000000000000086
:10DAA0000000000000000000000000000000000076
:10DAB0000000000000000000000000000000000066
:10DAC0000000000000000000000000000000000056
:10DAD0000000000000000000000000000000000046
:10DAE0000000000000000000000000000000000036
:10DAF0000000000000000000000000000000000026
:10DB00000000000000000000000000000000000015
:10DB10000000000000000000000000000000000005
:10DB200000000000000000000000000000000000F5
:10DB300000000000000000000000000000000000E5
:10DB400000000000000000000000000000000000D5
:10DB500000000000000000000000000000000000C5
:10DB600000000000000000000000000000000000B5
:10DB700000000000000000000000000000000000A5
:10DB80000000000000000000000000000000000095
:10DB90000000000000000000000000000000000085
:10DBA0000000000000000000000000000000000075
:10DBB0000000000000000000000000000000000065
:10DBC0000000000000000000000000000000000055
:10DBD0000000000000000000000000000000000045
:10DBE0000000000000000000000000000000000035
:10DBF0000000000000000000000000000000000025
:10DC00000000000000000000000000000000000014
:10DC10000000000000000000000000000000000004
:10DC200000000000000000000000000000000000F4
:10DC300000000000000000000000000000000000E4
:10DC400000000000000000000000000000000000D4
:10DC500000000000000000000000000000000000C4
:10DC600000000000000000000000000000000000B4
:10DC700000000000000000000000000000000000A4
:10DC80000000000000000000000000000000000094
:10DC90000000000000000000000000000000000084
:10DCA0000000000000000000000000000000000074
:10DCB0000000000000000000000000000000000064
:10DCC0000000000000000000000000000000000054
:10DCD0000000000000000000000000000000000044
:10DCE0000000000000000000000000000000000034
:10DCF0000000000000000000000000000000000024
:10DD00000000000000000000000000000000000013
:10DD10000000000000000000000000000000000003
:10DD200000000000000000000000000000000000F3
:10DD300000000000000000000000000000000000E3
:10DD400000000000000000000000000000000000D3
:10DD500000000000000000000000000000000000C3
:10DD600000000000000000000000000000000000B3
:10DD700000000000000000000000000000000000A3
:10DD80000000000000000000000000000000000093
:10DD90000000000000000000000000000000000083
:10DDA0000000000000000000000000000000000073
:10DDB0000000000000000000000000000000000063
:10DDC0000000000000000000000000000000000053
:10DDD0000000000000000000000000000000000043
:10DDE0000000000000000000000000000000000033
:10DDF0000000000000000000000000000000000023
:10DE00000000000000000000000000000000000012
:10DE10000000000000000000000000000000000002
:10DE200000000000000000000000000000000000F2
:10DE300000000000000000000000000000000000E2
:10DE400000000000000000000000000000000000D2
:10DE500000000000000000000000000000000000C2
:10DE600000000000000000000000000000000000B2
:10DE700000000000000000000000000000000000A2
:10DE80000000000000000000000000000000000092
:10DE90000000000000000000000000000000000082
:10DEA0000000000000000000000000000000000072
:10DEB0000000000000000000000000000000000062
:10DEC0000000000000000000000000000000000052
:10DED0000000000000000000000000000000000042
:10DEE0000000000000000000000000000000000032
:10DEF0000000000000000000000000000000000022
:10DF00000000000000000000000000000000000011
:10DF10000000000000000000000000000000000001
:10DF200000000000000000000000000000000000F1
:10DF300000000000000000000000000000000000E1
:10DF400000000000000000000000000000000000D1
:10DF500000000000000000000000000000000000C1
:10DF600000000000000000000000000000000000B1
:10DF700000000000000000000000000000000000A1
:10DF80000000000000000000000000000000000091
:10DF90000000000000000000000000000000000081
:10DFA0000000000000000000000000000000000071
:10DFB0000000000000000000000000000000000061
:10DFC0000000000000000000000000000000000051
:10DFD0000000000000000000000000000000000041
:10DFE0000000000000000000000000000000000031
:10DFF0000000000000000000000000000000000021
:10E000000000000000000000000000000000000010
:10E010000000000000000000000000000000000000
:10E0200000000000000000000000000000000000F0
:10E0300000000000000000000000000000000000E0
:10E0400000000000000000000000000000000000D0
:10E0500000000000000000000000000000000000C0
:10E0600000000000000000000000000000000000B0
:10E0700000000000000000000000000000000000A0
:10E080000000000000000000000000000000000090
:10E090000000000000000000000000000000000080
:10E0A0000000000000000000000000000000000070
:10E0B0000000000000000000000000000000000060
:10E0C0000000000000000000000000000000000050
:10E0D0000000000000000000000000000000000040
:10E0E0000000000000000000000000000000000030
:10E0F0000000000000000000000000000000000020
:10E10000000000000000000000000000000000000F
:10E1100000000000000000000000000000000000FF
:10E1200000000000000000000000000000000000EF
:10E1300000000000000000000000000000000000DF
:10E1400000000000000000000000000000000000CF
:10E1500000000000000000000000000000000000BF
:10E1600000000000000000000000000000000000AF
:10E17000000000000000000000000000000000009F
:10E18000000000000000000000000000000000008F
:10E19000000000000000000000000000000000007F
:10E1A000000000000000000000000000000000006F
:10E1B000000000000000000000000000000000005F
:10E1C000000000000000000000000000000000004F
:10E1D000000000000000000000000000000000003F
:10E1E000000000000000000000000000000000002F
:10E1F000000000000000000000000000000000001F
:10E20000000000000000000000000000000000000E
:10E2100000000000000000000000000000000000FE
:10E2200000000000000000000000000000000000EE
:10E2300000000000000000000000000000000000DE
:10E2400000000000000000000000000000000000CE
:10E2500000000000000000000000000000000000BE
:10E2600000000000000000000000000000000000AE
:10E27000000000000000000000000000000000009E
:10E28000000000000000000000000000000000008E
:10E29000000000000000000000000000000000007E
:10E2A000000000000000000000000000000000006E
:10E2B000000000000000000000000000000000005E
:10E2C000000000000000000000000000000000004E
:10E2D000000000000000000000000000000000003E
:10E2E000000000000000000000000000000000002E
:10E2F000000000000000000000000000000000001E
:10E30000000000000000000000000000000000000D
:10E3100000000000000000000000000000000000FD
:10E3200000000000000000000000000000000000ED
:10E3300000000000000000000000000000000000DD
:10E3400000000000000000000000000000000000CD
:10E3500000000000000000000000000000000000BD
:10E3600000000000000000000000000000000000AD
:10E37000000000000000000000000000000000009D
:10E38000000000000000000000000000000000008D
:10E39000000000000000000000000000000000007D
:10E3A000000000000000000000000000000000006D
:10E3B000000000000000000000000000000000005D
:10E3C000000000000000000000000000000000004D
:10E3D000000000000000000000000000000000003D
:10E3E000000000000000000000000000000000002D
:10E3F000000000000000000000000000000000001D
:10E40000000000000000000000000000000000000C
:10E4100000000000000000000000000000000000FC
:10E4200000000000000000000000000000000000EC
:10E4300000000000000000000000000000000000DC
:10E4400000000000000000000000000000000000CC
:10E4500000000000000000000000000000000000BC
:10E4600000000000000000000000000000000000AC
:10E47000000000000000000000000000000000009C
:10E48000000000000000000000000000000000008C
:10E49000000000000000000000000000000000007C
:10E4A000000000000000000000000000000000006C
:10E4B000000000000000000000000000000000005C
:10E4C000000000000000000000000000000000004C
:10E4D000000000000000000000000000000000003C
:10E4E000000000000000000000000000000000002C
:10E4F000000000000000000000000000000000001C
:10E50000000000000000000000000000000000000B
:10E5100000000000000000000000000000000000FB
:10E5200000000000000000000000000000000000EB
:10E5300000000000000000000000000000000000DB
:10E5400000000000000000000000000000000000CB
:10E5500000000000000000000000000000000000BB
:10E5600000000000000000000000000000000000AB
:10E57000000000000000000000000000000000009B
:10E58000000000000000000000000000000000008B
:10E59000000000000000000000000000000000007B
:10E5A000000000000000000000000000000000006B
:10E5B000000000000000000000000000000000005B
:10E5C000000000000000000000000000000000004B
:10E5D000000000000000000000000000000000003B
:10E5E000000000000000000000000000000000002B
:10E5F000000000000000000000000000000000001B
:10E60000000000000000000000000000000000000A
:10E6100000000000000000000000000000000000FA
:10E6200000000000000000000000000000000000EA
:10E6300000000000000000000000000000000000DA
:10E6400000000000000000000000000000000000CA
:10E6500000000000000000000000000000000000BA
:10E6600000000000000000000000000000000000AA
:10E67000000000000000000000000000000000009A
:10E68000000000000000000000000000000000008A
:10E69000000000000000000000000000000000007A
:10E6A000000000000000000000000000000000006A
:10E6B000000000000000000000000000000000005A
:10E6C000000000000000000000000000000000004A
:10E6D000000000000000000000000000000000003A
:10E6E000000000000000000000000000000000002A
:10E6F000000000000000000000000000000000001A
:10E700000000000000000000000000000000000009
:10E7100000000000000000000000000000000000F9
:10E7200000000000000000000000000000000000E9
:10E7300000000000000000000000000000000000D9
:10E7400000000000000000000000000000000000C9
:10E7500000000000000000000000000000000000B9
:10E7600000000000000000000000000000000000A9
:10E770000000000000000000000000000000000099
:10E780000000000000000000000000000000000089
:10E790000000000000000000000000000000000079
:10E7A0000000000000000000000000000000000069
:10E7B0000000000000000000000000000000000059
:10E7C0000000000000000000000000000000000049
:10E7D0000000000000000000000000000000000039
:10E7E0000000000000000000000000000000000029
:10E7F0000000000000000000000000000000000019
:10E800000000000000000000000000000000000008
:10E8100000000000000000000000000000000000F8
:10E8200000000000000000000000000000000000E8
:10E8300000000000000000000000000000000000D8
:10E8400000000000000000000000000000000000C8
:10E8500000000000000000000000000000000000B8
:10E8600000000000000000000000000000000000A8
:10E870000000000000000000000000000000000098
:10E880000000000000000000000000000000000088
:10E890000000000000000000000000000000000078
:10E8A0000000000000000000000000000000000068
:10E8B0000000000000000000000000000000000058
:10E8C0000000000000000000000000000000000048
:10E8D0000000000000000000000000000000000038
:10E8E0000000000000000000000000000000000028
:10E8F0000000000000000000000000000000000018
:10E900000000000000000000000000000000000007
:10E9100000000000000000000000000000000000F7
:10E9200000000000000000000000000000000000E7
:10E9300000000000000000000000000000000000D7
:10E9400000000000000000000000000000000000C7
:10E9500000000000000000000000000000000000B7
:10E9600000000000000000000000000000000000A7
:10E970000000000000000000000000000000000097
:10E980000000000000000000000000000000000087
:10E990000000000000000000000000000000000077
:10E9A0000000000000000000000000000000000067
:10E9B0000000000000000000000000000000000057
:10E9C0000000000000000000000000000000000047
:10E9D0000000000000000000000000000000000037
:10E9E0000000000000000000000000000000000027
:10E9F0000000000000000000000000000000000017
:10EA00000000000000000000000000000000000006
:10EA100000000000000000000000000000000000F6
:10EA200000000000000000000000000000000000E6
:10EA300000000000000000000000000000000000D6
:10EA400000000000000000000000000000000000C6
:10EA500000000000000000000000000000000000B6
:10EA600000000000000000000000000000000000A6
:10EA70000000000000000000000000000000000096
:10EA80000000000000000000000000000000000086
:10EA90000000000000000000000000000000000076
:10EAA0000000000000000000000000000000000066
:10EAB0000000000000000000000000000000000056
:10EAC0000000000000000000000000000000000046
:10EAD0000000000000000000000000000000000036
:10EAE0000000000000000000000000000000000026
:10EAF0000000000000000000000000000000000016
:10EB00000000000000000000000000000000000005
:10EB100000000000000000000000000000000000F5
:10EB200000000000000000000000000000000000E5
:10EB300000000000000000000000000000000000D5
:10EB400000000000000000000000000000000000C5
:10EB500000000000000000000000000000000000B5
:10EB600000000000000000000000000000000000A5
:10EB70000000000000000000000000000000000095
:10EB80000000000000000000000000000000000085
:10EB90000000000000000000000000000000000075
:10EBA0000000000000000000000000000000000065
:10EBB0000000000000000000000000000000000055
:10EBC0000000000000000000000000000000000045
:10EBD0000000000000000000000000000000000035
:10EBE0000000000000000000000000000000000025
:10EBF0000000000000000000000000000000000015
:10EC00000000000000000000000000000000000004
:10EC100000000000000000000000000000000000F4
:10EC200000000000000000000000000000000000E4
:10EC300000000000000000000000000000000000D4
:10EC400000000000000000000000000000000000C4
:10EC500000000000000000000000000000000000B4
:10EC600000000000000000000000000000000000A4
:10EC70000000000000000000000000000000000094
:10EC80000000000000000000000000000000000084
:10EC90000000000000000000000000000000000074
:10ECA0000000000000000000000000000000000064
:10ECB0000000000000000000000000000000000054
:10ECC0000000000000000000000000000000000044
:10ECD0000000000000000000000000000000000034
:10ECE0000000000000000000000000000000000024
:10ECF0000000000000000000000000000000000014
:10ED00000000000000000000000000000000000003
:10ED100000000000000000000000000000000000F3
:10ED200000000000000000000000000000000000E3
:10ED300000000000000000000000000000000000D3
:10ED400000000000000000000000000000000000C3
:10ED500000000000000000000000000000000000B3
:10ED600000000000000000000000000000000000A3
:10ED70000000000000000000000000000000000093
:10ED80000000000000000000000000000000000083
:10ED90000000000000000000000000000000000073
:10EDA0000000000000000000000000000000000063
:10EDB0000000000000000000000000000000000053
:10EDC0000000000000000000000000000000000043
:10EDD0000000000000000000000000000000000033
:10EDE0000000000000000000000000000000000023
:10EDF0000000000000000000000000000000000013
:10EE00000000000000000000000000000000000002
:10EE100000000000000000000000000000000000F2
:10EE200000000000000000000000000000000000E2
:10EE300000000000000000000000000000000000D2
:10EE400000000000000000000000000000000000C2
:10EE500000000000000000000000000000000000B2
:10EE600000000000000000000000000000000000A2
:10EE70000000000000000000000000000000000092
:10EE80000000000000000000000000000000000082
:10EE90000000000000000000000000000000000072
:10EEA0000000000000000000000000000000000062
:10EEB0000000000000000000000000000000000052
:10EEC0000000000000000000000000000000000042
:10EED0000000000000000000000000000000000032
:10EEE0000000000000000000000000000000000022
:10EEF0000000000000000000000000000000000012
:10EF00000000000000000000000000000000000001
:10EF100000000000000000000000000000000000F1
:10EF200000000000000000000000000000000000E1
:10EF300000000000000000000000000000000000D1
:10EF400000000000000000000000000000000000C1
:10EF500000000000000000000000000000000000B1
:10EF600000000000000000000000000000000000A1
:10EF70000000000000000000000000000000000091
:10EF80000000000000000000000000000000000081
:10EF90000000000000000000000000000000000071
:10EFA0000000000000000000000000000000000061
:10EFB0000000000000000000000000000000000051
:10EFC0000000000000000000000000000000000041
:10EFD0000000000000000000000000000000000031
:10EFE0000000000000000000000000000000000021
:10EFF0000000000000000000000000000000000011
:10F000000000000000000000000000000000000000
:10F0100000000000000000000000000000000000F0
:10F0200000000000000000000000000000000000E0
:10F0300000000000000000000000000000000000D0
:10F0400000000000000000000000000000000000C0
:10F0500000000000000000000000000000000000B0
:10F0600000000000000000000000000000000000A0
:10F070000000000000000000000000000000000090
:10F080000000000000000000000000000000000080
:10F090000000000000000000000000000000000070
:10F0A0000000000000000000000000000000000060
:10F0B0000000000000000000000000000000000050
:10F0C0000000000000000000000000000000000040
:10F0D0000000000000000000000000000000000030
:10F0E0000000000000000000000000000000000020
:10F0F0000000000000000000000000000000000010
:10F1000000000000000000000000000000000000FF
:10F1100000000000000000000000000000000000EF
:10F1200000000000000000000000000000000000DF
:10F1300000000000000000000000000000000000CF
:10F1400000000000000000000000000000000000BF
:10F1500000000000000000000000000000000000AF
:10F16000000000000000000000000000000000009F
:10F17000000000000000000000000000000000008F
:10F18000000000000000000000000000000000007F
:10F19000000000000000000000000000000000006F
:10F1A000000000000000000000000000000000005F
:10F1B000000000000000000000000000000000004F
:10F1C000000000000000000000000000000000003F
:10F1D000000000000000000000000000000000002F
:10F1E000000000000000000000000000000000001F
:10F1F000000000000000000000000000000000000F
:10F2000000000000000000000000000000000000FE
:10F2100000000000000000000000000000000000EE
:10F2200000000000000000000000000000000000DE
:10F2300000000000000000000000000000000000CE
:10F2400000000000000000000000000000000000BE
:10F2500000000000000000000000000000000000AE
:10F26000000000000000000000000000000000009E
:10F27000000000000000000000000000000000008E
:10F28000000000000000000000000000000000007E
:10F29000000000000000000000000000000000006E
:10F2A000000000000000000000000000000000005E
:10F2B000000000000000000000000000000000004E
:10F2C000000000000000000000000000000000003E
:10F2D000000000000000000000000000000000002E
:10F2E000000000000000000000000000000000001E
:10F2F000000000000000000000000000000000000E
:10F3000000000000000000000000000000000000FD
:10F3100000000000000000000000000000000000ED
:10F3200000000000000000000000000000000000DD
:10F3300000000000000000000000000000000000CD
:10F3400000000000000000000000000000000000BD
:10F3500000000000000000000000000000000000AD
:10F36000000000000000000000000000000000009D
:10F37000000000000000000000000000000000008D
:10F38000000000000000000000000000000000007D
:10F39000000000000000000000000000000000006D
:10F3A000000000000000000000000000000000005D
:10F3B000000000000000000000000000000000004D
:10F3C000000000000000000000000000000000003D
:10F3D000000000000000000000000000000000002D
:10F3E000000000000000000000000000000000001D
:10F3F000000000000000000000000000000000000D
:10F4000000000000000000000000000000000000FC
:10F4100000000000000000000000000000000000EC
:10F4200000000000000000000000000000000000DC
:10F4300000000000000000000000000000000000CC
:10F4400000000000000000000000000000000000BC
:10F4500000000000000000000000000000000000AC
:10F46000000000000000000000000000000000009C
:10F47000000000000000000000000000000000008C
:10F48000000000000000000000000000000000007C
:10F49000000000000000000000000000000000006C
:10F4A000000000000000000000000000000000005C
:10F4B000000000000000000000000000000000004C
:10F4C000000000000000000000000000000000003C
:10F4D000000000000000000000000000000000002C
:10F4E000000000000000000000000000000000001C
:10F4F000000000000000000000000000000000000C
:10F5000000000000000000000000000000000000FB
:10F5100000000000000000000000000000000000EB
:10F5200000000000000000000000000000000000DB
:10F5300000000000000000000000000000000000CB
:10F5400000000000000000000000000000000000BB
:10F5500000000000000000000000000000000000AB
:10F56000000000000000000000000000000000009B
:10F57000000000000000000000000000000000008B
:10F58000000000000000000000000000000000007B
:10F59000000000000000000000000000000000006B
:10F5A000000000000000000000000000000000005B
:10F5B000000000000000000000000000000000004B
:10F5C000000000000000000000000000000000003B
:10F5D000000000000000000000000000000000002B
:10F5E000000000000000000000000000000000001B
:10F5F000000000000000000000000000000000000B
:10F6000000000000000000000000000000000000FA
:10F6100000000000000000000000000000000000EA
:10F6200000000000000000000000000000000000DA
:10F6300000000000000000000000000000000000CA
:10F6400000000000000000000000000000000000BA
:10F6500000000000000000000000000000000000AA
:10F66000000000000000000000000000000000009A
:10F67000000000000000000000000000000000008A
:10F68000000000000000000000000000000000007A
:10F69000000000000000000000000000000000006A
:10F6A000000000000000000000000000000000005A
:10F6B000000000000000000000000000000000004A
:10F6C000000000000000000000000000000000003A
:10F6D000000000000000000000000000000000002A
:10F6E000000000000000000000000000000000001A
:10F6F000000000000000000000000000000000000A
:10F7000000000000000000000000000000000000F9
:10F7100000000000000000000000000000000000E9
:10F7200000000000000000000000000000000000D9
:10F7300000000000000000000000000000000000C9
:10F7400000000000000000000000000000000000B9
:10F7500000000000000000000000000000000000A9
:10F760000000000000000000000000000000000099
:10F770000000000000000000000000000000000089
:10F780000000000000000000000000000000000079
:10F790000000000000000000000000000000000069
:10F7A0000000000000000000000000000000000059
:10F7B0000000000000000000000000000000000049
:10F7C0000000000000000000000000000000000039
:10F7D0000000000000000000000000000000000029
:10F7E0000000000000000000000000000000000019
:10F7F0000000000000000000000000000000000009
:10F8000000000000000000000000000000000000F8
:10F8100000000000000000000000000000000000E8
:10F8200000000000000000000000000000000000D8
:10F8300000000000000000000000000000000000C8
:10F8400000000000000000000000000000000000B8
:10F8500000000000000000000000000000000000A8
:10F860000000000000000000000000000000000098
:10F870000000000000000000000000000000000088
:10F880000000000000000000000000000000000078
:10F890000000000000000000000000000000000068
:10F8A0000000000000000000000000000000000058
:10F8B0000000000000000000000000000000000048
:10F8C0000000000000000000000000000000000038
:10F8D0000000000000000000000000000000000028
:10F8E0000000000000000000000000000000000018
:10F8F0000000000000000000000000000000000008
:10F9000000000000000000000000000000000000F7
:10F9100000000000000000000000000000000000E7
:10F9200000000000000000000000000000000000D7
:10F9300000000000000000000000000000000000C7
:10F9400000000000000000000000000000000000B7
:10F9500000000000000000000000000000000000A7
:10F960000000000000000000000000000000000097
:10F970000000000000000000000000000000000087
:10F980000000000000000000000000000000000077
:10F990000000000000000000000000000000000067
:10F9A0000000000000000000000000000000000057
:10F9B0000000000000000000000000000000000047
:10F9C0000000000000000000000000000000000037
:10F9D0000000000000000000000000000000000027
:10F9E0000000000000000000000000000000000017
:10F9F0000000000000000000000000000000000007
:10FA000000000000000000000000000000000000F6
:10FA100000000000000000000000000000000000E6
:10FA200000000000000000000000000000000000D6
:10FA300000000000000000000000000000000000C6
:10FA400000000000000000000000000000000000B6
:10FA500000000000000000000000000000000000A6
:10FA60000000000000000000000000000000000096
:10FA70000000000000000000000000000000000086
:10FA80000000000000000000000000000000000076
:10FA90000000000000000000000000000000000066
:10FAA0000000000000000000000000000000000056
:10FAB0000000000000000000000000000000000046
:10FAC0000000000000000000000000000000000036
:10FAD0000000000000000000000000000000000026
:10FAE0000000000000000000000000000000000016
:10FAF0000000000000000000000000000000000006
:10FB000000000000000000000000000000000000F5
:10FB100000000000000000000000000000000000E5
:10FB200000000000000000000000000000000000D5
:10FB300000000000000000000000000000000000C5
:10FB400000000000000000000000000000000000B5
:10FB500000000000000000000000000000000000A5
:10FB60000000000000000000000000000000000095
:10FB70000000000000000000000000000000000085
:10FB80000000000000000000000000000000000075
:10FB90000000000000000000000000000000000065
:10FBA0000000000000000000000000000000000055
:10FBB0000000000000000000000000000000000045
:10FBC0000000000000000000000000000000000035
:10FBD0000000000000000000000000000000000025
:10FBE0000000000000000000000000000000000015
:10FBF0000000000000000000000000000000000005
:10FC000000000000000000000000000000000000F4
:10FC100000000000000000000000000000000000E4
:10FC200000000000000000000000000000000000D4
:10FC300000000000000000000000000000000000C4
:10FC400000000000000000000000000000000000B4
:10FC500000000000000000000000000000000000A4
:10FC60000000000000000000000000000000000094
:10FC70000000000000000000000000000000000084
:10FC80000000000000000000000000000000000074
:10FC90000000000000000000000000000000000064
:10FCA0000000000000000000000000000000000054
:10FCB0000000000000000000000000000000000044
:10FCC0000000000000000000000000000000000034
:10FCD0000000000000000000000000000000000024
:10FCE0000000000000000000000000000000000014
:10FCF0000000000000000000000000000000000004
:10FD000000000000000000000000000000000000F3
:10FD100000000000000000000000000000000000E3
:10FD200000000000000000000000000000000000D3
:10FD300000000000000000000000000000000000C3
:10FD400000000000000000000000000000000000B3
:10FD500000000000000000000000000000000000A3
:10FD60000000000000000000000000000000000093
:10FD70000000000000000000000000000000000083
:10FD80000000000000000000000000000000000073
:10FD90000000000000000000000000000000000063
:10FDA0000000000000000000000000000000000053
:10FDB0000000000000000000000000000000000043
:10FDC0000000000000000000000000000000000033
:10FDD0000000000000000000000000000000000023
:10FDE0000000000000000000000000000000000013
:10FDF0000000000000000000000000000000000003
:10FE000000000000000000000000000000000000F2
:10FE100000000000000000000000000000000000E2
:10FE200000000000000000000000000000000000D2
:10FE300000000000000000000000000000000000C2
:10FE400000000000000000000000000000000000B2
:10FE500000000000000000000000000000000000A2
:10FE60000000000000000000000000000000000092
:10FE70000000000000000000000000000000000082
:10FE80000000000000000000000000000000000072
:10FE90000000000000000000000000000000000062
:10FEA0000000000000000000000000000000000052
:10FEB0000000000000000000000000000000000042
:10FEC0000000000000000000000000000000000032
:10FED0000000000000000000000000000000000022
:10FEE0000000000000000000000000000000000012
:10FEF0000000000000000000000000000000000002
:10FF000000000000000000000000000000000000F1
:10FF100000000000000000000000000000000000E1
:10FF200000000000000000000000000000000000D1
:10FF300000000000000000000000000000000000C1
:10FF400000000000000000000000000000000000B1
:10FF500000000000000000000000000000000000A1
:10FF60000000000000000000000000000000000091
:10FF70000000000000000000000000000000000081
:10FF80000000000000000000000000000000000071
:10FF90000000000000000000000000000000000061
:10FFA0000000000000000000000000000000000051
:10FFB0000000000000000000000000000000000041
:10FFC0000000000000000000000000000000000031
:10FFD0000000000000000000000000000000000021
:10FFE0004C5353502D4649524D57415245766572F8
:10FFF0003030312E3030342E303030303831340023
:040000050804B465D2
:00000001FF
